timestamp,vol_total,occ_total,util_mean,price_mean,dur_mean,hour,day_of_week,is_weekend,is_peak,is_off_peak,is_congested,is_low_demand,pred_volume,pred_util,prob_congest,pred_load_kW,tariff_mult,dynamic_price,pricing_signal,demand_response,vol_shifted,rev_baseline,rev_dynamic
2022-07-13 04:45:00,12337.941666863,6653,0.3395128242641439,0.9115231461497972,1.9004723346963563,4,2,0,0,1,0,0,12344.435289050563,0.3396148212231916,0.0,86411.04702335394,1.0094222318347874,0.9676025802308781,BASELINE,0.9971733304495638,12309.541649701674,157418.2106755252,158452.27968517327
2022-07-13 04:50:00,12337.941666863,6648,0.33985780503936536,0.9115231461497972,1.9004723346963563,4,2,0,0,1,0,0,12299.179293109528,0.3396361368376404,0.0,86094.2550517667,1.0094542052564606,0.9676332290162268,BASELINE,0.9971637384230618,12264.295603452607,156841.09898620425,157874.85891473616
2022-07-13 04:55:00,12393.305000063,6611,0.3376577078412175,0.9115231461497972,1.9009311741052632,4,2,0,0,1,0,0,12317.909026044945,0.34007233056262776,0.0,86225.36318231461,1.0101084958439417,0.9682604128058258,BASELINE,0.9969674512468175,12280.554366386197,157117.8680352711,158224.8093857996
2022-07-13 05:00:00,12419.358333281998,6594,0.3369595301193203,0.9115231461497972,1.9011470985182188,5,2,0,0,1,0,0,12400.122196748085,0.3380951051419761,0.0,86800.8553772366,1.007142657712964,0.9654174472582324,BASELINE,0.9978572026861108,12373.551248212994,158184.48257768288,158972.9618520096
2022-07-13 05:05:00,12419.358333281998,6581,0.336481985737478,0.9115231461497972,1.9011470985182188,5,2,0,0,1,0,0,12440.212593889935,0.337817284458812,0.0,87081.48815722954,1.006725926688218,0.9650179811061212,BASELINE,0.9979822219935346,12415.111006522231,158695.90324173737,159440.91341952726
2022-07-13 05:10:00,12543.027222752999,6583,0.3366950319251587,0.9115231461497972,1.9027372919554657,5,2,0,0,1,0,0,12483.370435017137,0.33666112590034253,0.0,87383.59304511997,1.004991688850514,0.9633555915197077,BASELINE,0.9985024933448458,12464.676504711944,159379.65426305644,159935.36443645967
2022-07-13 05:15:00,12603.025000038,6590,0.3370218262645559,0.9115231461497972,1.9035087719514168,5,2,0,0,1,0,0,12587.15613119429,0.33673960932669145,0.0,88110.09291836002,1.0051094139900372,0.9634684393896755,BASELINE,0.9984671758029888,12567.862233704838,160769.88236937448,161343.63116674888
2022-07-13 05:20:00,12603.025000038,6599,0.33743830404228575,0.9115231461497972,1.9035087719514168,5,2,0,0,1,0,0,12611.827318028334,0.3380272644676067,0.0,88282.79122619834,1.00704089670141,0.9653199021336638,BASELINE,0.9978877309895771,12585.187746019657,161084.9959473647,161876.52821977774
2022-07-13 05:25:00,13146.231666645002,6616,0.3389232021430931,0.9115231461497972,1.9161268556234818,5,2,0,0,1,0,0,12890.912422605012,0.33818565127055406,0.0,90236.38695823509,1.0072784769058312,0.9655476395576671,BASELINE,0.9978164569282507,12862.764560096106,165741.05845426218,166582.8640799429
2022-07-13 05:30:00,13401.858333360997,6630,0.3397468791093975,0.9115231461497972,1.9220647773481785,5,2,0,0,1,0,0,13242.045239321104,0.3391863464936001,0.0,92694.31667524773,1.0087795197404001,0.966986495245565,BASELINE,0.9973661440778799,13207.167600046536,170783.25226203928,171828.87952600632
2022-07-13 05:35:00,13467.030833703997,6642,0.3401832948424555,0.9115231461497972,1.9254217274089067,5,2,0,0,1,0,0,13527.565384266089,0.3397953023046397,0.0,94692.95768986263,1.0096929534569596,0.9678620860470538,BASELINE,0.9970921139629121,13488.228765769387,174770.32840166663,175951.23078568687
2022-07-13 05:40:00,13500.108333281,6648,0.3410087758662152,0.9115231461497972,1.9271255061295545,5,2,0,0,1,0,0,13464.465505871172,0.340537472889076,0.0,94251.25854109821,1.010806209333614,0.9689292205173835,BASELINE,0.9967581371999158,13420.815556024672,174109.0355396943,175419.9571882147
2022-07-13 05:45:00,13500.108333281,6654,0.34167537306528617,0.9115231461497972,1.9271255061295545,5,2,0,0,1,0,0,13486.598047217958,0.34126107049297316,0.0,94406.1863305257,1.0118916057394598,0.9699696497151441,BASELINE,0.996432518278162,13438.484855194733,174395.23148458725,175839.52063562282
2022-07-13 05:50:00,13580.631666502997,6650,0.3421947648445757,0.9115231461497972,1.9273538012105265,5,2,0,0,1,0,0,13523.72387264452,0.34193464001503804,0.0,94666.06710851163,1.012901960022557,0.9709381457324107,BASELINE,0.9961294119932329,13471.379109216232,174896.02205756158,176466.83910926135
2022-07-13 05:55:00,13608.858333302005,6655,0.34257931417272275,0.9115231461497972,1.9272323436882595,5,2,0,0,1,0,0,13637.642390959752,0.34183975790505067,0.0,95463.49673671827,1.012759636857576,0.9708017189158424,BASELINE,0.9961721089427272,13585.438981609113,176358.162799376,177924.7353057735
2022-07-13 06:00:00,13876.140833106001,6658,0.34340936684567064,0.9115231461497972,1.932165991935223,6,2,0,0,0,0,0,13750.689550719648,0.3424416721278758,0.0,96254.82685503754,1.0136625081918136,0.9716671849270644,BASELINE,0.9959012475424559,13694.32887813071,178275.27013789976,179970.2679954944
2022-07-13 06:05:00,14095.733333212003,6663,0.3434968245205761,0.9115231461497972,1.9362348178663973,6,2,0,0,0,0,0,13972.44473075843,0.3435980716513339,0.0,97807.11311530901,1.0153971074770007,0.9733299209864466,BASELINE,0.9953808677568998,13907.90416078765,181531.75993286187,183475.39397525674
2022-07-13 06:10:00,14085.633333212005,6671,0.3441225681639698,0.9115231461497972,1.936007647376519,6,2,0,0,0,0,0,14083.587527509322,0.34409182400388566,0.0,98585.11269256525,1.0161377360058284,0.9740398657973347,BASELINE,0.9951586791982515,14015.404362249146,182954.27333881232,185006.7069302046
2022-07-13 06:15:00,14209.28305571401,6673,0.34434496781394247,0.9115231461497972,1.938214125097166,6,2,0,0,0,0,0,14257.301882045716,0.3441441935853025,0.0,99801.11317432001,1.0162162903779537,0.9741151657171896,BASELINE,0.9951351128866139,14187.941717848098,185422.01312623362,187512.18515047777
2022-07-13 06:20:00,14267.941666471006,6681,0.3451654643218599,0.9115231461497972,1.9392712550850206,6,2,0,0,0,0,0,14316.24673360621,0.3441744488404595,0.0,100213.72713524346,1.0162616732606893,0.9741586684190802,BASELINE,0.9951214980217932,14246.404895595813,186290.16486966165,188395.95884051794
2022-07-13 06:25:00,14274.007222061004,6682,0.345596753963442,0.9115231461497972,1.9392712550890692,6,2,0,0,0,0,0,14307.378600492291,0.34411915604670473,0.0,100151.65020344604,1.0161787340700572,0.9740791653406589,BASELINE,0.9951463797789828,14237.936018407194,186174.76828527366,188268.59927803325
2022-07-13 06:30:00,14391.358333474,6670,0.3455943114953854,0.9115231461497972,1.9325236167813764,6,2,0,0,0,0,0,14284.910772385045,0.3442702753958004,0.0,99994.37540669531,1.0164054130937006,0.9742964532121206,BASELINE,0.9950783760718899,14214.605813716757,185235.63320487892,187347.88400161135
2022-07-13 06:35:00,14461.120833306999,6686,0.3470168505008586,0.9115231461497972,1.9291497976113359,6,2,0,0,0,0,0,14478.336506731579,0.344205515471316,0.0,101348.35554712106,1.016308273206974,0.9742033377624348,BASELINE,0.9951075180379079,14407.501506531295,187416.06290378008,189540.61201365126
2022-07-13 06:40:00,14466.899999947,6699,0.3479062422193078,0.9115231461497972,1.9291497976072873,6,2,0,0,0,0,0,14561.346794606969,0.34570956967141997,0.0,101929.42756224878,1.01856435450713,0.9763659512044567,BASELINE,0.994430693647861,14480.250193408065,188490.5966612428,190920.55288998026
2022-07-13 06:45:00,14457.285694312006,6706,0.3481571738141529,0.9115231461497972,1.9024392712510128,6,2,0,0,0,0,0,14566.393927553949,0.346711965346682,0.0,101964.75749287764,1.020067948020023,0.9778072518978734,BASELINE,0.9939796155939931,14478.698636700748,185945.23138746232,188534.84355346148
2022-07-13 06:50:00,14452.691666526,6664,0.34620509625368234,0.9115231461497972,1.889676113384615,6,2,0,0,0,0,0,14559.364734204091,0.3483315862276657,0.0,101915.55313942864,1.0224973793414986,0.9801360335920122,BASELINE,0.9932507861975504,14461.100468785102,184608.62667292703,187487.8429814007
2022-07-13 06:55:00,14452.691666526,6615,0.3446134495071266,0.9115231461497972,1.889676113384615,6,2,0,0,0,0,0,14555.193575446903,0.34667732658017586,0.0,101886.35502812832,1.0200159898702639,0.9777574463376376,BASELINE,0.9939952030389209,14467.792593297141,184555.7375597097,187119.40148622496
2022-07-13 07:00:00,14338.768055897006,6495,0.3360559315063143,0.9338524911497973,1.8543072424696372,7,2,0,0,0,0,0,14538.93806911158,0.34390492361349395,0.0,101772.56648378106,1.015857385420241,0.9737711299389116,BASELINE,0.9952427843739277,14469.773205742704,180899.16966474787,182893.53467267935
2022-07-13 07:05:00,14251.649999796995,6394,0.33197827942872704,0.9338524911497973,1.8272604588542511,7,2,0,0,0,0,0,14265.087780444675,0.3346802919774051,0.0,99855.61446311272,1.0020204379661077,0.9605074374652453,BASELINE,0.9993938686101677,14256.441262962235,174902.93490120175,175150.0870772106
2022-07-13 07:10:00,14251.649999796995,6301,0.3277940537507468,0.9338524911497973,1.8272604588542511,7,2,0,0,0,0,0,14163.222468477585,0.32854601320088256,0.0,99142.55727934309,0.9928190198013238,0.9516872275696846,BASELINE,1.0021542940596029,14193.73421450626,173653.9736398421,172778.38320048052
2022-07-13 07:15:00,13879.691971995993,6200,0.32140186937408577,0.9338524911497973,1.7765789473805669,7,2,0,0,0,0,0,14047.944752341755,0.3220339323106002,0.0,98335.61326639229,0.9830508984659003,0.9423237926164201,BASELINE,1.00508473046023,14119.374764927614,167463.24182546762,165461.96353094451
2022-07-13 07:20:00,13701.958333469987,6126,0.3184498673459104,0.9338524911497973,1.752361673417004,7,2,0,0,0,0,0,13744.17700108136,0.317191313502832,0.0,96209.23900756951,0.975786970254248,0.9353608038308144,BASELINE,1.0072639089237256,13844.013451048779,161608.67803307113,158841.12908805438
2022-07-13 07:25:00,13701.958333469987,6040,0.3146719497714817,0.9338524911497973,1.752361673417004,7,2,0,0,0,0,0,13651.398997501372,0.31393804455653834,0.0,95559.7929825096,0.9709070668348075,0.9306830713705877,BASELINE,1.0087278799495578,13770.546769095077,160517.7629125856,157208.05151816257
2022-07-13 07:30:00,13519.55083330699,5916,0.30821303181973203,0.9338524911497973,1.6951720647732789,7,2,0,0,0,0,0,13560.669182434904,0.3114352207840115,0.0,94924.68427704432,0.9671528311760172,0.9270843710490807,BASELINE,1.0098541506471947,13694.298059435388,154247.13298484092,150650.59899387526
2022-07-13 07:35:00,13429.708333304,5825,0.30366554239436094,0.9338524911497973,1.6670040485789468,7,2,0,0,0,0,0,13356.77161195539,0.30379127018523155,0.0,93497.40128368772,0.9556869052778474,0.9160934703794578,BASELINE,1.0132939284166458,13534.33557764221,149403.35388483765,144680.97361901824
2022-07-13 07:40:00,12900.617222448996,5694,0.296267251474942,0.9338524911497973,1.6105757984696356,7,2,0,0,0,0,1,13097.423366578552,0.29983770110542624,0.0,91681.96356604986,0.75,0.7189280286150213,DISCOUNT,1.075,14079.730119071943,141543.2708079876,114119.26208894
2022-07-13 07:45:00,12619.875000139,5597,0.2917925329051346,0.9338524911497973,1.5806342779797573,7,2,0,0,0,0,1,12675.637779009456,0.29170195803465554,0.0,88729.46445306619,0.75,0.7189280286150213,DISCOUNT,1.075,13626.310612435163,134438.42268107386,108390.9782866158
2022-07-13 07:50:00,12619.875000139,5508,0.2880087936839431,0.9338524911497973,1.5806342779797573,7,2,0,0,0,0,1,12478.733628093987,0.2866707616812275,0.0,87351.1353966579,0.75,0.7189280286150213,DISCOUNT,1.075,13414.638650201035,132350.0478055889,106707.22604325603
2022-07-13 07:55:00,11565.733333443988,5378,0.2810276665995326,0.9338524911497973,1.5049257759716603,7,2,0,0,0,0,1,12050.253983948009,0.2832077652136257,0.0,84351.77788763607,0.75,0.7189280286150213,DISCOUNT,1.075,12954.02303274411,121683.99894688648,98107.72415092724
2022-07-13 08:00:00,11060.866666632994,5270,0.2768012718175398,0.9656118966072872,1.4691003149028332,8,2,0,1,0,0,1,11256.322037399204,0.27566058891362455,0.0,78794.25426179443,0.75,0.7189280286150213,DISCOUNT,1.075,12100.546190204144,110960.94675704927,89462.26332287097
2022-07-13 08:05:00,11054.666666632997,5157,0.27050220816439335,0.9656118966072872,1.4689608637125497,8,2,0,1,0,0,1,10685.72958551362,0.27120848618639043,0.0,74800.10709859534,0.75,0.7189280286150213,DISCOUNT,1.075,11487.159304427141,105326.2440218892,84919.28424264817
2022-07-13 08:10:00,9472.098750080999,5028,0.26436540452928947,0.9656118966072872,1.3817071524979754,8,2,0,1,0,0,1,10085.956158390296,0.26788653462803796,0.0,70601.69310873207,0.75,0.7189280286150213,DISCOUNT,1.075,10842.402870269567,93509.40079271708,75391.95438912814
2022-07-13 08:15:00,8692.625000107995,4930,0.25914876550134147,0.9656118966072872,1.3387314440080962,8,2,0,1,0,0,1,9206.261737249533,0.25918493618469,0.0,64443.83216074674,0.75,0.7189280286150213,DISCOUNT,1.075,9896.731367543249,82698.75554564541,66675.87165867662
2022-07-13 08:20:00,8692.228333437995,4840,0.2562887961975395,0.9656118966072872,1.3385020243036427,8,2,0,1,0,0,1,8574.908110651435,0.255950605301726,0.0,60024.356774560045,0.75,0.7189280286150213,DISCOUNT,1.075,9218.026218950292,77014.18066146022,62092.6831583023
2022-07-13 08:25:00,8008.111249950004,4769,0.25378443114774407,0.9656118966072872,1.2934109311781363,8,2,0,1,0,0,1,8162.754319021871,0.2520938894015206,0.0,57139.2802331531,0.75,0.7189280286150213,DISCOUNT,1.075,8774.960892948511,70842.75542189936,57116.97155890636
2022-07-13 08:30:00,7671.249999982999,4718,0.2527114992770858,0.9656118966072872,1.2712550607327926,8,2,0,1,0,0,1,7799.092639491006,0.2508206484477276,0.0,54593.64847643704,0.75,0.7189280286150213,DISCOUNT,1.075,8384.02458745283,66527.15724316366,53637.52052730071
2022-07-13 08:35:00,7671.249999982999,4673,0.25165373793877693,0.9656118966072872,1.2712550607327926,8,2,0,1,0,0,1,7615.374311150649,0.2505086523726372,0.0,53307.620178054545,0.75,0.7189280286150213,DISCOUNT,1.075,8186.527384486948,64960.018771687865,52374.01513467335
2022-07-13 08:40:00,7320.905833427002,4632,0.2496162899840612,0.9656118966072872,1.2479689608542501,8,2,0,1,0,0,1,7311.331328168843,0.25012889869829696,0.0,51179.3192971819,0.75,0.7189280286150213,DISCOUNT,1.075,7859.681177781506,61224.10447196186,49361.934230519255
2022-07-13 08:45:00,7153.500000014999,4620,0.2494176206319365,0.9656118966072872,1.2368421052753038,8,2,0,1,0,0,1,7150.744862722398,0.2488380115123589,0.0,50055.21403905678,0.75,0.7189280286150213,DISCOUNT,1.075,7687.050727426577,59345.492228551026,47847.303109269276
2022-07-13 08:50:00,7153.500000014999,4605,0.24891043060648907,0.9656118966072872,1.2368421052753038,8,2,0,1,0,0,1,7066.853345533703,0.24913182901019632,0.0,49467.97341873592,0.75,0.7189280286150213,DISCOUNT,1.075,7596.86734644873,58649.25939170114,47285.96538455904
2022-07-13 08:55:00,7063.497777867999,4597,0.24812366701131588,0.9656118966072872,1.2293454790931182,8,2,0,1,0,0,1,7039.0943446106385,0.24898916201217702,0.0,49273.66041227447,0.75,0.7189280286150213,DISCOUNT,1.075,7567.026420456436,58064.798970684795,46814.744170114616
2022-07-13 09:00:00,7023.138888906002,4591,0.24806410801745804,0.9825735162307687,1.227620332874494,9,2,0,1,0,0,1,6949.108895705933,0.24807349912637947,0.0,48643.76226994153,0.75,0.7189280286150213,DISCOUNT,1.075,7470.292062883877,57242.076871541896,46151.42447768065
2022-07-13 09:05:00,7025.666666686002,4585,0.24809376009920495,0.9825735162307687,1.2290823211781376,9,2,0,1,0,0,1,6960.507236001558,0.24828867309564845,0.0,48723.550652010905,0.75,0.7189280286150213,DISCOUNT,1.075,7482.545278701675,57404.25083621857,46282.17723670123
2022-07-13 09:10:00,6858.631666691998,4566,0.24631188337324653,0.9825735162307687,1.2221794871700404,9,2,0,1,0,0,1,6894.234009640998,0.24808372356945696,0.0,48259.63806748699,0.75,0.7189280286150213,DISCOUNT,1.075,7411.301560364072,56538.3595140349,45584.05235819064
2022-07-13 09:15:00,6773.773333345,4561,0.24634325907025165,0.9825735162307687,1.2193117408744936,9,2,0,1,0,0,1,6791.718525091635,0.24601239740354988,0.0,47542.02967564144,0.75,0.7189280286150213,DISCOUNT,1.075,7301.097414473506,55566.958593566254,44800.86036606279
2022-07-13 09:20:00,6774.333333345,4550,0.2462265406251056,0.9825735162307687,1.2196356275141695,9,2,0,1,0,0,1,6714.121887332847,0.24584058626250152,0.0,46998.85321132993,0.75,0.7189280286150213,DISCOUNT,1.075,7217.68102888281,54946.68748658182,44300.76678605659
2022-07-13 09:25:00,6664.430555629002,4541,0.24573791078075158,0.9825735162307687,1.2127192982388664,9,2,0,1,0,0,1,6709.3446175632735,0.24615171524426518,0.0,46965.41232294292,0.75,0.7189280286150213,DISCOUNT,1.075,7212.545463880519,54596.22065997988,44018.202907108775
2022-07-13 09:30:00,6613.499999979999,4530,0.2454769814767477,0.9825735162307687,1.2095141700485832,9,2,0,1,0,0,1,6607.870901301225,0.24564399346428165,0.0,46255.09630910857,0.75,0.7189280286150213,DISCOUNT,1.075,7103.461218898817,53628.38301988928,43237.88380978574
2022-07-13 09:35:00,6473.731666648,4522,0.24576457870830298,0.9825735162307687,1.2069905532995957,9,2,0,1,0,0,1,6516.846342583358,0.2449724478549663,0.0,45617.9243980835,0.75,0.7189280286150213,DISCOUNT,1.075,7005.609818277109,52779.290087464666,42553.302633018386
2022-07-13 09:40:00,6335.244861049994,4506,0.2441096160274773,0.9825735162307687,1.2016936572226717,9,2,0,1,0,0,1,6376.213969468748,0.24557425639115923,0.0,44633.49778628123,0.75,0.7189280286150213,DISCOUNT,1.075,6854.430017178904,51413.698164037836,41452.294144755506
2022-07-13 09:45:00,6282.0266665129975,4492,0.24372589197249284,0.9825735162307687,1.1997300945060727,9,2,0,1,0,0,1,6267.838456951182,0.24467696207786113,0.0,43874.86919865827,0.75,0.7189280286150213,DISCOUNT,1.075,6737.92634122252,50457.24569027197,40681.15433778178
2022-07-13 09:50:00,6181.703888846996,4484,0.24429306802587705,0.9825735162307687,1.1945051732186234,9,2,0,1,0,0,1,6188.9726943067535,0.24357625741124445,0.0,43322.80886014728,0.75,0.7189280286150213,DISCOUNT,1.075,6653.1456463797595,49605.38147709034,39994.338815904084
2022-07-13 09:55:00,6029.1866668199955,4459,0.2431849805744542,0.9825735162307687,1.1800404858380567,9,2,0,1,0,0,1,6088.285735400737,0.24383714272093865,0.0,42618.00014780516,0.75,0.7189280286150213,DISCOUNT,1.075,6544.907165555793,48207.44634113987,38867.253612544024
2022-07-13 10:00:00,5984.475833231004,4444,0.24265497276759826,1.0080938447489876,1.1726045884089076,10,2,0,1,0,0,1,5992.035016477598,0.2429188033679981,0.0,41944.24511534319,0.75,0.7189280286150213,DISCOUNT,1.075,6441.4376427134175,47146.35523387387,38011.7489073108
2022-07-13 10:05:00,5989.708333129001,4429,0.24171264780598198,1.0080938447489876,1.171052631591094,10,2,0,1,0,0,1,5977.44686640152,0.2420265114738589,0.0,41842.12806481064,0.75,0.7189280286150213,DISCOUNT,1.075,6425.755381381634,46969.32630223366,37869.0193311759
2022-07-13 10:10:00,5816.374999842002,4414,0.24028319516216004,1.0080938447489876,1.164754835817814,10,2,0,1,0,0,1,5850.647032326081,0.24132067631552573,0.0,40954.52922628257,0.75,0.7189280286150213,DISCOUNT,1.075,6289.445559750537,45725.726307741636,36866.366835616696
2022-07-13 10:15:00,5601.130000024,4404,0.23866626607680044,1.0080938447489876,1.154424201538462,10,2,0,1,0,0,1,5597.118528303498,0.23954495430866854,0.0,39179.829698124486,0.75,0.7189280286150213,DISCOUNT,1.075,6016.902417926261,43356.29064478417,34956.00933235724
2022-07-13 10:20:00,5532.017499788998,4387,0.2379787789051937,1.0080938447489876,1.1509210526477731,10,2,0,1,0,0,1,5525.158771782219,0.23831508015311936,0.0,38676.11140247554,0.75,0.7189280286150213,DISCOUNT,1.075,5939.5456796658855,42669.00238180139,34401.88317032737
2022-07-13 10:25:00,5485.513750279001,4376,0.23843456395304707,1.0080938447489876,1.1437325686113364,10,2,0,1,0,0,1,5503.091391449745,0.23763085490768723,0.0,38521.63974014822,0.75,0.7189280286150213,DISCOUNT,1.075,5915.823245808476,42233.14327254323,34050.47176348798
2022-07-13 10:30:00,5465.749999884998,4368,0.23801077738889004,1.0080938447489876,1.1403508771983808,10,2,0,1,0,0,1,5445.862780531909,0.23798499686356162,0.0,38121.03946372336,0.75,0.7189280286150213,DISCOUNT,1.075,5854.3024890718025,41670.37295403713,33596.73819419243
2022-07-13 10:35:00,5442.264027703998,4350,0.2365953436288029,1.0080938447489876,1.1401225821052634,10,2,0,1,0,0,1,5448.054258023987,0.23772442783821135,0.0,38136.37980616791,0.75,0.7189280286150213,DISCOUNT,1.075,5856.658327375786,41678.79593838603,33603.529225323735
2022-07-13 10:40:00,5343.5749999109985,4323,0.2350845097815754,1.0080938447489876,1.1340193432145753,10,2,0,1,0,0,1,5357.329896216961,0.23628081927551084,0.0,37501.309273518724,0.75,0.7189280286150213,DISCOUNT,1.075,5759.129638433233,40765.33777112989,32867.05357797347
2022-07-13 10:45:00,5269.405694355999,4299,0.23330311841056384,1.0080938447489876,1.1301000899757088,10,2,0,1,0,0,1,5272.564324365349,0.23482184709393755,0.0,36907.95027055745,0.75,0.7189280286150213,DISCOUNT,1.075,5668.006648692751,39981.67536310143,32235.225761500533
2022-07-13 10:50:00,5250.090972064999,4279,0.23184147136302222,1.0080938447489876,1.1259019343076924,10,2,0,1,0,0,1,5246.260844334428,0.2328058767439538,0.0,36723.825910340995,0.75,0.7189280286150213,DISCOUNT,1.075,5639.73040765951,39634.43188494349,31955.260707235695
2022-07-13 10:55:00,5248.541666606,4274,0.2311033555284333,1.0080938447489876,1.1241565452186237,10,2,0,1,0,0,1,5229.615156898201,0.2319199985325352,0.0,36607.30609828741,0.75,0.7189280286150213,DISCOUNT,1.075,5621.836293665566,39447.43019794126,31804.49059709014
2022-07-13 11:00:00,5333.636666606,4262,0.2294467715626729,1.0216204580688255,1.124885290157895,11,2,0,1,0,0,1,5329.4947961385315,0.23081857659548213,0.0,37306.46357296972,0.75,0.7189280286150213,DISCOUNT,1.075,5729.206905848921,40226.89134141802,32432.93114401828
2022-07-13 11:05:00,5405.323888825998,4263,0.22892470555281155,1.0216204580688255,1.125042735032389,11,2,0,1,0,0,1,5386.044415736619,0.22855603508114336,0.0,37702.31091015633,0.75,0.7189280286150213,DISCOUNT,1.075,5789.997746916865,40659.41654350878,32781.65458820395
2022-07-13 11:10:00,5404.567499942998,4265,0.2290096903854973,1.0216204580688255,1.1246052631457493,11,2,0,1,0,0,1,5405.631957115111,0.22824440374937205,0.0,37839.423699805775,0.75,0.7189280286150213,DISCOUNT,1.075,5811.054353898744,40791.41562500195,32888.078847657824
2022-07-13 11:15:00,5397.057638954001,4301,0.23138589552431732,1.0216204580688255,1.1231106612429151,11,2,0,1,0,0,1,5431.140723497322,0.22822754783109164,0.0,38017.985064481254,0.75,0.7189280286150213,DISCOUNT,1.075,5838.476277759621,40929.43954757446,32999.36063523191
2022-07-13 11:20:00,5393.666666624001,4326,0.2331321441229292,1.0216204580688255,1.1224696356113357,11,2,0,1,0,0,1,5427.390726937704,0.23172112305935297,0.0,37991.73508856393,0.75,0.7189280286150213,DISCOUNT,1.075,5834.445031458032,40877.834602476214,32957.75414824646
2022-07-13 11:25:00,5525.852083161003,4360,0.23406062264030683,1.0216204580688255,1.124278002704453,11,2,0,1,0,0,1,5477.66887176946,0.23387465561979906,0.0,38343.682102386214,0.75,0.7189280286150213,DISCOUNT,1.075,5888.494037152169,41322.984570833796,33316.65631023475
2022-07-13 11:30:00,5590.958333191003,4365,0.23417032499835752,1.0050609976842102,1.125168690963562,11,2,0,1,0,0,1,5577.676363703135,0.2339347915496787,0.0,39043.73454592195,0.75,0.7189280286150213,DISCOUNT,1.075,5996.00209098087,42110.76611869248,33951.805183195815
2022-07-13 11:35:00,5612.291666573001,4352,0.23198512393691575,1.0050609976842102,1.1249437696842102,11,2,0,1,0,0,1,5614.080774313889,0.2340903564187812,0.0,39298.56542019723,0.75,0.7189280286150213,DISCOUNT,1.075,6035.136832387431,42377.142025912,34166.57075839156
2022-07-13 11:40:00,5682.585833205,4324,0.2306997014115843,1.0050609976842102,1.1278576248542505,11,2,0,1,0,0,1,5687.9346204663525,0.23360873916209204,0.0,39815.54234326447,0.75,0.7189280286150213,DISCOUNT,1.075,6114.529717001329,43045.828193491376,34705.698981002424
2022-07-13 11:45:00,5709.374999999999,4306,0.22966052340617682,1.0050609976842102,1.1292172739797566,11,2,0,1,0,0,1,5746.547630516306,0.2312285653383958,0.0,40225.83341361414,0.75,0.7189280286150213,DISCOUNT,1.075,6177.538702805028,43541.83382887771,35105.60352453265
2022-07-13 11:50:00,6236.970000068999,4346,0.2316447284682452,1.0050609976842102,1.1402294197044534,11,2,0,1,0,0,1,6065.440063315676,0.22850322433019055,0.0,42458.08044320973,0.75,0.7189280286150213,DISCOUNT,1.075,6520.348068064351,46406.27935825016,37415.06273258919
2022-07-13 11:55:00,6485.249999906999,4374,0.2331803504647253,1.0050609976842102,1.14541160594332,11,2,0,1,0,0,1,6477.080344157787,0.23687748652058768,0.0,45339.56240910451,0.75,0.7189280286150213,DISCOUNT,1.075,6962.861369969621,49780.93573592896,40135.87943709273
2022-07-13 12:00:00,7456.888472470998,4437,0.23772795622083095,0.9657306550404856,1.1758367071538463,12,2,0,0,0,0,1,7379.55163021416,0.23433120055168863,0.0,51656.861411499114,0.75,0.7189280286150213,DISCOUNT,1.075,7933.018002480221,58223.61703346376,46942.79123323016
2022-07-13 12:05:00,8230.708333422,4500,0.2408823893249693,0.9657306550404856,1.2000674763967614,12,2,0,0,0,0,1,8178.130452509687,0.2404908211988582,0.0,57246.91316756781,0.75,0.7189280286150213,DISCOUNT,1.075,8791.490236447913,65853.95946627346,53094.754819682974
2022-07-13 12:10:00,8230.708333422,4553,0.2440192299320509,0.9657306550404856,1.2000674763967614,12,2,0,0,0,0,1,8350.969410752514,0.24308106339117386,0.0,58456.7858752676,0.75,0.7189280286150213,DISCOUNT,1.075,8977.292116558952,67245.73596292046,54216.87462010462
2022-07-13 12:15:00,9573.102222104995,4615,0.24576134862224058,0.9657306550404856,1.2377361673238867,12,2,0,0,0,0,1,9095.14423095955,0.2462766877047986,0.0,63666.009616716845,0.75,0.7189280286150213,DISCOUNT,1.075,9777.280048281515,75537.02290005476,60901.724713169155
2022-07-13 12:20:00,10214.541666582998,4660,0.248664795983457,0.9657306550404856,1.2557354925627533,12,2,0,0,0,0,1,9770.32395907922,0.24776964089335088,0.0,68392.26771355454,0.75,0.7189280286150213,DISCOUNT,1.075,10503.09825601016,82324.54248203046,66374.16237613706
2022-07-13 12:25:00,10875.458332996996,4709,0.2510027840664229,0.9657306550404856,1.272829509647773,12,2,0,0,0,0,1,10609.064759921126,0.2500375833243683,0.0,74263.45331944789,0.75,0.7189280286150213,DISCOUNT,1.075,11404.74461691521,90608.62255905273,73053.20193823628
2022-07-13 12:30:00,11205.916666401994,4730,0.25186910288901726,0.9657306550404856,1.2813765182064774,12,2,0,0,0,0,1,10977.367827475377,0.2513956614239202,0.0,76841.57479232764,0.75,0.7189280286150213,DISCOUNT,1.075,11800.670414536029,94383.7373020746,76096.88819979764
2022-07-13 12:35:00,11205.916666401994,4749,0.25220056206827174,0.9657306550404856,1.2813765182064774,12,2,0,0,0,0,1,11195.961248623142,0.25228396724784163,0.0,78371.72874036198,0.75,0.7189280286150213,DISCOUNT,1.075,12035.658342269877,96263.21008296595,77612.2131293913
2022-07-13 12:40:00,11438.333333263996,4768,0.2524809295965912,0.9657306550404856,1.290148448020243,12,2,0,0,0,0,1,11400.808136376763,0.25204146320166254,0.0,79805.65695463735,0.75,0.7189280286150213,DISCOUNT,1.075,12255.86874660502,98695.53681722512,79573.27655888774
2022-07-13 12:45:00,11554.541666520994,4769,0.25197225560332076,0.9657306550404856,1.2945344129109317,12,2,0,0,0,0,1,11484.94642421542,0.2524084855366839,0.0,80394.62496950795,0.75,0.7189280286150213,DISCOUNT,1.075,12346.317406031578,99761.9123834668,80433.04185917012
2022-07-13 12:50:00,11554.541666520994,4769,0.2519503591381108,0.9657306550404856,1.2945344129109317,12,2,0,0,0,0,1,11528.74570730066,0.25178614513313824,0.0,80701.21995110462,0.75,0.7189280286150213,DISCOUNT,1.075,12393.40163534821,100142.36694374194,80739.78334839194
2022-07-13 12:55:00,11593.874999930998,4777,0.2543280519210456,0.9657306550404856,1.2936347278380564,12,2,0,0,0,0,1,11641.547650774717,0.25158617387328347,0.0,81490.83355542301,0.75,0.7189280286150213,DISCOUNT,1.075,12514.66372458282,101051.92199556883,81473.11210892737
2022-07-13 13:00:00,11613.541666439995,4770,0.2539992775824044,0.9657306550404856,1.2931848852591097,13,2,0,0,0,0,1,11673.908702031622,0.2540842228413498,0.0,81717.36091422135,0.75,0.7189280286150213,DISCOUNT,1.075,12549.451854683994,101297.58805187559,81671.18036682469
2022-07-13 13:05:00,11613.541666439995,4763,0.2537974882259138,0.9657306550404856,1.2931848852591097,13,2,0,0,0,0,1,11662.749548638903,0.2559654982752609,0.0,81639.24684047232,0.75,0.7189280286150213,DISCOUNT,1.075,12537.45576478682,101200.75713155269,81593.11043731436
2022-07-13 13:10:00,11605.430555302999,4779,0.25579338990587036,0.9657306550404856,1.296333783161944,13,2,0,0,0,0,1,11668.874003654995,0.2522618125224614,0.0,81682.11802558496,0.75,0.7189280286150213,DISCOUNT,1.075,12544.039553929118,101500.45332181777,81834.74049071557
2022-07-13 13:15:00,11601.374999828999,4772,0.25549499158338773,0.9657306550404856,1.2979082320931181,13,2,0,0,0,0,1,11639.771280456906,0.25414114201232846,0.0,81478.39896319834,0.75,0.7189280286150213,DISCOUNT,1.075,12512.754126491172,101370.27527458736,81729.78444013606
2022-07-13 13:20:00,11495.403333218997,4765,0.25544690989697305,0.9657306550404856,1.295647773251013,13,2,0,0,0,0,1,11567.886320012563,0.25391800329471165,0.0,80975.20424008794,0.75,0.7189280286150213,DISCOUNT,1.075,12435.477794013505,100568.7743455834,81083.5743161266
2022-07-13 13:25:00,11270.545555456,4746,0.2544736707226354,0.9657306550404856,1.287457264935223,13,2,0,0,0,0,1,11349.388858692782,0.252634899914132,0.0,79445.72201084948,0.75,0.7189280286150213,DISCOUNT,1.075,12200.59302309474,98045.46053322543,79049.152554913
2022-07-13 13:30:00,11188.041666651001,4726,0.2536852571840592,0.9657306550404856,1.2840755735384615,13,2,0,0,0,0,1,11271.42351618163,0.25222800413993585,0.0,78899.96461327141,0.75,0.7189280286150213,DISCOUNT,1.075,12116.780279895253,97116.16969847139,78299.91181939255
2022-07-13 13:35:00,10833.101805468004,4673,0.2507533528616283,0.9657306550404856,1.2646704903198385,13,2,0,0,0,0,1,10981.263996411413,0.250418097076324,0.0,76868.8479748799,0.75,0.7189280286150213,DISCOUNT,1.075,11804.858796142269,93186.26594853966,75131.4269210101
2022-07-13 13:40:00,10581.623333476,4640,0.24939145447634625,0.9657306550404856,1.2533434547692308,13,2,0,0,0,0,1,10727.123778112502,0.24848012550414933,0.0,75089.86644678752,0.75,0.7189280286150213,DISCOUNT,1.075,11531.658061470938,90214.34110689607,72735.31251743496
2022-07-13 13:45:00,10084.542500121006,4589,0.2466508093492624,0.9657306550404856,1.233434547890688,13,2,0,0,0,0,1,10284.927645159327,0.24740082276350994,0.0,71994.49351611528,0.75,0.7189280286150213,DISCOUNT,1.075,11056.297218546277,85121.55361795801,68629.25260447866
2022-07-13 13:50:00,9766.625000026,4551,0.2450683254862909,0.9657306550404856,1.221839856032389,13,2,0,0,0,0,1,9878.55924100076,0.2438213753799991,0.0,69149.91468700531,0.75,0.7189280286150213,DISCOUNT,1.075,10619.451184075815,80989.75560973737,65297.99046035075
2022-07-13 13:55:00,9710.915277896,4515,0.24279609143554182,0.9657306550404856,1.2200629779392718,13,2,0,0,0,0,1,9628.299000917688,0.2423676425211151,0.0,67398.09300642382,0.75,0.7189280286150213,DISCOUNT,1.075,10350.421425986515,78823.1905128778,63551.19735100772
2022-07-13 14:00:00,9106.174999911,5472,0.2963492301765567,1.0080938447489876,1.1955240665789482,14,2,0,0,0,0,1,9175.123750072582,0.24021192961837845,0.0,64225.86625050807,0.75,0.7189280286150213,DISCOUNT,1.075,9863.258031328025,73602.47966260256,59341.99922797332
2022-07-13 14:05:00,8584.208333404003,5431,0.2940760737479234,1.0080938447489876,1.1744264507449391,14,2,0,0,0,0,1,8794.70090554572,0.29518537559975044,0.0,61562.906338820045,0.75,0.7189280286150213,DISCOUNT,1.075,9454.303473461649,69305.72174375675,55877.73815590388
2022-07-13 14:10:00,8584.208333404003,6399,0.3498740875042406,1.0080938447489876,1.1744264507449391,14,2,0,0,0,0,0,8398.103821653922,0.29356454490763256,0.0,58786.72675157745,0.75,0.7189280286150213,DISCOUNT,1.075,9027.961608277965,66180.37985484066,53357.93125796527
2022-07-13 14:15:00,7870.100000015001,5343,0.2892565008010124,1.0080938447489876,1.1475269905384615,14,2,0,0,0,0,1,8024.463513179632,0.32684868555876917,0.0,56171.244592257426,0.9902730283381538,0.9492467147383679,BASELINE,1.0029180914985538,8047.879631937897,61787.568955041526,61365.11101214392
2022-07-13 14:20:00,7518.375000014998,5313,0.28800458569049375,1.0080938447489876,1.1342780026842103,14,2,0,0,0,0,1,7682.499556449329,0.2886056736300037,0.0,53777.496895145305,0.75,0.7189280286150213,DISCOUNT,1.075,8258.687023183029,58471.50144650819,47142.64804124723
2022-07-13 14:25:00,7062.291666727998,4266,0.22773554853666944,1.0080938447489876,1.117392037777328,14,2,0,0,0,0,1,7291.976048259238,0.28794571501602445,0.0,51043.83233781467,0.75,0.7189280286150213,DISCOUNT,1.075,7838.874251878681,54673.01171901405,44080.11569845508
2022-07-13 14:30:00,6816.708333341,4241,0.22646883704300472,1.0080938447489876,1.1082995951295553,14,2,0,0,0,0,1,6824.626199458531,0.22674163161303748,0.0,47772.38339620972,0.75,0.7189280286150213,DISCOUNT,1.075,7336.473164417921,50752.59302497614,40919.27812638702
2022-07-13 14:35:00,6817.097222231,4209,0.22491377147108763,1.0080938447489876,1.108524516404859,14,2,0,0,0,0,1,6687.562380739549,0.2259932782495158,0.0,46812.93666517684,0.75,0.7189280286150213,DISCOUNT,1.075,7189.129559295015,49743.38563274599,40105.60466640145
2022-07-13 14:40:00,6490.640833321,4189,0.22345515967474325,1.0080938447489876,1.0945524066315788,14,2,0,0,0,0,1,6595.152435519455,0.22434916858759751,0.0,46166.067048636185,0.75,0.7189280286150213,DISCOUNT,1.075,7089.788868183414,48437.708629371446,39052.90258243073
2022-07-13 14:45:00,6332.1666667360005,5233,0.2837757451584352,1.0080938447489876,1.0877192982226722,14,2,0,0,0,0,1,6380.45019785937,0.2258684541956651,0.0,44663.15138501559,0.75,0.7189280286150213,DISCOUNT,1.075,6858.983962698822,46568.29626502336,37545.68886367508
2022-07-13 14:50:00,6331.770000066001,5214,0.2823627095746799,1.0080938447489876,1.0874898785182188,14,2,0,0,0,0,1,6246.290470117734,0.2873837433753491,0.0,43724.03329082414,0.75,0.7189280286150213,DISCOUNT,1.075,6714.762255376564,45579.50371507249,36748.4748702772
2022-07-13 14:55:00,6331.583333406,6269,0.3439875093481678,1.0080938447489876,1.0873819163076925,14,2,0,0,0,0,0,6260.708714784921,0.28814484173731114,0.0,43824.96100349444,0.75,0.7189280286150213,DISCOUNT,1.075,6730.261868393789,45680.17897057937,36829.644295029626
2022-07-13 15:00:00,6299.332916580999,5204,0.28209528850910104,1.0216204580688255,1.0824381466437247,15,2,0,0,0,0,1,6265.0915272715465,0.336414950151828,0.0,43855.64069090082,1.004622425227742,0.9630016262285628,BASELINE,0.9986132724316774,6256.403552132615,45504.327594329145,45651.27415585494
2022-07-13 15:05:00,6269.958333138,5207,0.28290612898080647,1.0216204580688255,1.0779352226558707,15,2,0,0,0,0,1,6232.628212823303,0.288069775347559,0.0,43628.39748976313,0.75,0.7189280286150213,DISCOUNT,1.075,6700.075328785051,45080.22517594833,36345.93154810835
2022-07-13 15:10:00,6269.958333138,4149,0.22188853054373323,1.0216204580688255,1.0779352226558707,15,2,0,0,0,0,1,6216.154421418137,0.28893843236220723,0.0,43513.08094992696,0.75,0.7189280286150213,DISCOUNT,1.075,6682.366003024496,44961.07123307099,36249.86368166348
2022-07-13 15:15:00,6349.149999943999,4148,0.2215597644290294,1.0216204580688255,1.0793117409190278,15,2,0,0,0,0,1,6245.6241241208345,0.2224052171136606,0.0,43719.36886884584,0.75,0.7189280286150213,DISCOUNT,1.075,6714.045933429897,45231.91109468831,36468.22832009244
2022-07-13 15:20:00,6386.416666740999,4142,0.221138037439044,1.0216204580688255,1.079959514186234,15,2,0,0,0,0,1,6307.110150095401,0.22217913552310006,0.0,44149.771050667805,0.75,0.7189280286150213,DISCOUNT,1.075,6780.143411352556,45704.61793892235,36849.34821325614
2022-07-13 15:25:00,6450.0233333589995,4143,0.22086993106331765,1.0216204580688255,1.0760784975425097,15,2,0,0,0,0,1,6335.930924127145,0.22205519273439084,0.0,44351.51646889001,0.75,0.7189280286150213,DISCOUNT,1.075,6811.125743436681,45748.4705455066,36884.7043773147
2022-07-13 15:30:00,6460.944444558998,4131,0.21997308115035544,1.0216204580688255,1.0717498875263158,15,2,0,0,0,0,1,6442.701568553037,0.22062898209149534,0.0,45098.91097987126,0.75,0.7189280286150213,DISCOUNT,1.075,6925.904186194514,46332.278030267276,37355.39916190299
2022-07-13 15:35:00,6451.208333470999,4132,0.2199026595504902,1.0216204580688255,1.0705128205182182,15,2,0,0,0,0,1,6463.288242132792,0.22047755441302674,0.0,45243.01769492954,0.75,0.7189280286150213,DISCOUNT,1.075,6948.034860292752,46426.67587922303,37431.507427623575
2022-07-13 15:40:00,6337.194583332002,4133,0.21933966874907176,1.0216204580688255,1.0696266306882587,15,2,0,0,0,0,1,6382.185643955999,0.22017055688738743,0.0,44675.29950769199,0.75,0.7189280286150213,DISCOUNT,1.075,6860.849567252699,45806.15434153277,36931.2119378608
2022-07-13 15:45:00,6277.583333246001,4131,0.21933374018257154,1.0216204580688255,1.069163292846153,15,2,0,0,0,0,1,6338.617720341453,0.21934284882631494,0.0,44370.324042390166,0.75,0.7189280286150213,DISCOUNT,1.075,6814.0140493670615,45473.752379429665,36663.21285591517
2022-07-13 15:50:00,6277.583333246001,4133,0.21960188672559544,1.0216204580688255,1.069163292846153,15,2,0,0,0,0,1,6281.099774897477,0.21935530717985874,0.0,43967.69842428234,0.75,0.7189280286150213,DISCOUNT,1.075,6752.182258014787,45061.114021369474,36330.523179729134
2022-07-13 15:55:00,6206.110416514,4111,0.21793748818288397,1.0216204580688255,1.066652046765182,15,2,0,0,0,0,1,6243.294177748012,0.22002970848381864,0.0,43703.05924423608,0.75,0.7189280286150213,DISCOUNT,1.075,6711.541241079112,44684.69132555675,36027.03238123013
2022-07-13 16:00:00,6171.958333429001,4111,0.21796520136963973,1.0216204580688255,1.065452091753036,16,2,0,0,0,0,1,6216.887014537074,0.2179360597834474,0.0,43518.209101759516,0.75,0.7189280286150213,DISCOUNT,1.075,6683.153540627354,44445.63272953702,35834.29138818922
2022-07-13 16:05:00,6171.958333429001,4109,0.21772853139867704,1.0216204580688255,1.065452091753036,16,2,0,0,0,0,1,6180.290590304836,0.2178495036186354,0.0,43262.03413213385,0.75,0.7189280286150213,DISCOUNT,1.075,6643.812384577698,44183.99837349403,35623.348688629565
2022-07-13 16:10:00,6304.569444406999,4115,0.2170526068935421,1.0216204580688255,1.0677013045465582,16,2,0,0,0,0,1,6263.987096983096,0.2178078858718976,0.0,43847.909678881675,0.75,0.7189280286150213,DISCOUNT,1.075,6733.786129256829,44876.89699571326,36181.99820279382
2022-07-13 16:15:00,6370.875000074997,4120,0.21670245073075256,1.0216204580688255,1.0688259109311733,16,2,0,0,0,0,1,6330.9180225611335,0.21770532894033756,0.0,44316.426157927934,0.75,0.7189280286150213,DISCOUNT,1.075,6805.736874253218,45404.182001335044,36607.12173857638
2022-07-13 16:20:00,6402.880833439996,4137,0.21734848948208824,1.0216204580688255,1.0737494376720642,16,2,0,0,0,0,1,6373.786058865713,0.21718062166782967,0.0,44616.50241205999,0.75,0.7189280286150213,DISCOUNT,1.075,6851.820013280641,45922.1934361264,37024.768457876904
2022-07-13 16:25:00,6419.1249999579995,4140,0.2173415755674397,1.0216204580688255,1.0762483130809712,16,2,0,0,0,0,1,6416.919478670053,0.21777249522792663,0.0,44918.43635069037,0.75,0.7189280286150213,DISCOUNT,1.075,6898.188439570306,46340.55871848073,37362.07546677509
2022-07-13 16:30:00,6512.098055400996,4149,0.21725458969343,1.0050609976842102,1.080900809716599,16,2,0,0,0,0,1,6482.084620734608,0.21779583610796568,0.0,45374.59234514226,0.75,0.7189280286150213,DISCOUNT,1.075,6968.240967289703,47013.51586031458,37904.64716237863
2022-07-13 16:35:00,6561.910000003997,4154,0.21719537714484963,1.0050609976842102,1.0840283400647768,16,2,0,0,0,0,1,6547.032611188211,0.21784029963394227,0.0,45829.22827831748,0.75,0.7189280286150213,DISCOUNT,1.075,7038.060057027327,47621.96732167441,38395.2111531
2022-07-13 16:40:00,6529.5956944149975,4160,0.21706005229108524,1.0050609976842102,1.0852406657489873,16,2,0,0,0,0,1,6550.805577190273,0.2177866482229143,0.0,45855.63904033191,0.75,0.7189280286150213,DISCOUNT,1.075,7042.115995479543,47702.700047740975,38460.30191349116
2022-07-13 16:45:00,6507.89805553,4279,0.22334924280668944,1.0050609976842102,1.0879779576882591,16,2,0,0,0,0,1,6514.870209551908,0.21769089738977243,0.0,45604.091466863356,0.75,0.7189280286150213,DISCOUNT,1.075,7003.485475268301,47560.68018281304,38345.79839739302
2022-07-13 16:50:00,6505.500000040001,4393,0.22981240920869567,1.0050609976842102,1.0890688258987855,16,2,0,0,0,0,1,6508.315417441632,0.22644530752672642,0.0,45558.207922091424,0.75,0.7189280286150213,DISCOUNT,1.075,6996.439073749754,47560.46710732488,38345.62660528069
2022-07-13 16:55:00,6530.416249940999,4519,0.23702326803826315,1.0050609976842102,1.0909514169878542,16,2,0,0,0,0,1,6532.028136006079,0.22860267234128606,0.0,45724.196952042555,0.75,0.7189280286150213,DISCOUNT,1.075,7021.930246206534,47816.26500093383,38551.863657002905
2022-07-13 17:00:00,6585.874999964997,4534,0.23733798040394505,1.0050609976842102,1.095141700388664,17,2,0,0,0,0,1,6554.729404568453,0.23856984064114187,0.0,45883.10583197917,0.75,0.7189280286150213,DISCOUNT,1.075,7046.334109911087,48166.742495867686,38834.43613729333
2022-07-13 17:05:00,6916.779166587999,4447,0.23148810002785447,0.9912509835506069,1.1025191182914984,17,2,0,0,0,0,1,6811.015137925767,0.23859018994864983,0.0,47677.10596548037,0.75,0.7189280286150213,DISCOUNT,1.075,7321.841273270199,50387.19321050127,40624.67452596665
2022-07-13 17:10:00,7392.870000066995,4371,0.22670685253086761,0.9912509835506069,1.1174089068825905,17,2,0,0,0,0,1,7163.468579730397,0.23211549112996696,0.0,50144.28005811278,0.75,0.7189280286150213,DISCOUNT,1.075,7700.728723210177,53710.312770556506,43303.939671261185
2022-07-13 17:15:00,7686.542777845,4284,0.2216033040505277,0.9912509835506069,1.1268960863805668,17,2,0,0,0,0,1,7567.1846430389505,0.22684607627734915,0.0,52970.292501272655,0.75,0.7189280286150213,DISCOUNT,1.075,8134.723491266872,57219.01719178206,46132.83261087428
2022-07-13 17:20:00,7748.087361025,4291,0.2228085225026835,0.9912509835506069,1.1281950067368425,17,2,0,0,0,0,1,7743.82458497784,0.22079872549211224,0.0,54206.77209484488,0.75,0.7189280286150213,DISCOUNT,1.075,8324.611428851178,58622.167520475945,47264.12256338373
2022-07-13 17:25:00,7862.7950000360015,4295,0.22320160123976,0.9912509835506069,1.1299122807004052,17,2,0,0,0,0,1,7855.684921664493,0.22102474936128985,0.0,54989.794451651454,0.75,0.7189280286150213,DISCOUNT,1.075,8444.86129078933,59559.490983572585,48019.839605505396
2022-07-13 17:30:00,7891.2591665009995,4295,0.22253264551940927,0.9912509835506069,1.130226045878543,17,2,0,0,0,0,1,7961.547576847556,0.22391863804540918,0.0,55730.83303793289,0.75,0.7189280286150213,DISCOUNT,1.075,8558.663645111123,60378.87242332144,48680.46589130291
2022-07-13 17:35:00,7877.438333166998,4299,0.22316836051288588,0.9912509835506069,1.130121457481782,17,2,0,0,0,0,1,7948.354053035006,0.22092311383415145,0.0,55638.47837124504,0.75,0.7189280286150213,DISCOUNT,1.075,8544.48060701263,60273.237175337876,48595.29747261616
2022-07-13 17:40:00,7875.717222053998,4300,0.22374491751271575,0.9912509835506069,1.1304565901862351,17,2,0,0,0,0,1,7919.73296079221,0.22364036208832266,0.0,55438.130725545474,0.75,0.7189280286150213,DISCOUNT,1.075,8513.712932851626,60074.00971627658,48434.670333748
2022-07-13 17:45:00,8000.695833335996,4318,0.2264486313280977,0.9912509835506069,1.1371221322631582,17,2,0,0,0,0,1,7960.593366578023,0.22559575924104408,0.0,55724.15356604616,0.75,0.7189280286150213,DISCOUNT,1.075,8557.637869071374,60739.99405905866,48971.62021011604
2022-07-13 17:50:00,8062.708333395998,4324,0.22750463535361912,0.9912509835506069,1.1403508772024291,17,2,0,0,0,0,1,8085.016021632743,0.22654166586273752,0.0,56595.1121514292,0.75,0.7189280286150213,DISCOUNT,1.075,8691.392223255198,61864.51009496271,49878.26126406367
2022-07-13 17:55:00,7985.624722345999,4336,0.22860218202330057,0.9912509835506069,1.1373830409433199,17,2,0,0,0,0,1,8037.277999941638,0.22863519630863113,0.0,56260.945999591466,0.75,0.7189280286150213,DISCOUNT,1.075,8640.07384993726,61339.175063513874,49454.70989495806
2022-07-13 18:00:00,7884.380555719994,4349,0.2281680383129101,0.9912509835506069,1.14289248762753,18,2,0,0,0,0,1,7927.795451272318,0.2297198945675719,0.0,55494.56815890623,0.75,0.7189280286150213,DISCOUNT,1.075,8522.380110117741,60796.699968738794,49017.33934979566
2022-07-13 18:05:00,7839.000000068997,4361,0.22862558772221261,0.9912509835506069,1.1477732793603235,18,2,0,0,0,0,1,7854.839377386911,0.22951997514249292,0.0,54983.87564170838,0.75,0.7189280286150213,DISCOUNT,1.075,8443.952330690929,60494.4609041806,48773.65910399561
2022-07-13 18:10:00,7735.8758334589975,4361,0.22937592498706807,0.9912509835506069,1.1450607287570846,18,2,0,0,0,0,1,7775.2673773216675,0.2297101409567697,0.0,54426.87164125167,0.75,0.7189280286150213,DISCOUNT,1.075,8358.412430620792,59740.11373429855,48165.46669827821
2022-07-13 18:15:00,7529.280833116,4377,0.23114361875012415,0.9912509835506069,1.145779352259109,18,2,0,0,0,0,1,7611.917834682632,0.22988700357708136,0.0,53283.424842778426,0.75,0.7189280286150213,DISCOUNT,1.075,8182.8116722838295,58521.74611376316,47183.15780422155
2022-07-13 18:20:00,7454.833333239999,4389,0.23217366748589197,0.9912509835506069,1.1467611335951413,18,2,0,0,0,0,1,7466.395853210588,0.23071063257015414,0.0,52264.770972474114,0.75,0.7189280286150213,DISCOUNT,1.075,8026.375542201382,57452.13458326976,46320.78350776125
2022-07-13 18:25:00,7480.167499994999,4413,0.2337795122476823,0.9912509835506069,1.1585739990769226,18,2,0,0,0,0,1,7492.853551171237,0.23329751923805606,0.0,52449.97485819866,0.75,0.7189280286150213,DISCOUNT,1.075,8054.81756750908,58249.63580466706,46963.76886751282
2022-07-13 18:30:00,7535.254583280999,4439,0.2355217651761687,0.9912509835506069,1.1697300944615387,18,2,0,0,0,0,1,7526.252694076467,0.23466024944896205,0.0,52683.76885853527,0.75,0.7189280286150213,DISCOUNT,1.075,8090.721646132202,59072.67688204537,47627.34573614908
2022-07-13 18:35:00,7556.3333332810025,4473,0.23748571353000655,0.9912509835506069,1.172402159238867,18,2,0,0,0,0,1,7580.906875510002,0.23702060270558717,0.0,53066.34812857001,0.75,0.7189280286150213,DISCOUNT,1.075,8149.474891173251,59637.57333953768,48082.79350500225
2022-07-13 18:40:00,7519.4283332480045,4512,0.24008768841269737,0.9912509835506069,1.1948920377813765,18,2,0,0,0,0,1,7551.508985055299,0.23883552717704984,0.0,52860.56289538709,0.75,0.7189280286150213,DISCOUNT,1.075,8117.872158934446,60545.88099402359,48815.116551431514
2022-07-13 18:45:00,7500.416666581002,4551,0.2423256433371946,0.9912509835506069,1.2064777328016196,18,2,0,0,0,0,1,7497.289115221991,0.24194681746951152,0.0,52481.02380655394,0.75,0.7189280286150213,DISCOUNT,1.075,8059.58579886364,60694.00020290807,48934.53766359464
2022-07-13 18:50:00,7500.416666581002,4590,0.2441840212877172,0.9912509835506069,1.2064777328016196,18,2,0,0,0,0,1,7514.835298173901,0.24428315810406478,0.0,52603.847087217306,0.75,0.7189280286150213,DISCOUNT,1.075,8078.447945536943,60836.044615932144,49049.06097159529
2022-07-13 18:55:00,7727.599166575005,4670,0.2478968564854706,0.9912509835506069,1.2430263157975714,18,2,0,0,0,0,1,7692.517682618576,0.24575287679386584,0.0,53847.62377833003,0.75,0.7189280286150213,DISCOUNT,1.075,8269.456508814968,64160.98440091777,51729.793673239954
2022-07-13 19:00:00,7829.666666704004,4722,0.2507231950387745,0.9825735162307687,1.2594466936234818,19,2,0,0,0,0,1,7840.593011913476,0.2504658545617509,0.0,54884.15108339433,0.75,0.7189280286150213,DISCOUNT,1.075,8428.637487806987,66259.9179919435,53422.05888100445
2022-07-13 19:05:00,8391.622916674998,4792,0.25398683819663537,0.9825735162307687,1.2928756184939283,19,2,0,0,0,0,1,8173.322432020493,0.25184244413625145,0.0,57213.25702414345,0.75,0.7189280286150213,DISCOUNT,1.075,8786.32161442203,70905.1156301317,57167.24947679367
2022-07-13 19:10:00,8653.214166723003,4843,0.25621846180912233,0.9825735162307687,1.3094973009028341,19,2,0,0,0,0,1,8494.277799129686,0.2579817362358997,0.0,59459.9445939078,0.75,0.7189280286150213,DISCOUNT,1.075,9131.348634064412,74636.84278754884,60175.95449746126
2022-07-13 19:15:00,8589.473888823,4899,0.2587178347119375,0.9825735162307687,1.3091273054048582,19,2,0,0,0,0,1,8680.979371113091,0.25756989207669373,0.0,60766.85559779164,0.75,0.7189280286150213,DISCOUNT,1.075,9332.052823946573,76255.78528272711,61481.22688419874
2022-07-13 19:20:00,8909.139166732,5042,0.2674944436672074,0.9825735162307687,1.3534615384493933,19,2,0,0,0,0,1,8715.007249216102,0.2602863410408756,0.0,61005.050744512715,0.75,0.7189280286150213,DISCOUNT,1.075,9368.632792907309,79147.25621060794,63812.47531980265
2022-07-13 19:25:00,9081.444166732004,5105,0.270626778174763,0.9825735162307687,1.3759716599068827,19,2,0,0,0,0,1,9034.534586205364,0.26952894889081114,0.0,63241.742103437544,0.75,0.7189280286150213,DISCOUNT,1.075,9712.124680170766,83413.71544764967,67252.30807966755
2022-07-13 19:30:00,9426.339999927006,5217,0.27518113777311537,0.9825735162307687,1.4091835357408904,19,2,0,0,0,0,1,9331.389190310472,0.2728905672899998,0.0,65319.724332173304,0.75,0.7189280286150213,DISCOUNT,1.075,10031.243379583757,88234.01786489258,71138.67690356965
2022-07-13 19:35:00,9657.767360984006,5223,0.2760049114451731,0.9825735162307687,1.4314327485344138,19,2,0,0,0,0,1,9505.463644855248,0.2771451711026305,0.0,66538.24551398674,0.75,0.7189280286150213,DISCOUNT,1.075,10218.373418219391,91299.08945916218,73609.89087644951
2022-07-13 19:40:00,9679.566666615006,5257,0.2775374148365485,0.9825735162307687,1.4339822312226727,19,2,0,0,0,0,1,9617.225123327331,0.2776206710897424,0.0,67320.57586329132,0.75,0.7189280286150213,DISCOUNT,1.075,10338.51700757688,92537.07003245299,74608.01271366523
2022-07-13 19:45:00,9466.358027850007,5282,0.28142092026269305,0.9825735162307687,1.4580724246477743,19,2,0,0,0,0,1,9538.83113614231,0.27907921232605515,0.0,66771.81795299616,0.75,0.7189280286150213,DISCOUNT,1.075,10254.243471352982,93324.66711130565,75243.01285849018
2022-07-13 19:50:00,9366.025000153002,5300,0.2818764763992417,0.9825735162307687,1.469635627493928,19,2,0,0,0,0,1,9430.185768890395,0.281693321278369,0.0,66011.30038223276,0.75,0.7189280286150213,DISCOUNT,1.075,10137.449701557174,92993.3969218017,74975.92626820263
2022-07-13 19:55:00,9366.025000153002,5329,0.2820620072043968,0.9825735162307687,1.469635627493928,19,2,0,0,0,0,1,9418.175386055027,0.2836523376886102,0.0,65927.2277023852,0.75,0.7189280286150213,DISCOUNT,1.075,10124.538540009155,92874.95956271206,74880.4361474366
2022-07-13 20:00:00,9277.199999932996,5350,0.28268346710010367,0.9825735162307687,1.4822537111902832,20,2,0,0,0,0,1,9339.50312241945,0.28363691070875774,0.0,65376.521856936146,0.75,0.7189280286150213,DISCOUNT,1.075,10039.965856600908,92889.90319479695,74892.48445080504
2022-07-13 20:05:00,9205.108333327,5358,0.2822363104846034,0.9825735162307687,1.4925775978299591,20,2,0,0,0,0,1,9246.688407829619,0.28409194959554207,0.0,64726.81885480733,0.75,0.7189280286150213,DISCOUNT,1.075,9940.19003841684,92607.3238882296,74664.65488488512
2022-07-13 20:10:00,9191.641666657,5378,0.2826331869642424,0.9825735162307687,1.4923504273400807,20,2,0,0,0,0,1,9190.30967269028,0.2839839513463518,0.0,64332.16770883196,0.75,0.7189280286150213,DISCOUNT,1.075,9879.58289814205,92028.67134285849,74198.11627017966
2022-07-13 20:15:00,8995.616944501004,5404,0.2845788288241078,0.9825735162307687,1.4996536212388663,20,2,0,0,0,0,1,9162.524063629338,0.28409194959554207,0.0,64137.66844540537,0.75,0.7189280286150213,DISCOUNT,1.075,9849.713368401539,92199.43953486181,74335.79812498234
2022-07-13 20:20:00,8909.733333392003,5418,0.28483291133088484,0.9825735162307687,1.503036437218623,20,2,0,0,0,0,1,8883.17851274286,0.28615404451680915,0.0,62182.249589200015,0.75,0.7189280286150213,DISCOUNT,1.075,9549.416901198574,89590.11435234042,72232.02969657448
2022-07-13 20:25:00,9103.731666767999,5460,0.28716796667074485,0.9825735162307687,1.5239136302267209,20,2,0,0,0,0,1,8869.069267348264,0.2868252452936602,0.0,62083.48487143785,0.75,0.7189280286150213,DISCOUNT,1.075,9534.249462399384,90690.24862579182,73119.01295454465
2022-07-13 20:30:00,9195.024999997004,5488,0.28853839791847197,0.9825735162307687,1.5337381916234822,20,2,0,0,0,0,1,8980.63563892612,0.2871456227988351,0.0,62864.44947248284,0.75,0.7189280286150213,DISCOUNT,1.075,9654.183311845578,92423.09354825546,74516.11917328097
2022-07-13 20:35:00,9169.354999958003,5513,0.2898195822733451,0.9825735162307687,1.5390148447813772,20,2,0,0,0,0,1,9093.548165723554,0.2900488282739651,0.0,63654.83716006488,0.75,0.7189280286150213,DISCOUNT,1.075,9775.56427815282,93907.08779919299,75712.58953809935
2022-07-13 20:40:00,9214.396944316999,5547,0.2919939105217285,0.9825735162307687,1.5556522716963561,20,2,0,0,0,0,1,9088.451162836749,0.29018665332683374,0.0,63619.158139857245,0.75,0.7189280286150213,DISCOUNT,1.075,9770.085000049505,94869.06004219412,76488.17965901902
2022-07-13 20:45:00,9297.037361000997,5575,0.29407566957848696,0.9825735162307687,1.5651551956720644,20,2,0,0,0,0,1,9146.583900475496,0.2925596358293186,0.0,64026.08730332847,0.75,0.7189280286150213,DISCOUNT,1.075,9832.577693011159,96059.10191247845,77447.65091693577
2022-07-13 20:50:00,9316.874166726999,5587,0.2954544582839754,0.9825735162307687,1.5650742240242919,20,2,0,0,0,0,1,9223.242279069022,0.2947791650353101,0.0,64562.695953483155,0.75,0.7189280286150213,DISCOUNT,1.075,9914.985449999198,96859.17110021444,78092.70669954791
2022-07-13 20:55:00,9263.566666713994,5609,0.2960740207503624,0.9825735162307687,1.5768286099757092,20,2,0,0,0,0,1,9236.046122783002,0.2961677732114014,0.0,64652.32285948101,0.75,0.7189280286150213,DISCOUNT,1.075,9928.749581991726,97722.09668977877,78788.44045613414
2022-07-13 21:00:00,9135.490277945,5613,0.29680450550976384,0.9656118966072872,1.5819613135020252,21,2,0,0,0,0,1,9157.696686045503,0.29657877781372116,0.0,64103.876802318526,0.75,0.7189280286150213,DISCOUNT,1.075,9844.523937498916,97208.51440659279,78374.36474031545
2022-07-13 21:05:00,9037.816666600002,5639,0.29798080836411567,0.9656118966072872,1.5813090418259117,21,2,0,0,0,0,1,9093.1428165594,0.29745865768412005,0.0,63651.99971591581,0.75,0.7189280286150213,DISCOUNT,1.075,9775.128527801355,96483.47983619147,77789.80561792936
2022-07-13 21:10:00,8971.773888875003,5670,0.3005454494813649,0.9656118966072872,1.5947121007085021,21,2,0,0,0,0,0,8927.471721207366,0.29915425222986214,0.0,62492.302048451565,0.75,0.7189280286150213,DISCOUNT,1.075,9597.032100297918,95528.50146779919,77019.85430841308
2022-07-13 21:15:00,8989.223333605996,5697,0.30194807058668544,0.9656118966072872,1.6055308142186242,21,2,0,0,0,0,0,8897.435863157785,0.3011489651668835,0.0,62282.0510421045,0.9517234477503252,0.9122942161037766,BASELINE,1.0144829656749024,9026.297121358544,95852.99858947855,92546.76275044719
2022-07-13 21:20:00,9013.233333343998,5713,0.30216555259547023,0.9656118966072872,1.6076248312914982,21,2,0,0,0,0,0,8891.457990565763,0.3034493111807588,0.0,62240.205933960344,0.9551739667711382,0.9156017825535522,BASELINE,1.0134478099686586,9011.028627967202,95913.53083727627,92846.11682789172
2022-07-13 21:25:00,9076.692777614002,5721,0.3020662306895622,0.9656118966072872,1.6187449392388664,21,2,0,0,0,0,0,8936.83761659989,0.30329520867698434,0.0,62557.86331619923,0.9549428130154765,0.9153802053350657,BASELINE,1.013517156095357,9057.63824566233,97069.87776909162,93949.1708992592
2022-07-13 21:30:00,9082.925833216003,5754,0.30334390739733735,0.9656118966072872,1.6251754385708514,21,2,0,0,0,0,0,8998.100819089062,0.30338387778416864,0.0,62986.705733623436,0.955075816676253,0.9155076987479199,BASELINE,1.013477254997124,9119.370518317757,98123.56021932203,94978.46628576882
2022-07-13 21:35:00,9071.733333186003,5779,0.30411947772071535,0.9656118966072872,1.6258434547651834,21,2,0,0,0,0,0,9021.953892330273,0.30382166151345374,0.0,63153.67724631191,0.9557324922701806,0.9161371687348293,BASELINE,1.0132802523189457,9141.767716430313,98424.1159232669,95316.36077386286
2022-07-13 21:40:00,9093.038888991003,5811,0.3063019646447904,0.9656118966072872,1.6436122357044545,21,2,0,0,0,0,0,9032.886271636733,0.30526600826031397,0.0,63230.203901457135,0.9578990123904709,0.9182139314535427,BASELINE,1.0126302962828588,9146.974301536873,99620.35848604141,96631.50473011186
2022-07-13 21:45:00,9072.927083402006,5838,0.30702905469066816,0.9656118966072872,1.6536493476882603,21,2,0,0,0,0,0,9023.8258550711,0.3069165865497283,0.0,63166.780985497695,0.9603748798245925,0.9205872254449096,BASELINE,1.0118875360526223,9131.096910255843,100128.17988799354,97303.70119232041
2022-07-13 21:50:00,9058.399999987005,5872,0.3082895870266889,0.9656118966072872,1.654183535740892,21,2,0,0,0,0,0,9002.540046990825,0.3073919340465534,0.0,63017.780328935776,0.9610879010698301,0.9212707067225087,BASELINE,1.011673629679051,9107.632365670222,99924.26171064466,97157.087641076
2022-07-13 21:55:00,9100.945416829007,5912,0.3099000368978107,0.9656118966072872,1.6729037336680166,21,2,0,0,0,0,0,9022.842936613493,0.30910048768919995,0.0,63159.90055629445,0.9636507315337999,0.9237273609266904,BASELINE,1.01090478053986,9121.23505868289,101282.99617212033,98665.75556429123
2022-07-13 22:00:00,9121.275000132,5936,0.3098872275086209,0.9656118966072872,1.6818488528785427,22,2,0,0,0,0,0,9060.228759405147,0.3105983912549128,0.0,63421.60131583603,0.9658975868823692,0.9258811306417971,BASELINE,1.0102307239352892,9152.92145863319,102246.4689711312,99770.00003055429
2022-07-13 22:05:00,9121.275000132,5961,0.31102784891239593,0.9656118966072872,1.6818488528785427,22,2,0,0,0,0,0,9121.072367173854,0.3105763012163857,0.0,63847.50657021698,0.9658644518245785,0.9258493683460964,BASELINE,1.0102406644526265,9214.478208734205,102933.10108815771,100437.54421076714
2022-07-13 22:10:00,8963.733333358005,5976,0.3112373605148062,0.9656118966072872,1.6934862798056671,22,2,0,0,0,0,0,9030.17479152738,0.31156342793338737,0.0,63211.223540691666,0.967345141900081,0.9272687144753909,BASELINE,1.0097964574299756,9118.638514457818,102612.44395725566,100234.06168097605
2022-07-13 22:15:00,8884.358333383001,5994,0.3115035912310964,0.9656118966072872,1.6993927125303645,22,2,0,0,0,0,0,8915.892558936406,0.31170035670824003,0.0,62411.24791255484,0.9675505350623601,0.927465598343722,BASELINE,1.009734839481292,9002.687341830097,101667.17829686076,99325.73074189523
2022-07-13 22:20:00,8884.358333383001,6007,0.31163584409572653,0.9656118966072872,1.6993927125303645,22,2,0,0,0,0,0,8892.799630155661,0.3121109243921733,0.0,62249.59741108963,0.9681663865882599,0.9280559355749682,BASELINE,1.009550084023522,8977.726613827994,101403.85155842945,99113.38769378077
2022-07-13 22:25:00,8815.508333511994,6029,0.31254605312920963,0.9656118966072872,1.7108636977125504,22,2,0,0,0,0,0,8838.583807910396,0.31216695951274326,0.0,61870.08665537277,0.9682504392691149,0.9281365060124974,BASELINE,1.0095248682192655,8922.770153925676,101465.94109190936,99180.20739673586
2022-07-13 22:30:00,8783.108333457,6046,0.313364626735416,0.9656118966072872,1.7162618083765189,22,2,0,0,0,0,0,8790.566600712047,0.3133147744986256,0.0,61533.96620498433,0.9699721617479384,0.9297868987425278,BASELINE,1.0090083514756185,8869.755114321095,101233.11469939166,99077.86289237175
2022-07-13 22:35:00,8783.108333457,6056,0.3132531181568452,0.9656118966072872,1.7162618083765189,22,2,0,0,0,0,0,8764.357573091725,0.3143831004797555,0.0,61350.50301164208,0.9715746507196332,0.9313229977255916,BASELINE,1.00852760478411,8839.096550661674,100931.28870571425,98898.51795240185
2022-07-13 22:40:00,8741.525000094996,6074,0.31420703083607765,0.9656118966072872,1.7257085020647775,22,2,0,0,0,0,0,8760.980082827891,0.31416319283939254,0.0,61326.86057979524,0.9712447892590887,0.9310068021928645,BASELINE,1.0086265632222733,8836.557231401483,101447.72774477633,99380.55720571191
2022-07-13 22:45:00,8720.733333392995,6640,0.3449298583085917,0.9656118966072872,1.7304318488582997,22,2,0,0,0,0,0,8747.04942420276,0.31502986236433705,0.0,61229.345969419315,0.9725447935465056,0.9322529482189227,BASELINE,1.0082365619360483,8819.09503854288,101563.64352338074,99588.76071487933
2022-07-13 22:50:00,8720.733333392995,7215,0.3783368670919838,0.9656118966072872,1.7304318488582997,22,2,0,0,0,0,0,8727.07616397668,0.33238107045092846,0.0,61089.533147836766,0.9985716056763927,0.9572014878664871,BASELINE,1.0004285182970822,8730.815875792974,101331.73022516748,101230.34903293583
2022-07-13 22:55:00,8729.466666519998,7784,0.4086579600033973,0.9656118966072872,1.7323751686923083,22,2,0,0,0,0,0,8729.103738280006,0.34877320281512647,0.0,61103.72616796004,1.0231598042226897,0.9807710146772658,BASELINE,0.9930520587331931,8668.454438194573,101469.0973728201,103097.77278093036
2022-07-13 23:00:00,8748.025000023998,7785,0.4086397021172042,0.9656118966072872,1.7365047233805673,23,2,0,0,0,0,0,8741.763251125025,0.34877320281512647,0.0,61192.34275787517,1.0231598042226897,0.9807710146772658,BASELINE,0.9930520587331931,8681.025993487878,101858.48250626225,103493.40791567873
2022-07-13 23:05:00,8560.939999913,7242,0.37956701516941105,0.9438763437773272,1.7362753036599194,23,2,0,0,0,0,0,8701.533559690912,0.34877320281512647,0.0,60910.73491783638,1.0231598042226897,0.9807710146772658,BASELINE,0.9930520587331931,8641.07581558703,101376.33345439474,103003.51991348887
2022-07-13 23:10:00,8522.530277847998,6682,0.3469797221998526,0.9438763437773272,1.7420737741700412,23,2,0,0,0,0,0,8577.234051988806,0.34877320281512647,0.0,60040.63836392164,1.0231598042226897,0.9807710146772658,BASELINE,0.9930520587331931,8517.63993356393,100261.91517318002,101871.2141601673
2022-07-13 23:15:00,8639.057916568996,6143,0.3168034540471331,0.9438763437773272,1.7495051731983808,23,2,0,0,0,0,0,8633.532292125114,0.3289691758535791,0.0,60434.726044875795,0.9934537637803686,0.9522956745530579,BASELINE,1.0019638708658893,8650.487434663333,101350.51060514094,100884.78257838676
2022-07-13 23:20:00,8629.889444439994,6157,0.3173877835758575,0.9438763437773272,1.7507737292145749,23,2,0,0,0,0,0,8653.941643517643,0.3178325628982953,0.0,60577.5915046235,0.976748844347443,0.9362828281582766,BASELINE,1.0069753466957672,8714.305886766115,101663.7618577582,99992.61356775384
2022-07-13 23:25:00,8635.778333342996,6178,0.3189041469695233,0.9438763437773272,1.7573448043562758,23,2,0,0,0,0,0,8671.915852921104,0.31873299544981376,0.0,60703.41097044772,0.9780994931747207,0.9375775205566044,BASELINE,1.0065701520475838,8728.891658618648,102257.27825041514,100674.92413125918
2022-07-13 23:30:00,8651.233333339997,6195,0.3194133031924974,0.9438763437773272,1.7607962213603243,23,2,0,0,0,0,0,8682.358090206266,0.3198759610959191,0.0,60776.50663144386,0.9798139416438787,0.9392209406340628,BASELINE,1.0060558175068364,8734.936866329559,102581.48540969726,101119.44443688024
2022-07-13 23:35:00,8692.425416699998,6213,0.32038487025068085,0.9438763437773272,1.7621659919392718,23,2,0,0,0,0,0,8682.22718913385,0.32029441875971953,0.0,60775.59032393695,0.9804416281395794,0.9398226225206526,BASELINE,1.0058675115581261,8733.170257516369,102659.73850627936,101242.4572415656
2022-07-13 23:40:00,9238.219444473998,6248,0.32196925130112314,0.9438763437773272,1.7819388214331977,23,2,0,0,0,0,0,8946.241097514448,0.32088463475789125,0.0,62623.68768260114,0.9813269521368368,0.9406712681686978,BASELINE,1.005601914358949,8996.357173977234,106968.41970627947,105559.03179981501
2022-07-13 23:45:00,9501.275000068996,6279,0.32357175503271113,0.9438763437773272,1.791497975716598,23,2,0,0,0,0,0,9360.150960919525,0.3226036863629607,0.0,65521.05672643668,0.9839055295444411,0.9431430169317381,BASELINE,1.0048283411366676,9405.344962849553,112517.8350029982,111241.45080792239
2022-07-13 23:50:00,9716.524999978998,6321,0.32639070607411286,0.9438763437773272,1.7995951417125495,23,2,0,0,0,0,0,9585.088203910496,0.3244358451979407,0.0,67095.61742737348,0.986653767796911,0.9457773976104216,BASELINE,1.0040038696609266,9623.465647767438,115742.56909543397,114655.0751670009
2022-07-13 23:55:00,10192.976944619992,6378,0.32994694601316804,0.9438763437773272,1.8165710751578934,23,2,0,0,0,0,0,9923.695246015883,0.3270097137712121,0.0,69465.86672211118,0.9905145706568181,0.9494782501290139,BASELINE,1.0028456288029546,9951.934399039688,120961.73452284744,120155.30773215333
2022-07-14 00:00:00,10972.81694453199,6439,0.3347355136798805,0.9115231461497972,1.8406792623117398,0,3,0,0,1,0,0,10763.68077783541,0.3335329372944792,0.0,75345.76544484787,1.0002994059417187,0.9588577065846089,BASELINE,0.9999101782174844,10762.713964841516,132941.66722391226,132969.52611623684
2022-07-14 00:05:00,12365.245833477995,6513,0.3394731746693357,0.9115231461497972,1.8821862348178127,0,3,0,0,1,0,0,12191.538238012137,0.3390282697931785,0.0,85340.76766608495,1.0085424046897677,0.9667592037043569,BASELINE,0.9974372785930696,12160.294721986173,153972.5457343921,154889.88205544106
2022-07-14 00:10:00,12752.608333398992,6583,0.3432493255529673,0.9115231461497972,1.8937246963400804,0,3,0,0,1,0,0,12881.629287001566,0.3405920515167704,0.0,90171.40500901097,1.0108880772751556,0.9690076967278091,BASELINE,0.9967335768174533,12839.552434469531,163685.3577237225,164927.08941943554
2022-07-14 00:15:00,13312.543333398997,6655,0.34741116698269,0.9115231461497972,1.9107186234655866,0,3,0,0,1,0,0,13382.400383469556,0.34502993043114777,0.0,93676.80268428689,1.0175448956467217,0.9753887278061001,BASELINE,0.9947365313059835,13311.962538000369,171574.58145588977,173665.9177455674
2022-07-14 00:20:00,14525.830555382006,6722,0.3501637715157228,0.9115231461497972,1.9489428700323883,0,3,0,0,1,0,0,13733.949724903528,0.3484365254239583,0.0,96137.6480743247,1.0226547881359376,0.9802869210510423,BASELINE,0.9932035635592188,13640.607808517338,179604.3099649831,182424.8842745154
2022-07-14 00:25:00,15051.883333434995,6770,0.35255467579203276,0.9115231461497972,1.9663022942267203,0,3,0,0,1,0,0,14429.57220023895,0.35057826236465317,0.0,101007.00540167265,1.0258673935469798,0.9833664304842137,BASELINE,0.9922397819359061,14317.59557339351,190382.02144240067,193791.08547096554
2022-07-14 00:30:00,15092.003333436995,6801,0.3540278337245525,0.9115231461497972,1.9681826361052626,0,3,0,0,1,0,0,15067.062638576617,0.3527701287615366,0.0,105469.43847003632,1.029155193142305,0.9865180188596117,BASELINE,0.9912534420573085,14935.277702182144,198983.09518984248,202993.326391673
2022-07-14 00:35:00,15319.403194676992,6831,0.35597705807624525,0.9115231461497972,1.9798099415303634,0,3,0,0,1,0,0,15230.816603464917,0.3536073715544786,0.0,106615.71622425441,1.030411057331718,0.9877218534808154,BASELINE,0.9908766828004846,15091.86103238386,202334.00671808413,206585.10295900799
2022-07-14 00:40:00,15431.322777896996,6838,0.35634096004645843,0.9115231461497972,1.9858367071497967,0,3,0,0,1,0,0,15338.192323411942,0.3570731422140341,0.0,107367.34626388359,1.0356097133210511,0.9927051328166274,BASELINE,0.9893170860036846,15174.335733961987,204380.71089836414,209397.5182734581
2022-07-14 00:45:00,15502.133888604001,6848,0.35659859929363946,0.9115231461497972,1.9888933873319827,0,3,0,0,1,0,0,15456.65646187676,0.35742033028141806,0.0,108196.59523313733,1.036130495422127,0.9932043392823134,BASELINE,0.9891608513733618,15289.119465215592,206276.26091596397,211412.48267128805
2022-07-14 00:50:00,15555.202777965002,6852,0.3565232807330878,0.9115231461497972,1.990683760700404,0,3,0,0,1,0,0,15461.411516021875,0.35762059636244087,0.0,108229.88061215312,1.0364308945436613,0.9934922930799698,BASELINE,0.9890707316369016,15292.429600290972,206525.4633853459,211709.9677465023
2022-07-14 00:55:00,15557.531666850999,6856,0.35650677285594917,0.9115231461497972,1.9908906882793516,0,3,0,0,1,0,0,15498.988150859963,0.3577955692461523,0.0,108492.91705601974,1.0366933538692285,0.9937438789006653,BASELINE,0.9889919938392314,15328.375193809617,207048.9125382562,212283.40451492628
2022-07-14 01:00:00,15528.573333416998,6860,0.357231764736446,0.9115231461497972,1.9919838056842096,1,3,0,0,1,0,0,15507.37795884915,0.3578002175831179,0.0,108551.64571194406,1.0367003263746768,0.9937505625401273,BASELINE,0.988989902087597,15336.64020915758,207274.73456836966,212515.91548407287
2022-07-14 01:05:00,15511.595000168,6853,0.3570416654973015,0.9115231461497972,1.9940620782712548,1,3,0,0,1,0,0,15469.307652270018,0.3578304238814612,0.0,108285.15356589013,1.0367456358221918,0.9937939948491668,BASELINE,0.9889763092533425,15298.77878864649,206981.60175553593,212221.72858736353
2022-07-14 01:10:00,15476.795000171998,6840,0.35583879595786794,0.9115231461497972,1.9932591093157888,1,3,0,0,1,0,0,15431.490106052952,0.357628129745252,0.0,108020.43074237066,1.036442194617878,0.9935031250000761,BASELINE,0.9890673416146366,15262.78289634636,206392.45385155207,211575.20080033003
2022-07-14 01:15:00,15022.430556079998,6814,0.3540535725659426,0.9115231461497972,1.9812809266720646,1,3,0,0,1,0,0,15197.944654436049,0.3566766191103404,0.0,106385.61258105234,1.0350149286655106,0.9921349896701498,BASELINE,0.9894955214003468,15038.298170054812,202047.327145147,206925.2823196072
2022-07-14 01:20:00,14818.654166918,6795,0.35296316960801577,0.9115231461497972,1.9749156545060729,1,3,0,0,1,0,0,14969.488747718622,0.3528489983364663,0.0,104786.42123403035,1.0292734975046995,0.9866314219556555,BASELINE,0.9912179507485901,14838.02596026773,198370.78537482722,202384.69263953913
2022-07-14 01:25:00,14686.423333385,6778,0.3520106174624936,0.9115231461497972,1.9697705802834018,1,3,0,0,1,0,0,14702.842994875908,0.35252365062059793,0.0,102919.90096413135,1.028785475930897,0.9861636187716881,BASELINE,0.9913643572207309,14575.874494932481,194329.69032215275,198197.094472823
2022-07-14 01:30:00,14624.650000263007,6765,0.351242697809323,0.9115231461497972,1.9676113360121459,1,3,0,0,1,0,0,14516.910709847714,0.35150150775489264,0.0,101618.374968934,1.027252261632339,0.9846939244608792,BASELINE,0.9918243215102983,14398.225115220292,191661.86678299,195275.41695795592
2022-07-14 01:35:00,14354.334721897994,6749,0.3517906393965664,0.9115231461497972,1.9607962213238859,1,3,0,0,1,0,0,14417.414535174066,0.35032657877825374,0.0,100921.90174621847,1.0254898681673805,0.9830045457150038,BASELINE,0.9923530395497858,14307.165136429247,189688.95290847652,193036.58121687788
2022-07-14 01:40:00,14233.241667073,6748,0.35196071164832315,0.9115231461497972,1.957715924425101,1,3,0,0,1,0,0,14303.050435354871,0.3510052502558152,0.0,100121.3530474841,1.026507875383723,0.983980377609885,BASELINE,0.9920476373848831,14189.307391790624,187888.6455886446,191335.40877988204
2022-07-14 01:45:00,14076.358750237994,6731,0.3514144662237156,0.9115231461497972,1.953532388688259,1,3,0,0,1,0,0,14084.183125812766,0.35147738422214486,0.0,98589.28188068936,1.0272160763332172,0.984659238293196,BASELINE,0.9918351771000348,13969.188264899825,184618.18264653493,188094.36560584194
2022-07-14 01:50:00,13997.822500268,6724,0.35086406072269033,0.9115231461497972,1.9523211876072868,1,3,0,0,1,0,0,14001.224122649792,0.3506039578591449,0.0,98008.56885854855,1.0259059367887173,0.9834033769066122,BASELINE,0.9922282189633848,13892.409674523982,183416.94997691998,186706.13321454806
2022-07-14 01:55:00,13953.766666898,6713,0.3498274945255002,0.9115231461497972,1.951144849323886,1,3,0,0,1,0,0,13838.311638477571,0.3498336793067957,0.0,96868.18146934299,1.0247505189601935,0.9822958272243625,BASELINE,0.992574844311942,13735.56002010201,181173.55690721783,184279.1591616151
2022-07-14 02:00:00,13777.452777448,6713,0.3491291451657205,0.9115231461497972,1.9467442645101218,2,3,0,0,1,0,0,13807.32482426926,0.3487014437299674,0.0,96651.27376988482,1.0230521655949512,0.9806678354420086,BASELINE,0.9930843503215147,13711.83820278756,180360.1708725861,183241.80249558957
2022-07-14 02:05:00,13631.566666937002,6702,0.34801319629860555,0.9115231461497972,1.9433198380769228,2,3,0,0,1,0,0,13663.114191223676,0.34839392577581835,0.0,95641.79933856573,1.0225908886637276,0.9802256688889284,BASELINE,0.9932227334008817,13570.515623775558,178162.4492369483,180952.56540699844
2022-07-14 02:10:00,13638.233333607002,6695,0.3477567572640811,0.9115231461497972,1.9433198380769228,2,3,0,0,1,0,0,13545.421087333742,0.3475700531772282,0.0,94817.94761133619,1.0213550797658424,0.9790410586826597,BASELINE,0.9935934760702473,13458.64202299916,176627.77044016286,179243.93576036984
2022-07-14 02:15:00,13447.726389306,6678,0.34612772462828933,0.9115231461497972,1.9354430949190284,2,3,0,0,1,0,0,13526.205180702022,0.34673455885480675,0.0,94683.43626491415,1.0201018382822102,0.9778397381103847,BASELINE,0.993969448515337,13444.634703967682,175662.30217044347,178112.80211123548
2022-07-14 02:20:00,13359.275000227002,6676,0.34601626872049324,0.9115231461497972,1.9318488529149795,2,3,0,0,1,0,0,13366.186770025604,0.34545659270674783,0.0,93563.30739017922,1.0181848890601217,0.9760022067434632,BASELINE,0.9945445332819635,13293.267982954669,173261.81599040094,175450.1500270378
2022-07-14 02:25:00,13367.282222001997,6672,0.3446830091125868,0.9115231461497972,1.9316205578137646,2,3,0,0,1,0,0,13299.297089220583,0.34548392754929386,0.0,93095.07962454409,1.0182258913239408,0.9760415103123914,BASELINE,0.9945322326028178,13226.579626190702,172374.37274395608,174556.3683964186
2022-07-14 02:30:00,13371.108333622999,6662,0.34358326438808284,0.9115231461497972,1.9315114709797572,2,3,0,0,1,0,0,13305.961198700992,0.3444768017665322,0.0,93141.72839090694,1.0167152026497983,0.974593408405255,BASELINE,0.9949854392050606,13239.237647335001,172451.00776848273,174454.34050791015
2022-07-14 02:35:00,13371.506944733,6652,0.34282180543619045,0.9115231461497972,1.9317420152874494,2,3,0,0,1,0,0,13305.71668298521,0.34397397393761947,0.0,93140.01678089648,1.0159609609064293,0.9738704143657091,BASELINE,0.9952117117280712,13242.005075842466,172468.42203267652,174382.17423507347
2022-07-14 02:40:00,13047.942083626998,6635,0.34183947570015466,0.9115231461497972,1.921676788129555,2,3,0,0,1,0,0,13157.761295821061,0.3423156185170723,0.0,92104.32907074742,1.0134734277756086,0.9714859379792351,BASELINE,0.9959579716673175,13104.577251868679,169661.9834661831,171252.89361484713
2022-07-14 02:45:00,12888.483333627,6921,0.3591348888530891,0.9115231461497972,1.9166666666720655,2,3,0,0,1,0,0,12870.758530503674,0.3415842288096551,0.0,90095.30971352571,1.0123763432144828,0.9704343048582296,BASELINE,0.9962870970356552,12822.970653002401,165528.55535552299,166954.99570964376
2022-07-14 02:50:00,12888.483333627,7210,0.37682490879633357,0.9115231461497972,1.9166666666720655,2,3,0,0,1,0,0,12836.574695622294,0.3624010624128578,0.0,89856.02286935606,1.0436015936192868,1.0003659151469444,BASELINE,0.986919521914214,12668.66616161965,165088.92308435452,170033.4660648142
2022-07-14 02:55:00,12868.618889011,7495,0.39386959310476755,0.9115231461497972,1.915281151619434,2,3,0,0,1,0,0,12761.414802000101,0.372392116232811,0.0,89329.90361400071,1.0585881743492165,1.0147316124000754,BASELINE,0.9824235476952351,12537.114403391426,164003.66464079035,170560.85092622467
2022-07-14 03:00:00,12782.066666793999,7490,0.39381919218230743,0.9115231461497972,1.9092442645182193,3,3,0,0,1,0,0,12733.127444428546,0.37256693873950963,0.0,89131.89211099982,1.0588504081092645,1.0149829820002723,BASELINE,0.9823448775672207,12508.322520444977,163124.34197714165,169674.80783383347
2022-07-14 03:05:00,12550.097916727002,7177,0.37577870822624115,0.9115231461497972,1.9022267206315793,3,3,0,0,1,0,0,12606.443472842067,0.37256693873950963,0.0,88245.10430989446,1.0588504081092645,1.0149829820002723,BASELINE,0.9823448775672207,12383.87516988713,160907.78294111346,167369.24004467335
2022-07-14 03:10:00,12380.056666818005,6868,0.3571969688851082,0.9115231461497972,1.8947773279149804,3,3,0,0,1,0,0,12425.693075159033,0.37269934640104263,0.0,86979.85152611323,1.0590490196015638,1.015173365158431,BASELINE,0.9822852941195309,12205.57557697161,157979.59413595934,164344.31989644107
2022-07-14 03:15:00,12358.816666734001,6562,0.33904986489940575,0.9115231461497972,1.8930499325101222,3,3,0,0,1,0,0,12410.401648811565,0.3593013412643611,0.0,86872.81154168096,1.0389520118965416,0.9959089623178543,BASELINE,0.9883143964310375,12265.378615011954,157641.33310064356,161867.89122792942
2022-07-14 03:20:00,12264.628889037003,6554,0.33871187524462243,0.9115231461497972,1.8905015744493936,3,3,0,0,1,0,0,12284.876225439997,0.338723367780752,0.0,85994.13357807999,1.0080850516711282,0.9663207984989279,BASELINE,0.9975744844986616,12255.079067723169,155836.79968565452,156715.70766525363
2022-07-14 03:25:00,12219.622222354006,6553,0.3388764192091223,0.9115231461497972,1.888663967591094,3,3,0,0,1,0,0,12231.567583233116,0.3384609303863607,0.0,85620.97308263181,1.007691395579541,0.9659434513017585,BASELINE,0.9976925813261377,12203.344235780954,155009.74661509364,155841.5645112314
2022-07-14 03:30:00,12254.753611300008,6550,0.3387327466344757,0.9115231461497972,1.889468061190284,3,3,0,0,1,0,0,12194.945745157602,0.3389853725037178,0.0,85364.62021610321,1.0084780587555766,0.966697523576867,BASELINE,0.997456582373327,12163.928905193046,154611.43817431442,155525.66765012388
2022-07-14 03:35:00,12272.025000150004,6549,0.33856277491244496,0.9115231461497972,1.8900134952914989,3,3,0,0,1,0,0,12214.557671091867,0.3384993786793265,0.0,85501.90369764307,1.0077490680189898,0.9659987344126897,BASELINE,0.997675279594303,12186.162239627316,154904.7880407726,155742.25493869203
2022-07-14 03:40:00,12314.179166881007,6540,0.3390072910597908,0.9115231461497972,1.889787449392714,3,3,0,0,1,0,0,12290.045140725308,0.3384865297518223,0.0,86030.31598507715,1.0077297946277335,0.9659802595044488,BASELINE,0.99768106161168,12261.545283254294,155843.47756187138,156683.9307333313
2022-07-14 03:45:00,12334.941666851004,6541,0.3388735947274256,0.9115231461497972,1.8896761133603244,3,3,0,0,1,0,0,12325.92828560485,0.33901199411730654,0.0,86281.49799923395,1.0085179911759599,0.9667358016252189,BASELINE,0.997444602647212,12294.43064109316,156289.28423638665,157217.77183146737
2022-07-14 03:50:00,12334.941666851004,6537,0.33849610437179906,0.9115231461497972,1.8896761133603244,3,3,0,0,1,0,0,12311.614314193614,0.3390860647789621,0.0,86181.30019935529,1.008629097168443,0.9668423045747433,BASELINE,0.997411270849467,12279.742879328342,156107.7871276411,157047.24841488246
2022-07-14 03:55:00,12336.344444818007,6535,0.33863974626351306,0.9115231461497972,1.8921749887449397,3,3,0,0,1,0,0,12324.648339343506,0.3385001854122816,0.0,86272.53837540455,1.0077502781184224,0.9659998943785557,BASELINE,0.9976749165644733,12295.992503641008,156479.70769581033,157325.82080287856
2022-07-14 04:00:00,12337.025000252006,6533,0.338654736052934,0.9115231461497972,1.8933873144331992,4,3,0,0,1,0,0,12328.447724687185,0.33854888712513437,0.0,86299.1340728103,1.0078233306877016,0.9660699204313785,BASELINE,0.9976530007936896,12299.512867662304,156628.23474743814,157483.1069742789
2022-07-14 04:05:00,12337.025000252006,6532,0.3388791352636241,0.9115231461497972,1.8933873144331992,4,3,0,0,1,0,0,12331.252723430018,0.3385981200095117,0.0,86318.76906401012,1.0078971800142675,0.9661407102323953,BASELINE,0.9976308459957197,12302.038086662511,156663.8711885676,157526.98201937333
2022-07-14 04:10:00,12263.719444535003,6523,0.338241367963377,0.9115231461497972,1.8884390463238871,4,3,0,0,1,0,0,12297.697271666273,0.3391844015267988,0.0,86083.88090166391,1.0087766022901983,0.9669836986632687,BASELINE,0.9973670193129405,12265.31767225467,155829.2433025287,156782.99820864003
2022-07-14 04:15:00,12227.066666842004,6520,0.33821485392555223,0.9115231461497972,1.8859649122550615,4,3,0,0,1,0,0,12253.95647200771,0.3383892272467914,0.0,85777.69530405398,1.0075838408701872,0.9658403525082065,BASELINE,0.9977248477389439,12226.07685523354,155071.55225026543,155892.10316783708
2022-07-14 04:20:00,12227.066666842004,6516,0.338183484457838,0.9115231461497972,1.8859649122550615,4,3,0,0,1,0,0,12205.44979575558,0.33839849409226097,0.0,85438.14857028905,1.0075977411383914,0.9658536768980962,BASELINE,0.9977206776584826,12177.629641347845,154457.70923571728,155276.5051673941
2022-07-14 04:25:00,12194.943055524998,6514,0.33813904021670327,0.9115231461497972,1.884147548336033,4,3,0,0,1,0,0,12202.099554241322,0.33843992811470547,0.0,85414.69687968926,1.0076598921720583,0.9659132530582436,BASELINE,0.9977020323483825,12174.05952418386,154266.5140132964,155090.96398983677
2022-07-14 04:30:00,12179.358333544002,6511,0.3381103512320156,0.9115231461497972,1.883265856939272,4,3,0,0,1,0,0,12176.67591629954,0.3384529923278301,0.0,85236.73141409678,1.0076794884917453,0.9659320375162178,BASELINE,0.9976961534524764,12148.622723529461,153873.05362900448,154697.49769224986
2022-07-14 04:35:00,12179.358333544002,6506,0.3378799842943396,0.9115231461497972,1.883265856939272,4,3,0,0,1,0,0,12133.412856509318,0.3384115931642285,0.0,84933.88999556523,1.0076173897463427,0.9658725114780689,BASELINE,0.9977147830760972,12105.685376104922,153326.35113277193,154141.24472396667
2022-07-14 04:40:00,12047.375277514999,6505,0.33796377602161354,0.9115231461497972,1.8802541610242918,4,3,0,0,1,0,0,12113.781734917799,0.3384270976872694,0.0,84796.4721444246,1.0076406465309042,0.9658948047504379,BASELINE,0.9977078060407287,12086.01459760109,152833.47752687588,153648.2234311298
2022-07-14 04:45:00,11987.150000271002,6510,0.3384554939945392,0.9115231461497972,1.8788798920121461,4,3,0,0,1,0,0,12028.796343081363,0.3384581671771858,0.0,84201.57440156954,1.0076872507657786,0.9659394782047089,BASELINE,0.9976938247702665,12001.05583091144,151650.33808154412,152463.69152629597
2022-07-14 04:50:00,12113.139583528,6519,0.3387816596970649,0.9115231461497972,1.881415879425102,4,3,0,0,1,0,0,12023.644736206626,0.33852397183183686,0.0,84165.51315344639,1.0077859577477553,0.966034095825993,BASELINE,0.9976642126756734,11995.56005923959,151789.9902613542,152614.5110722629
2022-07-14 04:55:00,12171.525000231002,6524,0.3390880414324794,0.9115231461497972,1.8825910931093124,4,3,0,0,1,0,0,12096.805039737616,0.33888178679575526,0.0,84677.6352781633,1.008322680193633,0.9665485822392307,BASELINE,0.9975031959419102,12066.601687824477,152808.9787319471,153696.04952832236
2022-07-14 05:00:00,12166.413055731,6527,0.33919006532359425,0.9115231461497972,1.8823223121821868,5,3,0,0,1,0,0,12144.139365946681,0.3392315179475788,0.0,85008.97556162676,1.008847276921368,0.9670514452942821,BASELINE,0.9973458169235896,12111.906596764016,153385.0121225091,154331.33806524685
2022-07-14 05:05:00,12255.755833620007,6529,0.33944642078871734,0.9115231461497972,1.884298245599191,5,3,0,0,1,0,0,12198.320950641266,0.339436757387033,0.0,85388.24665448886,1.0091551360805495,0.9673465500654839,BASELINE,0.9972534591758352,12164.817764164065,154231.0772341715,155215.60365062547
2022-07-14 05:10:00,12274.097777901005,6525,0.3389464964538086,0.9115231461497972,1.8839001349392723,5,3,0,0,1,0,0,12243.249536547519,0.33981913497076227,0.0,85702.74675583263,1.0097287024561434,0.967896353990398,BASELINE,0.997081389263157,12207.516256996303,154766.4320827367,155816.0111964916
2022-07-14 05:15:00,12437.519999614002,6532,0.3395269819764931,0.9115231461497972,1.887294197028341,5,3,0,0,1,0,0,12408.797229654074,0.3392403884639439,0.0,86861.58060757852,1.0088605826959158,0.9670641998199685,BASELINE,0.9973418251912253,12375.812477451014,157141.71358734372,158112.66943581877
2022-07-14 05:20:00,12526.400000312004,6538,0.33983119304718135,0.9115231461497972,1.8893387314008105,5,3,0,0,1,0,0,12486.891786969196,0.33998211106207954,0.0,87408.24250878437,1.0099731665931193,0.9681306901504823,BASELINE,0.9970080500220642,12449.531631362686,158301.98768898033,159402.40454851565
2022-07-14 05:25:00,12563.864166972004,6550,0.34082146807754865,0.9115231461497972,1.890468960821863,5,3,0,0,1,0,0,12587.630470544913,0.3401725870959355,0.0,88113.41329381439,1.0102588806439032,0.9684045672695192,BASELINE,0.996922335806829,12548.889970968849,159674.56014313854,160816.1762541021
2022-07-14 05:30:00,12954.116805987001,6571,0.34195469597338557,0.9115231461497972,1.9022121007530364,5,3,0,0,1,0,0,12827.814331380085,0.3412676508094325,0.0,89794.7003196606,1.0119014762141487,0.9699791112630236,BASELINE,0.9964295571357554,12782.013353236754,163732.08705087675,165089.1869724219
2022-07-14 05:35:00,13141.201666888,6589,0.34322161946773766,0.9115231461497972,1.9080116959028341,5,3,0,0,1,0,0,13085.044331996654,0.3416994397126762,0.0,91595.31032397658,1.0125491595690144,0.9705999615529973,BASELINE,0.9962352521292958,13035.782439209699,167524.53578985043,168988.22568197167
2022-07-14 05:40:00,13329.225555685003,6604,0.34376555987308194,0.9115231461497972,1.9144039586113362,5,3,0,0,1,0,0,13280.013698961855,0.3432002878368137,0.0,92960.09589273299,1.0148004317552206,0.9727579651192708,BASELINE,0.9955598704734339,13221.048718023892,170590.28663808535,172346.4430819628
2022-07-14 05:45:00,13426.566666978006,6613,0.3443143878522784,0.9115231461497972,1.91767881240081,5,3,0,0,1,0,0,13462.656641003328,0.34460727731405605,0.0,94238.5964870233,1.016910915971084,0.9747810134615826,BASELINE,0.9949267252086748,13394.356884442259,173232.2840919313,175268.08346904535
2022-07-14 05:50:00,13426.170000318007,6622,0.3446515472516242,0.9115231461497972,1.9174493926963565,5,3,0,0,1,0,0,13432.34278114958,0.34448903903558564,0.0,94026.39946804706,1.0167335585533785,0.9746110038366875,BASELINE,0.9949799324339864,13364.911512818355,172821.53919428829,174831.36510555382
2022-07-14 05:55:00,13673.157500335003,6617,0.34417044503060357,0.9115231461497972,1.9216363023036438,5,3,0,0,1,0,0,13502.212836234126,0.34469003765691364,0.0,94515.48985363888,1.0170350564853705,0.9749000109218589,BASELINE,0.9948894830543888,13433.209548731304,174099.825701067,176160.7291834824
2022-07-14 06:00:00,13787.070000335008,6631,0.345090215702241,0.9115231461497972,1.9233873144493918,6,3,0,0,0,0,0,13797.406822559355,0.3442620316215923,0.0,96581.84775791549,1.0163930474323886,0.9742845998514411,BASELINE,0.9950820857702835,13729.552359213501,178068.21673258988,180097.2174501328
2022-07-14 06:05:00,13780.40000033501,6636,0.34557649994715084,0.9115231461497972,1.9230769230850193,6,3,0,0,0,0,0,13840.70550089141,0.3445866444087597,0.0,96884.93850623988,1.0168799666131396,0.9747513463137241,BASELINE,0.9949360100160581,13770.616306864207,178598.19959762009,180693.24517922086
2022-07-14 06:10:00,14042.167916961005,6634,0.3461960505634023,0.9115231461497972,1.9262100764777335,6,3,0,0,0,0,0,13849.423361405801,0.34482682123651687,0.0,96945.9635298406,1.0172402318547753,0.975096686020321,BASELINE,0.9948279304435674,13777.793180464128,179001.8560115993,181146.118281736
2022-07-14 06:15:00,14174.424166657007,6643,0.34715772766212816,0.9115231461497972,1.9273369320688258,6,3,0,0,0,0,0,14084.722928263665,0.3454955200491885,0.0,98593.06049784565,1.0182432800737828,0.9760581786585835,BASELINE,0.9945270159778652,14007.637464721083,182149.5672779678,184457.48442139057
2022-07-14 06:20:00,14174.149999968007,6650,0.3481320268691417,0.9115231461497972,1.9271255060688257,6,3,0,0,0,0,0,14203.243303613377,0.3458900636928259,0.0,99422.70312529364,1.018835095539239,0.9766254756264291,BASELINE,0.9943494713382284,14122.987470236194,183662.1729968788,186064.13235646964
2022-07-14 06:25:00,14483.238333405001,6636,0.3479049765326044,0.9115231461497972,1.9243724696396765,6,3,0,0,0,0,0,14278.469528229842,0.34756122400779604,0.0,99949.28669760888,1.0213418360116941,0.9790283636079113,BASELINE,0.9935974491964917,14187.050901679006,184371.15931097933,187100.33976523697
2022-07-14 06:30:00,14628.691666728007,6624,0.3475392534771384,0.9115231461497972,1.923076923048583,6,3,0,0,0,0,0,14572.715703843503,0.34710944493992685,0.0,102009.00992690452,1.0206641674098904,0.978378770338646,BASELINE,0.9938007497770329,14482.375792767216,188043.93950420216,190739.89064712817
2022-07-14 06:35:00,14533.253472440014,6589,0.34469550920153186,0.9115231461497972,1.9107489877975699,6,3,0,0,0,0,0,14640.459436693043,0.34625548695234554,0.0,102483.2160568513,1.0193832304285184,0.9771509016735822,BASELINE,0.9941850308714445,14555.325617040804,187707.02913771497,190232.73015581476
2022-07-14 06:40:00,14487.259166770016,6573,0.3441859289838296,0.9115231461497972,1.9046322536963556,6,3,0,0,0,0,0,14611.63112241208,0.3437654020401472,0.0,102281.41785688457,1.015648103060221,0.9735705179995606,BASELINE,0.9953055690819338,14543.03782950765,186737.7090757919,188769.4551636397
2022-07-14 06:45:00,14646.945416613004,6545,0.34272514779608854,0.9115231461497972,1.895479082319837,6,3,0,0,0,0,0,14629.719073886434,0.3431060198625602,0.0,102408.03351720504,1.0146590297938403,0.9726224213414875,BASELINE,0.9956022910618479,14565.38182755255,186070.35022375002,187967.68255069747
2022-07-14 06:50:00,14725.691666613007,6535,0.342689621989244,0.9115231461497972,1.891025641024291,6,3,0,0,0,0,0,14673.16030149458,0.34187680218598443,0.0,102712.12211046205,1.0128152032789766,0.9708549832595688,BASELINE,0.996155439016307,14616.74844189198,186184.3924939119,187845.41299265937
2022-07-14 06:55:00,14725.691666613007,6505,0.3418072978791628,0.9115231461497972,1.891025641024291,6,3,0,0,0,0,0,14764.136329137189,0.34161602855146433,0.0,103348.95430396032,1.0124240428271964,0.9704800283096082,BASELINE,0.9962727871518411,14709.107250519259,187338.76660897036,188959.34490463455
2022-07-14 07:00:00,14766.037916859012,6447,0.3372099600911421,0.9338524911497973,1.862952091797572,7,3,0,0,0,0,0,14768.833398440735,0.34092137950955526,0.0,103381.83378908514,1.011382069264333,0.9694812229770503,BASELINE,0.9965853792207001,14718.403433032401,184616.31168887194,186080.05744567784
2022-07-14 07:05:00,14801.816666670013,6386,0.3352335304896729,0.9338524911497973,1.8380566801578957,7,3,0,0,0,0,0,14761.784868218148,0.3356070355650814,0.0,103332.49407752704,1.003410553347622,0.9618399613462847,BASELINE,0.9989768339957134,14746.681111778395,182062.27434021747,182496.29219203812
2022-07-14 07:10:00,14801.816666670013,6330,0.3328595286836993,0.9338524911497973,1.8380566801578957,7,3,0,0,0,0,0,14706.883285160387,0.3335269554487178,0.0,102948.18299612272,1.0002904331730766,0.9588491055514474,BASELINE,0.999912870048077,14705.601875126815,181385.15384526335,181422.0254412805
2022-07-14 07:15:00,14676.049999952009,6246,0.3287866717172642,0.9338524911497973,1.7971210076356283,7,3,0,0,0,0,0,14656.12752193972,0.33040095488673416,0.0,102592.89265357803,0.9956014323301012,0.9543543667084948,BASELINE,1.0013195703009696,14675.467312544895,176733.447130996,176188.25951259947
2022-07-14 07:20:00,14613.166666993007,6177,0.3258532130533341,0.9338524911497973,1.7766531714210527,7,3,0,0,0,0,0,14578.921410741315,0.32789245750012846,0.0,102052.44987518921,0.9918386862501927,0.950747508546618,BASELINE,1.0024483941249422,14614.61635627137,173800.18827888282,172803.80887752067
2022-07-14 07:25:00,14613.166666993007,6108,0.3229682239791323,0.9338524911497973,1.7766531714210527,7,3,0,0,0,0,0,14532.933958837502,0.32357399893635935,0.0,101730.53771186252,0.9853609984045391,0.9445381867428058,BASELINE,1.0043917004786382,14596.758251860547,173251.95651508035,171465.45316019523
2022-07-14 07:30:00,14289.668333368998,6001,0.31642717674927034,0.9338524911497973,1.7174291498178127,7,3,0,0,0,0,0,14397.006540138771,0.3193553525106111,0.0,100779.0457809714,0.9790330287659166,0.9384723804262317,BASELINE,1.006290091370225,14487.565026733972,165910.25242391735,163453.32664583324
2022-07-14 07:35:00,14130.333333369003,5907,0.3120970741454815,0.9338524911497973,1.6882591093319843,7,3,0,0,0,0,0,14169.799475526726,0.3126687352729513,0.0,99188.59632868708,0.9690031029094269,0.9288579873286837,BASELINE,1.009299069127172,14301.565420367813,160518.46511503734,156989.29486424697
2022-07-14 07:40:00,14060.110277939,5810,0.3079200078975313,0.9338524911497973,1.6866689158947374,7,3,0,0,0,0,0,13985.25565563274,0.30919029847015717,0.0,97896.78958942919,0.9637854477052358,0.9238564959020944,BASELINE,1.0108643656884293,14137.196587321709,158278.6886223216,154204.01987439892
2022-07-14 07:45:00,13099.966944467007,5643,0.2965871272708141,0.9338524911497973,1.6027980206680175,7,3,0,0,0,0,1,13681.524630143864,0.3034593784113401,0.0,95770.67241100705,0.9551890676170101,0.9156162577820229,BASELINE,1.013443279714897,13865.449192673139,147141.6041087061,142437.47840779627
2022-07-14 07:50:00,12657.458333338003,5547,0.2914322638768313,0.9338524911497973,1.5630904183319851,7,3,0,0,0,0,1,13009.188590108866,0.29203922511547614,0.0,91064.32013076206,0.75,0.7189280286150213,DISCOUNT,1.075,13984.87773436703,136444.6471979709,110008.49680336402
2022-07-14 07:55:00,11971.378194128003,5429,0.2849358268586669,0.9338524911497973,1.5196738641295557,7,3,0,0,0,0,1,12318.262283848924,0.28606653090256884,0.0,86227.83598694247,0.75,0.7189280286150213,DISCOUNT,1.075,13242.131955137593,125609.36890989901,101272.55368360608
2022-07-14 08:00:00,11623.166666728,5340,0.2806586799156905,0.9656118966072872,1.497638326599191,8,3,0,1,0,0,1,11542.193696586806,0.2800299353256742,0.0,80795.35587610764,0.75,0.7189280286150213,DISCOUNT,1.075,12407.858223830815,115989.18481637105,93516.28025819917
2022-07-14 08:05:00,11623.166666728,5250,0.2769831325545394,0.9656118966072872,1.497638326599191,8,3,0,1,0,0,1,11346.687538049238,0.27536178471256983,0.0,79426.81276634466,0.75,0.7189280286150213,DISCOUNT,1.075,12197.68910340293,114024.51496664756,91932.26519185961
2022-07-14 08:10:00,9838.482083372,5109,0.26941830895053126,0.9656118966072872,1.411966936578948,8,3,0,1,0,0,1,10717.070881248104,0.2711353191280961,0.0,75019.49616873673,0.75,0.7189280286150213,DISCOUNT,1.075,11520.851197341712,101536.64810068972,81863.9225311811
2022-07-14 08:15:00,8959.458333366005,5028,0.2662451208999479,0.9656118966072872,1.3697705803036435,8,3,0,1,0,0,1,9596.709989116594,0.2651054877285241,0.0,67176.96992381616,0.75,0.7189280286150213,DISCOUNT,1.075,10316.463238300339,88204.8360849952,71115.14909352739
2022-07-14 08:20:00,8952.691666666005,4943,0.26230856072442843,0.9656118966072872,1.3695422852064776,8,3,0,1,0,0,1,8706.920990930257,0.26224442659668507,0.0,60948.4469365118,0.75,0.7189280286150213,DISCOUNT,1.075,9359.940065250026,80013.31090802002,64510.73191959115
2022-07-14 08:25:00,8133.905833157002,4897,0.25961137043388544,0.9656118966072872,1.3370152946558715,8,3,0,1,0,0,1,8292.275000945723,0.25880624687487935,0.0,58045.92500662006,0.75,0.7189280286150213,DISCOUNT,1.075,8914.195626016652,74393.03279110101,59979.38268782518
2022-07-14 08:30:00,7744.208333452004,4863,0.2577703858935828,0.9656118966072872,1.3215249662429158,8,3,0,1,0,0,1,7831.759603111078,0.25741396283679163,0.0,54822.31722177754,0.75,0.7189280286150213,DISCOUNT,1.075,8419.141573344408,69447.54738567273,55992.08507969864
2022-07-14 08:35:00,7723.8083335220035,4818,0.25574258768306807,0.9656118966072872,1.3210661268299604,8,3,0,1,0,0,1,7613.316738186492,0.25675675092297806,0.0,53293.21716730545,0.75,0.7189280286150213,DISCOUNT,1.075,8184.315493550479,67487.08152648775,54411.45948073075
2022-07-14 08:40:00,7510.180000051004,4789,0.25374591379953665,0.9656118966072872,1.2999730094372473,8,3,0,1,0,0,1,7402.862652062316,0.253331176880815,0.0,51820.03856443621,0.75,0.7189280286150213,DISCOUNT,1.075,7958.077350966989,64573.781450830415,52062.61129473202
2022-07-14 08:45:00,7399.8438891780015,4755,0.252224058300933,0.9656118966072872,1.2892352676639682,8,3,0,1,0,0,1,7323.839871498025,0.25119263967452654,0.0,51266.87910048617,0.75,0.7189280286150213,DISCOUNT,1.075,7873.1278618603765,63356.796492466085,51081.41717205079
2022-07-14 08:50:00,7393.000000308002,4727,0.25149123285723973,0.9656118966072872,1.2887989203846162,8,3,0,1,0,0,1,7270.994027831027,0.25046226703214247,0.0,50896.95819481719,0.75,0.7189280286150213,DISCOUNT,1.075,7816.318579918354,62878.3510137589,50695.6705048431
2022-07-14 08:55:00,7078.77777779,4700,0.2510479468660257,0.9656118966072872,1.2694894287044534,8,3,0,1,0,0,1,7064.028077542303,0.2503115269725536,0.0,49448.196542796126,0.75,0.7189280286150213,DISCOUNT,1.075,7593.830183357976,60173.28174596801,48514.70840768671
2022-07-14 09:00:00,6926.333333375001,4676,0.25023950418136864,0.9825735162307687,1.26012145748583,9,3,0,1,0,0,1,7010.962390994206,0.25043942365952065,0.0,49076.73673695944,0.75,0.7189280286150213,DISCOUNT,1.075,7536.78457031877,59280.55166443167,47794.94477944804
2022-07-14 09:05:00,6926.333333375001,4661,0.2510509417854454,0.9825735162307687,1.26012145748583,9,3,0,1,0,0,1,6876.749790610227,0.2500913650919881,0.0,48137.24853427159,0.75,0.7189280286150213,DISCOUNT,1.075,7392.506024905994,58145.72928950349,46879.9942396622
2022-07-14 09:10:00,6958.1763888669975,4647,0.24876384547066138,0.9825735162307687,1.2530791723036439,9,3,0,1,0,0,1,6881.779741645794,0.25022183401985815,0.0,48172.45819152056,0.75,0.7189280286150213,DISCOUNT,1.075,7397.913222269229,57863.07003983752,46652.10021961901
2022-07-14 09:15:00,6973.625000279001,4634,0.24926920644414519,0.9825735162307687,1.2496626180890684,9,3,0,1,0,0,1,6906.029715672211,0.24863008393489439,0.0,48342.20800970548,0.75,0.7189280286150213,DISCOUNT,1.075,7423.981944347626,57908.646421967715,46688.84617771147
2022-07-14 09:20:00,6973.032916939002,4620,0.24971690288176027,0.9825735162307687,1.2492060278947363,9,3,0,1,0,0,1,6916.410414893994,0.2490618468250551,0.0,48414.87290425796,0.75,0.7189280286150213,DISCOUNT,1.075,7435.141196011044,57974.501040475494,46741.94146388337
2022-07-14 09:25:00,6614.906111032,4581,0.24647554478209538,0.9825735162307687,1.2272998200566805,9,3,0,1,0,0,1,6764.5577633751955,0.24901545293737473,0.0,47351.90434362637,0.75,0.7189280286150213,DISCOUNT,1.075,7271.899595628335,55707.32086700449,44914.027449022375
2022-07-14 09:30:00,6446.2616668790015,4562,0.24666423738232732,0.9825735162307687,1.2182928474858308,9,3,0,1,0,0,1,6452.107132753101,0.2461565580169797,0.0,45164.749929271704,0.75,0.7189280286150213,DISCOUNT,1.075,6936.015167709583,52744.290742096,42525.084410814896
2022-07-14 09:35:00,6447.416666879001,4544,0.24591616708940914,0.9825735162307687,1.2189608636801628,9,3,0,1,0,0,1,6378.73748190478,0.24603933385056007,0.0,44651.162373333456,0.75,0.7189280286150213,DISCOUNT,1.075,6857.142793047638,52173.10496702826,42064.56587966654
2022-07-14 09:40:00,6379.571805349004,4517,0.24420593089318351,0.9825735162307687,1.2061549707206483,9,3,0,1,0,0,1,6336.627880274409,0.24582992341271345,0.0,44356.39516192087,0.75,0.7189280286150213,DISCOUNT,1.075,6811.874971294989,51284.19077413737,41347.87881164826
2022-07-14 09:45:00,6341.958333506002,4499,0.24346344553163404,0.9825735162307687,1.1990553306194336,9,3,0,1,0,0,1,6284.602795282709,0.24432658194726867,0.0,43992.219566978965,0.75,0.7189280286150213,DISCOUNT,1.075,6755.948004928912,50563.74712040003,40767.021115822536
2022-07-14 09:50:00,6341.958333506002,4487,0.24276365367601907,0.9825735162307687,1.1990553306194336,9,3,0,1,0,0,1,6277.63632274195,0.24327982800494155,0.0,43943.45425919365,0.75,0.7189280286150213,DISCOUNT,1.075,6748.459046947595,50507.697284420494,40721.830935564016
2022-07-14 09:55:00,6149.553333126002,4468,0.24194426569662478,0.9825735162307687,1.188832658566802,9,3,0,1,0,0,1,6198.129364864714,0.24210655208730653,0.0,43386.905554053,0.75,0.7189280286150213,DISCOUNT,1.075,6662.989067229568,49442.85674869842,39863.30325363811
2022-07-14 10:00:00,6056.208333412004,4451,0.24106230100737974,1.0080938447489876,1.1838731443846155,10,3,0,1,0,0,1,6107.547913847555,0.24160269663939038,0.0,42752.83539693288,0.75,0.7189280286150213,DISCOUNT,1.075,6565.614007386122,48517.034074377996,39116.85872246727
2022-07-14 10:05:00,6056.208333412004,4428,0.23996231125852055,1.0080938447489876,1.1838731443846155,10,3,0,1,0,0,1,6046.987653494959,0.24074559633710002,0.0,42328.913574464714,0.75,0.7189280286150213,DISCOUNT,1.075,6500.511727507081,48035.95651976425,38728.989944059926
2022-07-14 10:10:00,5778.513888846002,4419,0.23886978339184267,1.0080938447489876,1.1699280251902835,10,3,0,1,0,0,1,5933.421846599105,0.23941319775648318,0.0,41533.952926193735,0.75,0.7189280286150213,DISCOUNT,1.075,6378.428485094038,46578.61417090376,37554.007675291155
2022-07-14 10:15:00,5639.666666786,4397,0.23786546040727571,1.0080938447489876,1.162955465582996,10,3,0,1,0,0,1,5653.86251464099,0.23831346364120015,0.0,39577.03760248693,0.75,0.7189280286150213,DISCOUNT,1.075,6077.902203239065,44119.493688987146,35571.34178674589
2022-07-14 10:20:00,5608.958333482,4387,0.23813237980029148,1.0080938447489876,1.1634075573481784,10,3,0,1,0,0,1,5569.8075998712275,0.23757330077441619,0.0,38988.65319909859,0.75,0.7189280286150213,DISCOUNT,1.075,5987.543169861569,43480.473639663636,35056.13187197882
2022-07-14 10:25:00,5549.690000173003,4356,0.23628140069061543,1.0080938447489876,1.153076923080973,10,3,0,1,0,0,1,5575.84743520426,0.23774780357893444,0.0,39030.93204642982,0.75,0.7189280286150213,DISCOUNT,1.075,5994.03599284458,43141.11396496058,34782.523134249466
2022-07-14 10:30:00,5528.916666841,4351,0.2366668179763038,1.0080938447489876,1.1481106612672074,10,3,0,1,0,0,1,5517.001391292312,0.23597970187030612,0.0,38619.00973904619,0.75,0.7189280286150213,DISCOUNT,1.075,5930.776495639236,42501.96756512746,34267.211349384015
2022-07-14 10:35:00,5438.440694546999,4336,0.23619828712739688,1.0080938447489876,1.1449145299068837,10,3,0,1,0,0,1,5469.9102731537105,0.236326168076558,0.0,38289.37191207597,0.75,0.7189280286150213,DISCOUNT,1.075,5880.153543640238,42021.87838807228,33880.13945038328
2022-07-14 10:40:00,5382.135138972001,4334,0.2359588213587658,1.0080938447489876,1.1431635177327941,10,3,0,1,0,0,1,5371.173150268603,0.23589591613932887,0.0,37598.212051880226,0.75,0.7189280286150213,DISCOUNT,1.075,5774.011136538748,41200.23577628545,33217.69009463015
2022-07-14 10:45:00,5375.500000086001,4320,0.23535189608575857,1.0080938447489876,1.1430499324939278,10,3,0,1,0,0,1,5381.298323133162,0.23580156436497154,0.0,37669.088261932135,0.75,0.7189280286150213,DISCOUNT,1.075,5784.895697368149,41273.80075322948,33277.001857291274
2022-07-14 10:50:00,5457.156250073,4329,0.23620532208596426,1.0080938447489876,1.1439541160485835,10,3,0,1,0,0,1,5432.168679822448,0.23521102681117284,0.0,38025.18075875714,0.75,0.7189280286150213,DISCOUNT,1.075,5839.581330809132,41696.92656106217,33618.147039856376
2022-07-14 10:55:00,5488.7900000829995,4329,0.23637930018012332,1.0080938447489876,1.143481781368421,10,3,0,1,0,0,1,5463.735513014141,0.2359741820820715,0.0,38246.14859109899,0.75,0.7189280286150213,DISCOUNT,1.075,5873.515676490202,41921.914684020216,33799.543713991305
2022-07-14 11:00:00,5472.762499942,4322,0.23617869142844627,1.0216204580688255,1.1413551506558708,11,3,0,1,0,0,1,5486.413839774057,0.2360481996336362,0.0,38404.896878418396,0.75,0.7189280286150213,DISCOUNT,1.075,5897.894877757111,42017.63059649141,33876.714668421206
2022-07-14 11:05:00,5458.500000013002,4319,0.2362225604281869,1.0216204580688255,1.1393387314251018,11,3,0,1,0,0,1,5469.596451859146,0.23608166090867092,0.0,38287.17516301402,0.75,0.7189280286150213,DISCOUNT,1.075,5879.816185748582,41814.830314519066,33713.206941081
2022-07-14 11:10:00,5457.722222231002,4317,0.236492511122758,1.0216204580688255,1.1391138101538465,11,3,0,1,0,0,1,5462.792765144568,0.2360612552979167,0.0,38239.54935601198,0.75,0.7189280286150213,DISCOUNT,1.075,5872.50222253041,41754.57186203421,33664.623563765075
2022-07-14 11:15:00,5264.4683334070005,4300,0.23515020063724057,1.0216204580688255,1.1305128204858297,11,3,0,1,0,0,1,5321.690918334661,0.2366539751791243,0.0,37251.83642834263,0.75,0.7189280286150213,DISCOUNT,1.075,5720.81773720976,40368.938644194786,32547.45678188205
2022-07-14 11:20:00,5173.708333365002,4299,0.2352803894747471,1.0216204580688255,1.1265182186153853,11,3,0,1,0,0,1,5243.23595175871,0.2354544836924746,0.0,36702.65166231097,0.75,0.7189280286150213,DISCOUNT,1.075,5636.478648140614,39633.26160570819,31954.317169602225
2022-07-14 11:25:00,5190.148888689003,4284,0.23370425069610035,1.0216204580688255,1.1244736842024297,11,3,0,1,0,0,1,5192.035898022356,0.2365771144815442,0.0,36344.2512861565,0.75,0.7189280286150213,DISCOUNT,1.075,5581.438590374033,39175.01532185896,31584.85610324879
2022-07-14 11:30:00,5207.597222216001,4292,0.2340433606174909,1.0050609976842102,1.1237067026194336,11,3,0,1,0,0,1,5193.733694166958,0.23375999462544464,0.0,36356.13585916871,0.75,0.7189280286150213,DISCOUNT,1.075,5583.263721229479,39161.09630292695,31573.633894234852
2022-07-14 11:35:00,5212.72805548,4295,0.23399421710591675,1.0050609976842102,1.124275753449393,11,3,0,1,0,0,1,5200.352571840441,0.23395819612330476,0.0,36402.468002883084,0.75,0.7189280286150213,DISCOUNT,1.075,5590.3790147284735,39230.85973209727,31629.880659003422
2022-07-14 11:40:00,5342.361111025001,4321,0.2348838888202404,1.0050609976842102,1.1303418803238865,11,3,0,1,0,0,1,5295.171038322605,0.23412410333734748,0.0,37066.19726825824,0.75,0.7189280286150213,DISCOUNT,1.075,5692.3088661968,40161.69225275552,32380.364378784147
2022-07-14 11:45:00,5417.379722030004,4331,0.2346773574389938,1.0050609976842102,1.132357174963563,11,3,0,1,0,0,1,5430.248188811829,0.23522632295885093,0.0,38011.737321682805,0.75,0.7189280286150213,DISCOUNT,1.075,5837.516802972716,41259.6279921592,33265.57506867836
2022-07-14 11:50:00,5860.257916889005,4391,0.23747235427898258,1.0050609976842102,1.147134502906883,11,3,0,1,0,0,1,5590.266748209723,0.2349684820969857,0.0,39131.86723746806,0.75,0.7189280286150213,DISCOUNT,1.075,6009.536754325452,43029.77410089758,34692.75536884868
2022-07-14 11:55:00,6113.739444458,4442,0.24026075438726302,1.0050609976842102,1.1564563652550617,11,3,0,1,0,0,1,5959.12483401658,0.23798688092007197,0.0,41713.873838116066,0.75,0.7189280286150213,DISCOUNT,1.075,6406.059196567823,46241.714330331466,37282.38217882975
2022-07-14 12:00:00,7268.986111107003,4513,0.24410685910929936,0.9657306550404856,1.1883445793724698,12,3,0,0,0,0,1,6887.2351172176395,0.24099231296456763,0.0,48210.645820523474,0.75,0.7189280286150213,DISCOUNT,1.075,7403.777751008962,54917.339694186514,44277.10512843788
2022-07-14 12:05:00,8440.125000123997,4572,0.246912872407884,0.9657306550404856,1.2203103913441298,12,3,0,0,0,0,1,7871.4754235796045,0.2469830246538306,0.0,55100.32796505723,0.75,0.7189280286150213,DISCOUNT,1.075,8461.836080348074,64453.81757370939,51965.89041880319
2022-07-14 12:10:00,8456.125000123997,4630,0.2500848637160568,0.9657306550404856,1.220958164623482,12,3,0,0,0,0,1,8653.901456916992,0.24901106138374218,0.0,60577.31019841894,0.75,0.7189280286150213,DISCOUNT,1.075,9302.944066185766,70898.15297182198,57161.635833531465
2022-07-14 12:15:00,9826.498888835997,4713,0.25371594271575354,0.9657306550404856,1.2632546108866407,12,3,0,0,0,0,1,9526.849597790557,0.2523888793138305,0.0,66687.9471845339,0.75,0.7189280286150213,DISCOUNT,1.075,10241.363317624848,80753.6931621445,65107.665111979004
2022-07-14 12:20:00,10447.70833338399,4754,0.25573624232413716,0.9657306550404856,1.2823886639473685,12,3,0,0,0,0,1,10129.199928225627,0.2553534001355567,0.0,70904.39949757939,0.75,0.7189280286150213,DISCOUNT,1.075,10888.889922842549,87159.95669393329,70272.71508448372
2022-07-14 12:25:00,10953.883333311996,4812,0.2584537729207521,0.9657306550404856,1.2984480431862344,12,3,0,0,0,0,1,10683.07018448974,0.2589610407345795,0.0,74781.49129142817,0.75,0.7189280286150213,DISCOUNT,1.075,11484.300448326469,93077.10140060964,75043.4130042415
2022-07-14 12:30:00,11192.08333318399,4836,0.2596624635892246,0.9657306550404856,1.3060053981133601,12,3,0,0,0,0,1,10997.247449294404,0.2608290975010151,0.0,76980.73214506083,0.75,0.7189280286150213,DISCOUNT,1.075,11822.041007991484,96372.06425357299,77699.97680444323
2022-07-14 12:35:00,11529.22694449699,4878,0.2618862309307721,0.9657306550404856,1.3191812865344132,12,3,0,0,0,0,1,11332.243173181158,0.26111554724126196,0.0,79325.70221226811,0.75,0.7189280286150213,DISCOUNT,1.075,12182.161411169744,100309.6140554032,80874.62633216883
2022-07-14 12:40:00,11692.394999952996,4903,0.26358410207871985,0.9657306550404856,1.3253441295303647,12,3,0,0,0,0,1,11508.806534747377,0.2623483411342057,0.0,80561.64574323164,0.75,0.7189280286150213,DISCOUNT,1.075,12371.96702485343,102348.41951295057,82518.41323231641
2022-07-14 12:45:00,12027.836944284001,4992,0.2678790665669191,0.9657306550404856,1.338412055748988,12,3,0,0,0,0,1,11884.410495811304,0.26347079994941214,0.0,83190.87347067913,0.75,0.7189280286150213,DISCOUNT,1.075,12775.74128299715,106730.77829422153,86051.68999971611
2022-07-14 12:50:00,12189.881110914994,5055,0.2706159250329836,0.9657306550404856,1.3445771480080972,12,3,0,0,0,0,1,12219.753491450185,0.2683406467387115,0.0,85538.27444015129,0.75,0.7189280286150213,DISCOUNT,1.075,13136.235003308948,110247.90947491105,88887.37701414704
2022-07-14 12:55:00,12234.416666709,5142,0.2760176832632727,0.9657306550404856,1.3461988304210526,12,3,0,0,0,0,1,12245.176201055356,0.271354821783744,0.0,85716.2334073875,0.75,0.7189280286150213,DISCOUNT,1.075,13163.564416134506,110610.5215014112,89179.73296051279
2022-07-14 13:00:00,12364.5000001,5138,0.2755663428638844,0.9657306550404856,1.3512145749068825,13,3,0,0,0,0,1,12292.830827832458,0.2770391118506012,0.0,86049.81579482721,0.75,0.7189280286150213,DISCOUNT,1.075,13214.793139919891,111454.70798555482,89860.35831335357
2022-07-14 13:05:00,12394.23888869,5086,0.2716860516940995,0.9657306550404856,1.3521232568663968,13,3,0,0,0,0,1,12354.826735301403,0.2760224393906977,0.0,86483.78714710982,0.75,0.7189280286150213,DISCOUNT,1.075,13281.438740449008,112092.1332269879,90374.282414259
2022-07-14 13:10:00,12236.599166788,5008,0.26813120047078265,0.9657306550404856,1.3454385965060731,13,3,0,0,0,0,1,12330.681215252112,0.2696743391717794,0.0,86314.76850676478,0.75,0.7189280286150213,DISCOUNT,1.075,13255.482306396021,111319.98636317275,89751.73900530805
2022-07-14 13:15:00,12147.958333398998,4924,0.2627135462614793,0.9657306550404856,1.3417678812307694,13,3,0,0,0,0,1,12215.981666419013,0.2662416239797504,0.0,85511.87166493309,0.75,0.7189280286150213,DISCOUNT,1.075,13132.180291400438,109983.6063898759,88674.28265183745
2022-07-14 13:20:00,11821.763888619997,4895,0.2615873807334494,0.9657306550404856,1.3309716599068833,13,3,0,0,0,0,1,12068.419588146366,0.26196564822785573,0.0,84478.93711702456,0.75,0.7189280286150213,DISCOUNT,1.075,12973.551057257342,107780.7996928907,86898.26975239311
2022-07-14 13:25:00,11508.988194252002,4877,0.26095346272063075,0.9657306550404856,1.3211932073765185,13,3,0,0,0,0,1,11648.490955884372,0.2607070008662623,0.0,81539.43669119061,0.75,0.7189280286150213,DISCOUNT,1.075,12522.127777575699,103266.1988535815,83258.37282570006
2022-07-14 13:30:00,11408.430555505996,4862,0.2604411533678678,0.9657306550404856,1.3187134502793525,13,3,0,0,0,0,1,11450.140095891624,0.2602543062259187,0.0,80150.98067124137,0.75,0.7189280286150213,DISCOUNT,1.075,12308.900603083495,101317.2581784006,81687.03940633549
2022-07-14 13:35:00,11370.966666815,4861,0.2609879431949519,0.9657306550404856,1.3166441745222672,13,3,0,0,0,0,1,11229.163509281756,0.2602068465302263,0.0,78604.14456497229,0.75,0.7189280286150213,DISCOUNT,1.075,12071.350772477886,99206.01844249092,79984.85236925831
2022-07-14 13:40:00,11255.527083505998,4842,0.26163201267361386,0.9657306550404856,1.3144197031052633,13,3,0,0,0,0,1,11183.650011926364,0.2601738018401707,0.0,78285.55008348454,0.75,0.7189280286150213,DISCOUNT,1.075,12022.423762820841,98636.99214488686,79526.07491681504
2022-07-14 13:45:00,10961.408333193996,4806,0.2593980949080601,0.9657306550404856,1.3044534412995956,13,3,0,0,0,0,1,11057.334108227258,0.26050961497871034,0.0,77401.33875759081,0.75,0.7189280286150213,DISCOUNT,1.075,11886.634166344302,96783.47414549864,78031.67602980827
2022-07-14 13:50:00,10625.163472171998,4765,0.258840189094715,0.9657306550404856,1.2902249212712553,13,3,0,0,0,0,1,10766.84786993636,0.2586251560019704,0.0,75367.93508955452,0.75,0.7189280286150213,DISCOUNT,1.075,11574.361460181586,93212.93765941681,75152.93098790481
2022-07-14 13:55:00,10199.166527716996,4710,0.25575293202992816,0.9657306550404856,1.2733254610769231,13,3,0,0,0,0,1,10386.203776485272,0.25716370316492815,0.0,72703.4264353969,0.75,0.7189280286150213,DISCOUNT,1.075,11165.169059721668,88739.80184971403,71546.46524133194
2022-07-14 14:00:00,9819.173611090999,4669,0.2540893145991646,1.0080938447489876,1.2602789023684207,14,3,0,0,0,0,1,9854.76296637248,0.2519023194744647,0.0,68983.34076460736,0.75,0.7189280286150213,DISCOUNT,1.075,10593.870188850417,83336.458601082,67190.01974712238
2022-07-14 14:05:00,9410.878333218003,4614,0.25132906375954867,1.0080938447489876,1.2465047233279352,14,3,0,0,0,0,1,9479.986294001852,0.2519670281352883,0.0,66359.90405801297,0.75,0.7189280286150213,DISCOUNT,1.075,10190.98526605199,79290.98814983967,63928.35919580823
2022-07-14 14:10:00,8748.388888686,4565,0.24715965017287647,1.0080938447489876,1.2243589743684204,14,3,0,0,0,0,1,8836.797138194688,0.24935335245901843,0.0,61857.57996736282,0.75,0.7189280286150213,DISCOUNT,1.075,9499.55692355929,72598.19890636306,58532.29786825523
2022-07-14 14:15:00,8299.773333097,4522,0.2460328210267652,1.0080938447489876,1.2063461538461546,14,3,0,0,0,0,1,8393.724612002934,0.24497499324126681,0.0,58756.07228402054,0.75,0.7189280286150213,DISCOUNT,1.075,9023.253957903155,67943.64666869973,54779.56512663916
2022-07-14 14:20:00,8059.472222081001,4487,0.24353974803668435,1.0080938447489876,1.1955690507894738,14,3,0,0,0,0,1,8063.469833206564,0.24411983853739133,0.0,56444.28883244595,0.75,0.7189280286150213,DISCOUNT,1.075,8668.230070697056,64687.269838324784,52154.11130714936
2022-07-14 14:25:00,7604.3708331359985,4449,0.24219946582104693,1.0080938447489876,1.175829959481783,14,3,0,0,0,0,1,7629.904225897876,0.2418400685410935,0.0,53409.329581285136,0.75,0.7189280286150213,DISCOUNT,1.075,8202.147042840217,60198.51809244564,48535.055212034305
2022-07-14 14:30:00,7410.499999924,4421,0.2407018266564238,1.0080938447489876,1.167341430493928,14,3,0,0,0,0,1,7343.223299646541,0.2404810789333493,0.0,51402.56309752579,0.75,0.7189280286150213,DISCOUNT,1.075,7893.965047120031,57518.40395969067,46374.2131925006
2022-07-14 14:35:00,7423.620833195,4397,0.23893623017691332,1.0080938447489876,1.1634986504655875,14,3,0,0,0,0,1,7226.685634865711,0.2394101619196795,0.0,50586.79944405998,0.75,0.7189280286150213,DISCOUNT,1.075,7768.687057480639,56419.240980997405,45488.01304092917
2022-07-14 14:40:00,7023.0555554990015,4366,0.23719754690348635,1.0080938447489876,1.1485605038056683,14,3,0,0,0,0,1,7011.786888821305,0.23828669707955452,0.0,49082.508221749136,0.75,0.7189280286150213,DISCOUNT,1.075,7537.6709054829025,54038.68574062512,43568.690378379004
2022-07-14 14:45:00,6819.541666546001,4344,0.23583223393729896,1.0080938447489876,1.1420377867773281,14,3,0,0,0,0,1,6785.571743469522,0.23556926267068526,0.0,47499.00220428665,0.75,0.7189280286150213,DISCOUNT,1.075,7294.489624229735,51998.29608372603,41923.62621750412
2022-07-14 14:50:00,6767.923750088002,4317,0.23347949429068326,1.0080938447489876,1.1363866396801618,14,3,0,0,0,0,1,6682.215693248323,0.23539134634092007,0.0,46775.509852738265,0.75,0.7189280286150213,DISCOUNT,1.075,7183.381870241947,50952.88760501933,41080.765631546834
2022-07-14 14:55:00,6832.383888914003,4310,0.23310698998121984,1.0080938447489876,1.1333749437611345,14,3,0,0,0,0,1,6701.021411426267,0.23277032657531407,0.0,46907.149879983874,0.75,0.7189280286150213,DISCOUNT,1.075,7203.598017283237,50960.86664820301,41087.19873511368
2022-07-14 15:00:00,6808.305555598003,4291,0.23217384882716458,1.0216204580688255,1.1296761133238877,15,3,0,0,0,0,1,6709.67094497567,0.23272749046039617,0.0,46967.69661482969,0.75,0.7189280286150213,DISCOUNT,1.075,7212.896265848844,50860.1176141156,41005.96982638071
2022-07-14 15:05:00,6743.041666759003,4286,0.23171724468164212,1.0216204580688255,1.1261808366639685,15,3,0,0,0,0,1,6690.259358279337,0.23213337792253314,0.0,46831.81550795536,0.75,0.7189280286150213,DISCOUNT,1.075,7192.0288101502865,50556.066854136014,40760.82890114716
2022-07-14 15:10:00,6633.319444404003,4253,0.2293583802682779,1.0216204580688255,1.1214574898380576,15,3,0,0,0,0,1,6641.491183746918,0.23214363626702997,0.0,46490.438286228426,0.75,0.7189280286150213,DISCOUNT,1.075,7139.603022527936,49977.0489784869,40293.99573890506
2022-07-14 15:15:00,6343.7908334070025,4250,0.22923577193347727,1.0216204580688255,1.1096018893198383,15,3,0,0,0,0,1,6492.33578973476,0.22797847379467162,0.0,45446.35052814332,0.75,0.7189280286150213,DISCOUNT,1.075,6979.260973964866,48338.186574916974,38972.66292602681
2022-07-14 15:20:00,6228.208333437004,4245,0.22949483849264718,1.0216204580688255,1.104925775959514,15,3,0,0,0,0,1,6247.127169388566,0.2279458841764209,0.0,43729.89018571996,0.75,0.7189280286150213,DISCOUNT,1.075,6715.661707092708,46316.490443461305,37342.670420040675
2022-07-14 15:25:00,6374.210000031005,4253,0.23038386114424453,1.0216204580688255,1.1083670715020246,15,3,0,0,0,0,1,6259.649679174908,0.2279805183974668,0.0,43817.54775422435,0.75,0.7189280286150213,DISCOUNT,1.075,6729.123405113026,46553.87495586668,37534.061683167514
2022-07-14 15:30:00,6504.527777930003,4253,0.23057415211193147,1.0216204580688255,1.1099865046963566,15,3,0,0,0,0,1,6321.468014578957,0.22954362992830404,0.0,44250.276102052696,0.75,0.7189280286150213,DISCOUNT,1.075,6795.578115672379,47082.31793976202,37960.11883893313
2022-07-14 15:35:00,6574.971666799002,4263,0.23073188459859506,1.0216204580688255,1.111592442611337,15,3,0,0,0,0,1,6517.650333362101,0.22967941919640256,0.0,45623.55233353471,0.75,0.7189280286150213,DISCOUNT,1.075,7006.474108364258,48613.71772643232,39194.809916936065
2022-07-14 15:40:00,6594.017777903002,4267,0.23099457561641037,1.0216204580688255,1.1125753485991914,15,3,0,0,0,0,1,6538.319843574627,0.23005222639005368,0.0,45768.23890502239,0.75,0.7189280286150213,DISCOUNT,1.075,7028.693831842724,48811.00919168718,39353.87616079779
2022-07-14 15:45:00,6692.642499974004,4270,0.2301115552235031,1.0216204580688255,1.1135897435506086,15,3,0,0,0,0,1,6637.2171476336525,0.23015820942634746,0.0,46460.52003343557,0.75,0.7189280286150213,DISCOUNT,1.075,7135.008433706176,49594.491430857764,39985.55871612907
2022-07-14 15:50:00,6741.124999971002,4271,0.22950088584821593,1.0216204580688255,1.1140350876801637,15,3,0,0,0,0,1,6714.186771244464,0.22922708205064055,0.0,46999.307398711244,0.75,0.7189280286150213,DISCOUNT,1.075,7217.750779087798,50189.686145982065,40465.43445519804
2022-07-14 15:55:00,6740.732222191002,4280,0.22960009291496344,1.0216204580688255,1.113807917190285,15,3,0,0,0,0,1,6761.766396430317,0.22834038391489803,0.0,47332.36477501222,0.75,0.7189280286150213,DISCOUNT,1.075,7268.898876162591,50535.044875684165,40743.879931020354
2022-07-14 16:00:00,6696.0072221870005,4276,0.22795228974177006,1.0216204580688255,1.1115193431862358,16,3,0,0,0,0,1,6745.087999404887,0.22836379872279178,0.0,47215.61599583421,0.75,0.7189280286150213,DISCOUNT,1.075,7250.969599360254,50306.81671955367,40559.87098014016
2022-07-14 16:05:00,6650.8750000120035,4263,0.22722239467286948,1.0216204580688255,1.109311740870446,16,3,0,0,0,0,1,6704.7485611089005,0.22738914351635534,0.0,46933.239927762304,0.75,0.7189280286150213,DISCOUNT,1.075,7207.604703192068,49906.636081314726,40237.22534056
2022-07-14 16:10:00,6650.8750000120035,4263,0.22764612877564197,1.0216204580688255,1.109311740870446,16,3,0,0,0,0,1,6621.17838540648,0.22701307870626042,0.0,46348.24869784536,0.75,0.7189280286150213,DISCOUNT,1.075,7117.766764311966,49284.5834706882,39735.69542324237
2022-07-14 16:15:00,6542.495555372,4236,0.22649167759604338,1.0216204580688255,1.0988101664331986,16,3,0,0,0,0,1,6606.648279905358,0.2273157962331559,0.0,46246.53795933751,0.75,0.7189280286150213,DISCOUNT,1.075,7102.14690089826,48710.888127945094,39273.15355315573
2022-07-14 16:20:00,6490.708333419002,4228,0.2264304435837048,1.0216204580688255,1.0937921727530364,16,3,0,0,0,0,1,6471.48955812665,0.22689605903567503,0.0,45300.426906886554,0.75,0.7189280286150213,DISCOUNT,1.075,6956.851274986148,47496.461770610505,38294.02230255472
2022-07-14 16:25:00,6667.7949999050015,4228,0.2267324034479632,1.0216204580688255,1.099698605493927,16,3,0,0,0,0,1,6595.398666412608,0.22693396515216738,0.0,46167.790664888256,0.75,0.7189280286150213,DISCOUNT,1.075,7090.053566393553,48667.262559902665,39237.98043892153
2022-07-14 16:30:00,6752.43333338,4229,0.2270968787069938,1.0050609976842102,1.1034817813805669,16,3,0,0,0,0,1,6737.4225760834,0.22664288906218588,0.0,47161.958032583796,0.75,0.7189280286150213,DISCOUNT,1.075,7242.729269289654,49886.283108269774,40220.8157560425
2022-07-14 16:35:00,6751.83333346,4229,0.22705686693492844,1.0050609976842102,1.1039136302307693,16,3,0,0,0,0,1,6787.081052953253,0.22694269438087042,0.0,47509.56737067277,0.75,0.7189280286150213,DISCOUNT,1.075,7296.112131924747,50273.639156342084,40533.1215698008
2022-07-14 16:40:00,6713.113333460002,4224,0.22706986899258394,1.0050609976842102,1.1003508771943322,16,3,0,0,0,0,1,6763.813353136653,0.22696442244794446,0.0,47346.69347195657,0.75,0.7189280286150213,DISCOUNT,1.075,7271.0993546219015,49939.593280807945,40263.79708265141
2022-07-14 16:45:00,6693.166666752999,4226,0.22680805124733172,1.0050609976842102,1.0985155195587046,16,3,0,0,0,0,1,6745.60999359501,0.22719744837374856,0.0,47219.269955165066,0.75,0.7189280286150213,DISCOUNT,1.075,7251.530743114635,49722.11771881122,40088.45741079154
2022-07-14 16:50:00,6693.166666752999,4228,0.2272367362810642,1.0050609976842102,1.0985155195587046,16,3,0,0,0,0,1,6719.446888801215,0.2267523727668739,0.0,47036.12822160851,0.75,0.7189280286150213,DISCOUNT,1.075,7223.405405461306,49529.26859505787,39932.972804765406
2022-07-14 16:55:00,7106.453055723001,4233,0.22632563099168299,1.0050609976842102,1.1039676113319843,16,3,0,0,0,0,1,6908.536901424005,0.2269672854892707,0.0,48359.758309968034,0.75,0.7189280286150213,DISCOUNT,1.075,7426.677169030805,51175.795942241726,41260.48547843239
2022-07-14 17:00:00,7306.958333267001,4254,0.22743993202776677,0.9912509835506069,1.1066126855101222,17,3,0,0,0,0,1,7217.651748111149,0.22654392102061174,0.0,50523.56223677804,0.75,0.7189280286150213,DISCOUNT,1.075,7758.975629219484,53593.702378051494,43209.92254230401
2022-07-14 17:05:00,7306.958333267001,4274,0.22828091175147766,0.9912509835506069,1.1066126855101222,17,3,0,0,0,0,1,7382.68272149466,0.2279250577041777,0.0,51678.77905046262,0.75,0.7189280286150213,DISCOUNT,1.075,7936.383925606759,54819.117676453854,44197.91362664092
2022-07-14 17:10:00,7842.876388760003,4298,0.22854764103931047,0.9912509835506069,1.1227260458583004,17,3,0,0,0,0,1,7679.4236077707,0.22940958284326635,0.0,53755.9652543949,0.75,0.7189280286150213,DISCOUNT,1.075,8255.380378353502,57852.83084916306,46643.84487213772
2022-07-14 17:15:00,8114.874999917004,4325,0.22976650855890512,0.9912509835506069,1.1309041835182194,17,3,0,0,0,0,1,8001.518147469866,0.22953162114371714,0.0,56010.62703228906,0.75,0.7189280286150213,DISCOUNT,1.075,8601.632008530105,60718.41098719449,48954.21885842556
2022-07-14 17:20:00,8115.263888807003,4343,0.23022775573023654,0.9912509835506069,1.1311291047935228,17,3,0,0,0,0,1,8201.616161863032,0.22981869106172723,0.0,57411.31313304123,0.75,0.7189280286150213,DISCOUNT,1.075,8816.73737400276,62249.205072427685,50188.42158964483
2022-07-14 17:25:00,8364.191666644003,4348,0.2297952576685567,0.9912509835506069,1.1420771479635636,17,3,0,0,0,0,1,8279.895861735004,0.23000777508302722,0.0,57959.27103214503,0.75,0.7189280286150213,DISCOUNT,1.075,8900.88805136513,63451.58989361926,51157.844351730535
2022-07-14 17:30:00,8479.458333534001,4355,0.229976864126366,0.9912509835506069,1.1470985154979771,17,3,0,0,0,0,1,8440.02594000103,0.22978678246183215,0.0,59080.181580007215,0.75,0.7189280286150213,DISCOUNT,1.075,9073.027885501107,64963.092580877594,52376.49339333256
2022-07-14 17:35:00,8330.225139168006,4356,0.2298194337531146,0.9912509835506069,1.1461853351052647,17,3,0,0,0,0,1,8470.02915203446,0.22990675651466494,0.0,59290.20406424122,0.75,0.7189280286150213,DISCOUNT,1.075,9105.281338437044,65142.12850087784,52520.84110383277
2022-07-14 17:40:00,8177.316250101,4348,0.22897114896139872,0.9912509835506069,1.1428103913441303,17,3,0,0,0,0,1,8286.3351956542,0.23001282679293283,0.0,58004.34636957939,0.75,0.7189280286150213,DISCOUNT,1.075,8907.810335328264,63541.70590761984,51230.500388018496
2022-07-14 17:45:00,8157.808333433999,4359,0.22933133091326058,0.9912509835506069,1.1427395411417007,17,3,0,0,0,0,1,8177.535409879596,0.2298236000010828,0.0,57242.747869157174,0.75,0.7189280286150213,DISCOUNT,1.075,8790.850565620565,62703.514102574096,50554.70824520037
2022-07-14 17:50:00,8117.708333479002,4371,0.22970280138967694,0.9912509835506069,1.1454116059271253,17,3,0,0,0,0,1,8154.682937850708,0.22984828916850306,0.0,57082.780564954955,0.75,0.7189280286150213,DISCOUNT,1.075,8766.284158189512,62674.49617734643,50531.312542985565
2022-07-14 17:55:00,8171.087639121003,4387,0.23094003442233152,0.9912509835506069,1.1487067026680164,17,3,0,0,0,0,1,8133.340727693918,0.23014213005731057,0.0,56933.385093857425,0.75,0.7189280286150213,DISCOUNT,1.075,8743.341282270962,62690.29505711913,50544.0503898023
2022-07-14 18:00:00,8177.009166799003,4403,0.23053728849767088,0.9912509835506069,1.1574865047246967,18,3,0,0,0,0,1,8183.207170698891,0.23057086323522077,0.0,57282.45019489223,0.75,0.7189280286150213,DISCOUNT,1.075,8796.947708501308,63556.749029802755,51242.628905278485
2022-07-14 18:05:00,8149.083333316999,4429,0.23169671641084566,0.9912509835506069,1.1643049932550609,18,3,0,0,0,0,1,8154.3441526373845,0.2303224143996681,0.0,57080.40906846169,0.75,0.7189280286150213,DISCOUNT,1.075,8765.919964085188,63705.65554769885,51362.684785332196
2022-07-14 18:10:00,8072.305555579999,4455,0.23339542805661037,0.9912509835506069,1.165654520923077,18,3,0,0,0,0,1,8085.454718166652,0.23247958409250896,0.0,56598.18302716657,0.75,0.7189280286150213,DISCOUNT,1.075,8691.86382202915,63240.67458760032,50987.79388625275
2022-07-14 18:15:00,8094.177083282998,4481,0.23422620114000137,0.9912509835506069,1.1827766531457489,18,3,0,0,0,0,1,8074.473779667024,0.23262834050343315,0.0,56521.31645766917,0.75,0.7189280286150213,DISCOUNT,1.075,8680.05931314205,64082.45839571935,51666.482081548726
2022-07-14 18:20:00,8126.6249999380025,4503,0.234879448560076,0.9912509835506069,1.191632928465586,18,3,0,0,0,0,1,8104.866288545317,0.23436157800397742,0.0,56734.06401981722,0.75,0.7189280286150213,DISCOUNT,1.075,8712.731260186216,64805.30251205224,52249.27515034213
2022-07-14 18:25:00,8150.113333332001,4529,0.23483639558063787,0.9912509835506069,1.1966801619190275,18,3,0,0,0,0,1,8123.06733654864,0.23529380467384176,0.0,56861.47135584048,0.75,0.7189280286150213,DISCOUNT,1.075,8732.297386789787,65225.93857608284,52588.41297696679
2022-07-14 18:30:00,7992.818194833996,4557,0.2356325078704089,0.9912509835506069,1.2122593342186232,18,3,0,0,0,0,1,8028.914173559934,0.23556009075325712,0.0,56202.39921491954,0.75,0.7189280286150213,DISCOUNT,1.075,8631.08273657693,65309.22715956579,52655.56439739992
2022-07-14 18:35:00,7907.375000242997,4585,0.23659305460936045,0.9912509835506069,1.2189608636842104,18,3,0,0,0,0,1,7945.314934307751,0.23726514994876016,0.0,55617.20454015426,0.75,0.7189280286150213,DISCOUNT,1.075,8541.213554380833,64986.48850827564,52395.35635979723
2022-07-14 18:40:00,7873.764444626997,4611,0.2377490299226862,0.9912509835506069,1.2235042734817811,18,3,0,0,0,0,1,7834.558684054812,0.23798963701007905,0.0,54841.910788383684,0.75,0.7189280286150213,DISCOUNT,1.075,8422.150585358922,64319.43500334525,51857.54447144711
2022-07-14 18:45:00,7738.393194540003,5280,0.27424836012829384,0.9912509835506069,1.2412325685870447,18,3,0,0,0,0,1,7760.5918965476585,0.24320729322612306,0.0,54324.14327583361,0.75,0.7189280286150213,DISCOUNT,1.075,8342.636288788732,64635.36426287854,52112.26243694582
2022-07-14 18:50:00,7681.4999999480015,5917,0.30633992402294885,0.9912509835506069,1.2486504723036433,18,3,0,0,0,0,0,7691.493738871676,0.27623002432121846,0.0,53840.45617210173,0.75,0.7189280286150213,DISCOUNT,1.075,8268.35576928705,64442.706058012525,51956.9317592726
2022-07-14 18:55:00,7717.883333270999,6588,0.3417049358698182,0.9912509835506069,1.2610661268421048,18,3,0,0,0,0,0,7685.326495538841,0.30524038041514345,0.0,53797.28546877189,0.9578605706227152,0.9181770823011306,BASELINE,1.0126418288131855,7782.483077468883,65031.290894026795,63078.38041738837
2022-07-14 19:00:00,7772.458333238,6638,0.34326449533184367,0.9912509835506069,1.279689608623482,19,3,0,0,0,0,0,7761.285502368465,0.34281868804414317,0.0,54328.99851657925,1.0142280320662147,0.9722092795459416,BASELINE,0.9957315903801356,7728.157156667641,66643.91397229735,67303.61483767437
2022-07-14 19:05:00,7799.629999941,6086,0.3147570854703366,0.9825735162307687,1.29460188934008,19,3,0,0,0,0,0,7796.958433122642,0.34262423355287225,0.0,54578.709031858496,1.0139363503293084,0.9719296819778123,BASELINE,0.9958190949012075,7764.360089854526,67730.40112737558,68387.1949286587
2022-07-14 19:10:00,7994.388889240004,5543,0.28635318553754346,0.9825735162307687,1.3364822312024291,19,3,0,0,0,0,1,7899.201892639833,0.31474954653523857,0.0,55294.413248478835,0.9721243198028579,0.931849894406116,BASELINE,1.0083627040591427,7965.2605803714005,70838.37584477091,69439.5947439047
2022-07-14 19:15:00,8065.570000024003,5006,0.2572463950421644,0.9825735162307687,1.3536842104939268,19,3,0,0,0,0,1,8059.625150419148,0.2876108268428493,0.0,56417.376052934036,0.75,0.7189280286150213,DISCOUNT,1.075,8664.097036700583,73207.30156701116,59023.38688840275
2022-07-14 19:20:00,8514.111111134,5094,0.26094538978225945,0.9825735162307687,1.381691408,19,3,0,0,0,0,1,8406.696015647361,0.2582677114967898,0.0,58846.87210953153,0.75,0.7189280286150213,DISCOUNT,1.075,9037.198216820912,77939.67543467677,62838.86331920813
2022-07-14 19:25:00,8752.254444291,5164,0.26436648859227796,0.9825735162307687,1.4140508322267213,19,3,0,0,0,0,1,8691.20180297071,0.2618211378808117,0.0,60838.412620794974,0.75,0.7189280286150213,DISCOUNT,1.075,9343.041938193513,82464.50340312539,66487.00586876983
2022-07-14 19:30:00,8900.556444552003,5220,0.2663889298639789,0.9825735162307687,1.4378441295910926,19,3,0,0,0,0,1,8787.088438284205,0.2659264175286653,0.0,61509.619067989435,0.75,0.7189280286150213,DISCOUNT,1.075,9446.12007115552,84777.18625793468,68351.60642045984
2022-07-14 19:35:00,9011.502777707003,5277,0.2691101157023092,0.9825735162307687,1.4576698156032388,19,3,0,0,0,0,1,9028.21730002925,0.2685350439152157,0.0,63197.52110020474,0.75,0.7189280286150213,DISCOUNT,1.075,9705.333597531442,88304.60590031014,71195.58850712505
2022-07-14 19:40:00,9029.413888885003,5309,0.2705692570048384,0.9825735162307687,1.4634502924048585,19,3,0,0,0,0,1,9102.515717985756,0.2710588554223542,0.0,63717.61002590029,0.75,0.7189280286150213,DISCOUNT,1.075,9785.204396834688,89384.37454185325,72066.15197436918
2022-07-14 19:45:00,9018.475694333,5373,0.27529895794204867,0.9825735162307687,1.4840811965829965,19,3,0,0,0,0,1,9161.693785118474,0.272805899667976,0.0,64131.856495829314,0.75,0.7189280286150213,DISCOUNT,1.075,9848.82081900236,91233.77117516729,73557.22800997864
2022-07-14 19:50:00,9015.280555463001,5403,0.27661695525550106,0.9825735162307687,1.494952766566802,19,3,0,0,0,0,1,9143.635843492866,0.27686185541341646,0.0,64005.45090445006,0.75,0.7189280286150213,DISCOUNT,1.075,9829.40853175483,91720.95857951377,73950.02285473298
2022-07-14 19:55:00,9129.744166752,5456,0.27811477822380315,0.9825735162307687,1.5150191183522268,19,3,0,0,0,0,1,9229.474625137584,0.27884920132358226,0.0,64606.322375963086,0.75,0.7189280286150213,DISCOUNT,1.075,9921.685222022901,93824.72187762444,75646.18201383471
2022-07-14 20:00:00,9186.705555595005,5479,0.27883255402722046,0.9825735162307687,1.5255510571417004,20,3,0,0,0,0,1,9272.692717119104,0.2795188574039684,0.0,64908.849019833724,0.75,0.7189280286150213,DISCOUNT,1.075,9968.144670903035,94919.36138154472,76528.73511387041
2022-07-14 20:05:00,9189.816666686003,5510,0.2804882771906201,0.9825735162307687,1.526990553311741,20,3,0,0,0,0,1,9276.970175951046,0.2793928450630209,0.0,64938.79123165732,0.75,0.7189280286150213,DISCOUNT,1.075,9972.742939147374,95052.75369797951,76636.28266899599
2022-07-14 20:10:00,9278.288888668,5541,0.2818490494726187,0.9825735162307687,1.544534412967611,20,3,0,0,0,0,1,9294.367084230287,0.2812312541618463,0.0,65060.56958961201,0.75,0.7189280286150213,DISCOUNT,1.075,9991.444615547558,96325.1296854695,77662.13580890979
2022-07-14 20:15:00,9325.301666681004,5567,0.2831719409056054,0.9825735162307687,1.5546828610040484,20,3,0,0,0,0,1,9331.356147592389,0.28359561733258626,0.0,65319.49303314672,0.75,0.7189280286150213,DISCOUNT,1.075,10031.207858661817,97343.90596330827,78483.52418291729
2022-07-14 20:20:00,9389.497222325,5597,0.285055522712279,0.9825735162307687,1.5616284300485819,20,3,0,0,0,0,1,9347.430484034221,0.2844171763352693,0.0,65432.013388239546,0.75,0.7189280286150213,DISCOUNT,1.075,10048.487770336787,97947.22656350641,78969.95141682705
2022-07-14 20:25:00,9467.177222237002,5631,0.28687129390873317,0.9825735162307687,1.5756657669433196,20,3,0,0,0,0,1,9405.300665281504,0.28721558572868344,0.0,65837.10465697052,0.75,0.7189280286150213,DISCOUNT,1.075,10110.698215177616,99439.50993969014,80173.10488887517
2022-07-14 20:30:00,9494.549027938001,5654,0.2877465823667896,0.9825735162307687,1.5835436347246963,20,3,0,0,0,0,1,9476.467403624434,0.2873645419733231,0.0,66335.27182537103,0.75,0.7189280286150213,DISCOUNT,1.075,10187.202458896267,100692.86553584074,81183.62283827159
2022-07-14 20:35:00,9534.708333443,5692,0.2910827402373969,0.9825735162307687,1.5955735492348184,20,3,0,0,0,0,1,9485.432462270002,0.2886308551556444,0.0,66398.02723589001,0.75,0.7189280286150213,DISCOUNT,1.075,10196.839896940251,101553.79481205402,81877.74706721856
2022-07-14 20:40:00,9545.636111198002,5703,0.2913269988357195,0.9825735162307687,1.6009896536113366,20,3,0,0,0,0,1,9550.544491759772,0.2922133446215185,0.0,66853.8114423184,0.75,0.7189280286150213,DISCOUNT,1.075,10266.835328641755,102597.98931276458,82719.62888341644
2022-07-14 20:45:00,9392.377361034001,5729,0.2929011660277437,0.9825735162307687,1.6069219523036442,20,3,0,0,0,0,1,9453.391123320223,0.2921547726983131,0.0,66173.73786324156,0.75,0.7189280286150213,DISCOUNT,1.075,10162.39545756924,101930.60517884268,82181.55042544192
2022-07-14 20:50:00,9323.441111252,5746,0.2936241218499032,0.9825735162307687,1.608740440838057,20,3,0,0,0,0,1,9385.874676911228,0.29335722036005646,0.0,65701.12273837859,0.75,0.7189280286150213,DISCOUNT,1.075,10089.815277679569,101317.14017206637,81686.9442637285
2022-07-14 20:55:00,9383.193888881002,5770,0.2957325172358308,0.9825735162307687,1.6178879891862346,20,3,0,0,0,0,1,9299.592897386668,0.29425551780217113,0.0,65097.15028170668,0.75,0.7189280286150213,DISCOUNT,1.075,9997.062364690668,100956.56844623017,81396.23330977309
2022-07-14 21:00:00,9437.796944435995,5797,0.296551704587367,0.9656118966072872,1.627784525384615,21,3,0,0,0,0,1,9384.319179894796,0.29601680856221413,0.0,65690.23425926357,0.75,0.7189280286150213,DISCOUNT,1.075,10088.143118386904,102499.53103844248,82640.24689974426
2022-07-14 21:05:00,9467.358333341997,5819,0.2971375055293514,0.9656118966072872,1.6339406207854246,21,3,0,0,0,0,1,9454.950698881341,0.2963043228498879,0.0,66184.65489216939,0.75,0.7189280286150213,DISCOUNT,1.075,10164.072001297442,103661.5577090205,83577.13090289778
2022-07-14 21:10:00,9352.021249893993,5830,0.2964021724840131,0.9656118966072872,1.638416554182186,21,3,0,0,0,0,1,9439.1840865876,0.29745705684788304,0.0,66074.2886061132,0.75,0.7189280286150213,DISCOUNT,1.075,10147.12289308167,103772.18842178413,83666.32691506347
2022-07-14 21:15:00,9270.376666695998,5851,0.2976330470237881,0.9656118966072872,1.6506983805425102,21,3,0,0,0,0,1,9267.943417227521,0.2962994559561458,0.0,64875.60392059265,0.75,0.7189280286150213,DISCOUNT,1.075,9963.039173519584,102653.38885682747,82764.29476581715
2022-07-14 21:20:00,9259.733333237997,5863,0.2976564209585847,0.9656118966072872,1.6551956814817816,21,3,0,0,0,0,1,9221.154151556826,0.29920289973969,0.0,64548.079060897784,0.75,0.7189280286150213,DISCOUNT,1.075,9912.740712923587,102413.40817047785,82570.81033744778
2022-07-14 21:25:00,8981.341388954,5870,0.2978228568447094,0.9656118966072872,1.656108861866397,21,3,0,0,0,0,1,9127.417465384966,0.29920289973969,0.0,63891.922257694765,0.75,0.7189280286150213,DISCOUNT,1.075,9811.973775288838,101428.26295546979,81776.53700784752
2022-07-14 21:30:00,8848.316666864002,5876,0.2973217962479081,0.9656118966072872,1.656545209186235,21,3,0,0,0,0,1,8857.255782798944,0.299080416770976,0.0,62000.79047959261,0.75,0.7189280286150213,DISCOUNT,1.075,9521.549966508865,98452.02915658774,79376.94850749888
2022-07-14 21:35:00,8801.884722026001,5910,0.2990198511029737,0.9656118966072872,1.667676563186235,21,3,0,0,0,0,1,8813.082286807046,0.29811396506511456,0.0,61691.576007649324,0.75,0.7189280286150213,DISCOUNT,1.075,9474.063458317574,98619.28346732967,79511.79729553455
2022-07-14 21:40:00,8774.959999956998,5936,0.3000554313992848,0.9656118966072872,1.6742183985546568,21,3,0,0,0,0,0,8776.319856330485,0.29970919263208157,0.0,61434.2389943134,0.75,0.7189280286150213,DISCOUNT,1.075,9434.54384555527,98593.1506937457,79490.72774683246
2022-07-14 21:45:00,8746.191666743,5964,0.30112350870056864,0.9656118966072872,1.6846603688380568,21,3,0,0,0,0,0,8757.486587410163,0.30106797064525936,0.0,61302.40611187114,0.951601955967889,0.9121777576402569,BASELINE,1.0145194132096333,8884.640153850592,98995.17607708772,95571.79003460635
2022-07-14 21:50:00,8828.524999746995,5976,0.30194449644729765,0.9656118966072872,1.6914529914534413,21,3,0,0,0,0,0,8776.992175133953,0.3022002380716106,0.0,61438.94522593767,0.9533003571074159,0.9138057952176403,BASELINE,1.0140098928677752,8899.956895208881,99615.71027665147,96294.12333401426
2022-07-14 21:55:00,8867.303333056994,6001,0.30315559394536695,0.9656118966072872,1.6927620332834008,21,3,0,0,0,0,0,8830.45677554861,0.30349727548407013,0.0,61813.19742884027,0.9552459132261052,0.9156707483175992,BASELINE,1.0134262260321685,8949.016484184418,100300.07806344205,97097.62302654517
2022-07-14 22:00:00,8825.737777606995,6023,0.3049428347199835,0.9656118966072872,1.702968960862348,22,3,0,0,0,0,0,8826.634882186649,0.30382077722735873,0.0,61786.44417530654,0.9557311658410381,0.9161358972587113,BASELINE,1.0132806502476885,8943.858332921018,100861.1897615555,97676.3864636406
2022-07-14 22:05:00,8786.399999947997,6037,0.3051949402761231,0.9656118966072872,1.7132253710971654,22,3,0,0,0,0,0,8786.594055999472,0.30598313630338003,0.0,61506.15839199631,0.95897470445507,0.9192450583540748,BASELINE,1.012307588663479,8894.735841393684,101008.34417131498,98056.6147689641
2022-07-14 22:10:00,8801.872222167996,6057,0.3068513870996747,0.9656118966072872,1.7143499774939266,22,3,0,0,0,0,0,8775.338267141948,0.30622934442579947,0.0,61427.367869993635,0.9593440166386992,0.9195990701942348,BASELINE,1.0121967950083903,8882.369269115561,100945.17022999225,98022.29666349894
2022-07-14 22:15:00,8809.692083321996,6100,0.30973011114284077,0.9656118966072872,1.730735492558704,22,3,0,0,0,0,0,8786.646987208871,0.30739851459157114,0.0,61506.5289104621,0.9610977718873567,0.9212801685990223,BASELINE,1.011670668433793,8889.193030841372,102041.32064258854,99216.2480390343
2022-07-14 22:20:00,8809.733333322001,6115,0.3111051749292256,0.9656118966072872,1.738529014825911,22,3,0,0,0,0,0,8795.87157242659,0.3103428768910073,0.0,61571.10100698612,0.965514315336511,0.9255137377659464,BASELINE,1.0103457053990468,8886.871068442766,102608.42350038538,100094.84978129347
2022-07-14 22:25:00,8860.531944432001,6132,0.31201562281031403,0.9656118966072872,1.7413495276599191,22,3,0,0,0,0,0,8795.221549892516,0.3115639068165184,0.0,61566.550849247615,0.9673458602247776,0.9272694030404016,BASELINE,1.0097962419325668,8881.381668045788,102767.29572985243,100385.3773728691
2022-07-14 22:30:00,8800.921805686998,6167,0.3147916910047393,0.9656118966072872,1.7542150247246953,22,3,0,0,0,0,0,8833.421122362499,0.3125361210530338,0.0,61833.94785653749,0.9688041815795507,0.9286673071693006,BASELINE,1.0093587455261348,8916.090862771873,103976.20304739288,101675.31088226993
2022-07-14 22:35:00,8766.603055579,6188,0.31549243174084585,0.9656118966072872,1.760578047668016,22,3,0,0,0,0,0,8802.656387235322,0.3156985525331006,0.0,61618.59471064725,0.9735478287996508,0.9332144284284896,BASELINE,1.0079356513601048,8872.51119936722,103989.9152170273,102042.55482400536
2022-07-14 22:40:00,8770.025000089,6198,0.3159952383831894,0.9656118966072872,1.760796221311741,22,3,0,0,0,0,0,8806.13568072567,0.3167491996109946,0.0,61642.9497650797,0.975123799416492,0.9347251076934505,BASELINE,1.0074628601750524,8871.854639993466,104043.90943541343,102212.84192021577
2022-07-14 22:45:00,8520.386666618004,6227,0.31817005418378513,0.9656118966072872,1.7667026540647783,22,3,0,0,0,0,0,8693.656666980422,0.31694760620221063,0.0,60855.59666886295,0.975421409303316,0.9350103878124248,BASELINE,1.0073735772090051,8757.760015642983,103059.52550729911,101267.70728294978
2022-07-14 22:50:00,8399.274999888003,6226,0.3181493436791185,0.9656118966072872,1.7695681511497976,22,3,0,0,0,0,0,8563.251114590887,0.31847599286404643,0.0,59942.757802136206,0.9777139892960697,0.937207987831935,BASELINE,1.0066858032111792,8620.503326390952,101678.27396003564,100076.92173793953
2022-07-14 22:55:00,8399.274999888003,6231,0.31805082615475,0.9656118966072872,1.7695681511497976,22,3,0,0,0,0,0,8436.040703261073,0.31842976139126583,0.0,59052.28492282751,0.9776446420868987,0.9371415136287627,BASELINE,1.0067066073739304,8492.61791604834,100167.80382659269,98585.28483303689
2022-07-14 23:00:00,8503.920833246999,6250,0.32065735045150723,0.9438763437773272,1.7778340080769226,23,3,0,0,0,0,0,8457.770365687447,0.31823647006240025,0.0,59204.39255981213,0.9773547050936003,0.9368635885207434,BASELINE,1.00679358847192,8515.228976941928,100894.91792279403,99280.03934501714
2022-07-14 23:05:00,8608.566666778002,6255,0.3205323050494198,0.9438763437773272,1.7860998650445334,23,3,0,0,0,0,0,8588.657705701808,0.3214435370028591,0.0,60120.60393991265,0.9821653055042887,0.9414748891470244,BASELINE,1.0053504083487135,8634.610531594637,102932.66675900371,101637.8037599161
2022-07-14 23:10:00,8608.566666778002,6280,0.3215862855754665,0.9438763437773272,1.7860998650445334,23,3,0,0,0,0,0,8657.288084427442,0.3211096313233975,0.0,60601.0165909921,0.9816644469850963,0.9409947808432669,BASELINE,1.0055006659044712,8704.908933818637,103755.18270328453,102413.03213175148
2022-07-14 23:15:00,8855.500416777999,6307,0.3231176270376006,0.9438763437773272,1.8007658569473677,23,3,0,0,0,0,0,8681.41437297713,0.3217602701106534,0.0,60769.900610839904,0.9826404051659801,0.9419303057645917,BASELINE,1.0052078784502059,8726.626123807464,104898.65651632802,103614.47425614108
2022-07-14 23:20:00,8966.441666808,6323,0.32382206416943143,0.9438763437773272,1.8073549257692298,23,3,0,0,0,0,0,8900.660359032616,0.32307220368157225,0.0,62304.622513228314,0.9846083055223583,0.9438166773962208,BASELINE,1.0046175083432924,8941.759232501261,107941.35571899153,106770.70393081696
2022-07-14 23:25:00,9131.576666766998,6346,0.32440655758065373,0.9438763437773272,1.81757759782591,23,3,0,0,0,0,0,9003.769058347087,0.3238411770227972,0.0,63026.38340842961,0.9857617655341958,0.9449223503727495,BASELINE,1.0042714703397413,9042.228390825696,109809.39545398828,108708.27270131427
2022-07-14 23:30:00,9211.691666677998,6357,0.3249061354734027,0.9438763437773272,1.822537112,23,3,0,0,0,0,0,9231.74432789501,0.32412867628158076,0.0,64622.210295265075,0.9861930144223712,0.9453357329234406,BASELINE,1.0041420956732887,9269.983096132491,112896.98425440725,111799.39076887183
2022-07-14 23:35:00,9211.691666677998,6374,0.3258316873496585,0.9438763437773272,1.822537112,23,3,0,0,0,0,0,9295.105623897927,0.32458327831996997,0.0,65065.73936728549,0.9868749174799549,0.9459893852179676,BASELINE,1.0039375247560136,9331.705332401787,113671.84315247761,112621.60192816927
2022-07-14 23:40:00,9504.872500149999,6398,0.32595129676667484,0.9438763437773272,1.8363259109433197,23,3,0,0,0,0,0,9425.899756357529,0.32682072477796065,0.0,65981.2982945027,0.990231087166941,0.9492065111603174,BASELINE,1.0029306738499177,9453.523994285431,116143.46305646273,115345.92117078148
2022-07-14 23:45:00,9649.275000116997,6435,0.3277895743314352,0.9438763437773272,1.8431174089190276,23,3,0,0,0,0,0,9574.266383176404,0.3269759519295625,0.0,67019.86468223482,0.9904639278943438,0.9494297054604948,BASELINE,1.0028608216316968,9601.656651553021,118407.90579343229,117614.27307792498
2022-07-14 23:50:00,9649.275000116997,6469,0.3297955826604608,0.9438763437773272,1.8431174089190276,23,3,0,0,0,0,0,9645.677547799953,0.328985323328028,0.0,67519.74283459967,0.993477984992042,0.9523188922970032,BASELINE,1.0019566045023873,9664.550323918555,119291.06969497177,118744.93471835647
2022-07-14 23:55:00,10501.903194445997,6536,0.3343327943570712,0.9438763437773272,1.872567476400809,23,3,0,0,0,0,0,10051.9868702133,0.3290072108732635,0.0,70363.90809149311,0.9935108163098952,0.9523503634364979,BASELINE,1.0019467551070314,10071.5556269887,126302.39357321033,125727.07841115203
2022-07-15 00:00:00,10909.585000083001,6589,0.3378509664355842,0.9115231461497972,1.8867948717935217,0,4,0,0,1,0,0,10908.401343324558,0.3377833746982378,0.0,76358.80940327191,1.0066750620473568,0.9649692237514805,BASELINE,0.9979974813857929,10886.55706658331,138104.55016794553,138748.00364223737
2022-07-15 00:05:00,11238.850000092998,6668,0.3421399279829496,0.9115231461497972,1.898677462878542,0,4,0,0,1,0,0,11890.04006429429,0.3402323704325647,0.0,83230.28045006003,1.010348555648847,0.9684905271022127,BASELINE,0.9968954333053459,11853.126641912579,151480.49152718412,152572.94780249408
2022-07-15 00:10:00,13252.39750027499,6761,0.34774312560570797,0.9115231461497972,1.9577564102793517,0,4,0,0,1,0,0,12293.182675394799,0.3448979868423915,0.0,86052.2787277636,1.0173469802635873,0.9751990119177942,BASELINE,0.9947959059209238,12229.207796220775,161489.8317846684,163436.20588618368
2022-07-15 00:15:00,14167.900000305006,6822,0.3509572178711667,0.9115231461497972,1.9841430499554653,0,4,0,0,1,0,0,13524.14959822819,0.3481428398989319,0.0,94669.04718759733,1.0222142598483979,0.9798646435399623,BASELINE,0.9933357220454806,13434.020906207095,180054.98032068874,182828.17630478827
2022-07-15 00:20:00,14840.980833835998,6899,0.35535013198538573,0.9115231461497972,2.0082231219190287,0,4,0,0,1,0,0,14266.38363176485,0.3517660723289407,0.0,99864.68542235394,1.027649108493411,0.9850743302362026,BASELINE,0.9917052674519767,14148.047795111863,192241.90155169682,195918.53445226088
2022-07-15 00:25:00,15189.231249973996,6922,0.355952547754063,0.9115231461497972,2.0210695006963557,0,4,0,0,1,0,0,14964.821419643238,0.3565721205465236,0.0,104753.74993750267,1.0348581808197854,0.9919847357771939,BASELINE,0.9895425457540644,14808.327484348722,202943.42204867816,207821.4104745903
2022-07-15 00:30:00,15392.677777406,6962,0.3582606239591312,0.9115231461497972,2.030814215028339,0,4,0,0,1,0,0,15254.209770727784,0.3571783121588426,0.0,106779.46839509449,1.035767468238264,0.992856352058809,BASELINE,0.9892697595285208,15090.528431685489,207865.35019295863,212989.9449329552
2022-07-15 00:35:00,15497.515000033007,6969,0.35839651121156607,0.9115231461497972,2.036572199704453,0,4,0,0,1,0,0,15445.979506854306,0.35925261416643467,0.0,108121.85654798015,1.038878921249652,0.9958388997649497,BASELINE,0.9883363236251044,15265.822600593088,211075.32064381152,216724.07061265115
2022-07-15 00:40:00,15501.274999976009,6983,0.35888455363612154,0.9115231461497972,2.03711201076923,0,4,0,0,1,0,0,15471.518879137406,0.359187153370966,0.0,108300.63215396184,1.038780730056449,0.995744776563674,BASELINE,0.9883657809830653,15291.51983997288,211480.36594960195,217125.90358529857
2022-07-15 00:45:00,15718.312777718,7005,0.3598659701613204,0.9115231461497972,2.0450629779352223,0,4,0,0,1,0,0,15523.740806295615,0.35912743492247656,0.0,108666.18564406931,1.0386911523837148,0.9956589100307849,BASELINE,0.9883926542848855,15343.551379965113,213022.39437084724,218696.1830217916
2022-07-15 00:50:00,15823.608333428005,7011,0.359960334126166,0.9115231461497972,2.0489203778542504,0,4,0,0,1,0,0,15630.263755737466,0.3600531762541157,0.0,109411.84629016226,1.0400797643811734,0.9969899928119104,BASELINE,0.987976070685648,15442.3265691738,214888.70107785315,220814.02467519767
2022-07-15 00:55:00,15823.608333428005,7015,0.36003894006883774,0.9115231461497972,2.0489203778542504,0,4,0,0,1,0,0,15719.62616167054,0.3607957733315943,0.0,110037.38313169377,1.0411936599973914,0.9980577405178443,BASELINE,0.9876419020007826,15525.361481053553,216117.27736013767,222239.12054529274
2022-07-15 01:00:00,15722.950000169007,7012,0.35987031777381584,0.9115231461497972,2.048444669384614,1,4,0,0,1,0,0,15728.548434799668,0.36156641978854964,0.0,110099.83904359768,1.0423496296828245,0.9991658191939605,BASELINE,0.9872951110951527,15528.718974301028,216189.73741128435,222482.30582249048
2022-07-15 01:05:00,15609.441666845003,7007,0.3591720515298291,0.9115231461497972,2.0479082321012134,1,4,0,0,1,0,0,15631.715957620761,0.3608537971814385,0.0,109422.01170334533,1.0412806957721576,0.9981411704618066,BASELINE,0.9876157912683527,15438.129524367765,214802.50361809824,220899.7281640954
2022-07-15 01:10:00,15609.441666845003,7004,0.3590287486493877,0.9115231461497972,2.0479082321012134,1,4,0,0,1,0,0,15627.089293886916,0.3603289825968443,0.0,109389.62505720841,1.0404934738952665,0.9973865626324253,BASELINE,0.98785195783142,15437.250754172614,214738.92653186386,220720.1605071499
2022-07-15 01:15:00,15352.260000089002,6993,0.3583953930991711,0.9115231461497972,2.041713900129554,1,4,0,0,1,0,0,15555.64751901923,0.3600895358769797,0.0,108889.53263313462,1.0401343038154696,0.9970422727158841,BASELINE,0.9879597088553591,15368.352993946828,213110.65873847122,218994.81109817792
2022-07-15 01:20:00,15231.233333631004,6982,0.357380165289178,0.9115231461497972,2.038798920380566,1,4,0,0,1,0,0,15372.324685774209,0.35916376855364035,0.0,107606.27280041947,1.0387456528304604,0.9957111525624348,BASELINE,0.9883763041508619,15193.641459132572,210298.48112742545,215907.47584591157
2022-07-15 01:25:00,15231.233333581004,6978,0.35662489309220274,0.9115231461497972,2.038798920380566,1,4,0,0,1,0,0,15062.089338233514,0.35741778345641834,0.0,105434.6253676346,1.0361266751846276,0.993200677314561,BASELINE,0.9891619974446118,14898.846375496254,206054.35906303642,211184.52156382593
2022-07-15 01:30:00,14884.094444616,6979,0.3557737000957461,0.9115231461497972,2.030701754396761,1,4,0,0,1,0,0,15064.915163108864,0.35735727235715165,0.0,105454.40614176205,1.0360359085357276,0.9931136710639508,BASELINE,0.9891892274392817,14902.051791633978,205274.51117320007,210372.618604484
2022-07-15 01:35:00,14711.108333408003,6974,0.35477189394891895,0.9115231461497972,2.026653171408906,1,4,0,0,1,0,0,14750.89219035631,0.3560143817066182,0.0,103256.24533249417,1.0340215725599273,0.9911827876078836,BASELINE,0.9897935282320218,14600.337625662949,200594.91230810824,205302.44574163036
2022-07-15 01:40:00,14530.364999975,6980,0.35454671063455623,0.9115231461497972,2.02316239317004,1,4,0,0,1,0,0,14533.647707546894,0.35408880696770717,0.0,101735.53395282826,1.0311332104515607,0.9884140883058911,BASELINE,0.9906600368645317,14397.903973734523,197300.21782601762,201542.6587118999
2022-07-15 01:45:00,14431.608333517,6967,0.3543910706461351,0.9115231461497972,2.021255060732793,1,4,0,0,1,0,0,14417.567499677709,0.35402604259727666,0.0,100922.97249774396,1.031039063895915,0.9883238421756895,BASELINE,0.9906882808312255,14283.31516002386,195539.86269750743,199731.90839329228
2022-07-15 01:50:00,14431.608333517,6955,0.3538748248497228,0.9115231461497972,2.021255060732793,1,4,0,0,1,0,0,14333.778099586001,0.35399981870727687,0.0,100336.44669710202,1.0309997280609153,0.9882861359966091,BASELINE,0.9907000815817254,14200.475132634201,194403.45963993168,198565.93217387618
2022-07-15 01:55:00,14072.862222583995,6925,0.3538380570960471,0.9115231461497972,2.0105251912226714,1,4,0,0,1,0,0,14181.70466650874,0.3527411975846787,0.0,99271.93266556118,1.029111796377018,0.9864764199917235,BASELINE,0.9912664610868946,14057.848196949619,191319.90135177114,195170.02466464762
2022-07-15 02:00:00,13901.441666846998,6910,0.35314652947225306,0.9115231461497972,2.0053981106720635,2,4,0,0,1,0,0,14016.449432554637,0.3526599442148546,0.0,98115.14602788245,1.0289899163222818,0.9863595893417515,BASELINE,0.9913030251033155,13894.548723699061,188608.30331634643,192388.1677797033
2022-07-15 02:05:00,13982.886944274003,6890,0.35267013819611576,0.9115231461497972,2.007215474587043,2,4,0,0,1,0,0,13805.781071974425,0.35258852366860866,0.0,96640.46750382097,1.028882785502913,0.9862568968767212,BASELINE,0.9913351643491262,13686.156247953822,185941.86000510742,189654.6885428164
2022-07-15 02:10:00,14037.100000509998,6885,0.3526549751370737,0.9115231461497972,2.0085380116761127,2,4,0,0,1,0,0,13881.098397939442,0.35238900600112577,0.0,97167.6887855761,1.0285835090016886,0.9859700191900065,BASELINE,0.9914249472994935,13762.067247636194,187079.44818654234,190776.7650243143
2022-07-15 02:15:00,14044.900000109998,6878,0.35226334135076054,0.9115231461497972,2.0087719298056674,2,4,0,0,1,0,0,13906.497139412926,0.352359240694695,0.0,97345.47997589048,1.0285388610420425,0.9859272209638598,BASELINE,0.9914383416873873,13787.434462579948,187443.5816254398,191142.38009550227
2022-07-15 02:20:00,13766.542916745997,6858,0.3525072974452012,0.9115231461497972,2.0001821862105253,2,4,0,0,1,0,0,13827.713244148705,0.35172875301722056,0.0,96793.99270904093,1.027593129525831,0.9850206704377944,BASELINE,0.9917220611422507,13713.248279371152,185584.67557145425,189126.88878273006
2022-07-15 02:25:00,13637.774999772997,6843,0.3521220873043681,0.9115231461497972,1.9961763382591093,2,4,0,0,1,0,0,13661.124665345465,0.3518424661421173,0.0,95627.87265741825,1.027763699213176,0.9851841735432136,BASELINE,0.9916708902360472,13547.33965850876,182981.65451463737,186495.51390683494
2022-07-15 02:30:00,13641.941666772998,6828,0.35194394420979286,0.9115231461497972,1.9962887988987854,2,4,0,0,1,0,0,13555.712997101986,0.3517110758285606,0.0,94889.9909797139,1.0275666137428408,0.9849952531850046,BASELINE,0.9917300158771478,13443.607465842011,181579.96479676684,185042.45034822714
2022-07-15 02:35:00,13229.386111598995,6816,0.351943407653693,0.9115231461497972,1.9845928924453435,2,4,0,0,1,0,0,13395.80282481337,0.3515831855270153,0.0,93770.61977369359,1.027374778290523,0.9848113653402668,BASELINE,0.9917875665128432,13285.790685107522,178386.6584637907,181764.86138435712
2022-07-15 02:40:00,13016.052777787996,6802,0.35127426572816645,0.9115231461497972,1.9782950966963562,2,4,0,0,1,0,0,13137.266523105085,0.351576517546447,0.0,91960.86566173559,1.0273647763196705,0.9848017777440172,BASELINE,0.9917905671040989,13029.417015148085,174388.6748730332,177689.97353659212
2022-07-15 02:45:00,13012.524999937994,6789,0.35043947565944206,0.9115231461497972,1.978070175417004,2,4,0,0,1,0,0,12929.717629424193,0.350384166476502,0.0,90508.02340596935,1.025576249714753,0.983087348535752,BASELINE,0.9923271250855742,12830.509523374774,171614.08440358972,174652.8775523046
2022-07-15 02:50:00,13071.624583362993,6792,0.3499770807858517,0.9115231461497972,1.97558367071255,2,4,0,0,1,0,0,12963.822124019925,0.3490296757224651,0.0,90746.75486813948,1.0235445135836976,0.981139785800598,BASELINE,0.9929366459248907,12872.254058191238,171850.45389859864,174654.16935433887
2022-07-15 02:55:00,13100.733333362992,6788,0.3493936184992439,0.9115231461497972,1.9743589743562742,2,4,0,0,1,0,0,13000.270291070367,0.3487773983120272,0.0,91001.89203749257,1.0231660974680408,0.9807770471978976,BASELINE,0.9930501707595878,12909.920632468224,172226.7840986317,174991.93124071156
2022-07-15 03:00:00,13095.253333366993,6788,0.3489096878438577,0.9115231461497972,1.9743589743562742,3,4,0,0,1,0,0,13024.028237078806,0.34909110490663403,0.0,91168.19765955165,1.0236366573599511,0.9812281121251462,BASELINE,0.9929090027920147,12931.674889212958,172541.52791135327,175367.42214508017
2022-07-15 03:05:00,13056.775000535998,6789,0.3484953301431141,0.9115231461497972,1.974358974360323,3,4,0,0,1,0,0,13010.605716600596,0.3487623399541372,0.0,91074.24001620417,1.0231435099312058,0.9807553954467936,BASELINE,0.9930569470206383,12920.272391816652,172363.70718300637,175128.38146052873
2022-07-15 03:10:00,13057.566666835994,6787,0.3479386978854256,0.9115231461497972,1.9743589743603231,3,4,0,0,1,0,0,12988.490013207305,0.34809589280489384,0.0,90919.43009245113,1.0221438392073408,0.9797971403764303,BASELINE,0.9933568482377978,12902.205502887722,172070.7196998054,174712.62170099307
2022-07-15 03:15:00,12915.758333519998,6785,0.34709132992702196,0.9115231461497972,1.9704588393927118,3,4,0,0,1,0,0,12928.975759556572,0.3477938384084963,0.0,90502.830316896,1.0216907576127445,0.9793628296329572,BASELINE,0.9934927727161766,12844.843975742095,170943.92869466133,173515.3328508745
2022-07-15 03:20:00,12849.025000303,6783,0.346445386027549,0.9115231461497972,1.9686234817651813,3,4,0,0,1,0,0,12857.167553959509,0.3461485421199489,0.0,90000.17287771657,1.0192228131799235,0.9769971303985312,BASELINE,0.9942331560460229,12783.022274985688,169836.1580911351,172102.64102667719
2022-07-15 03:25:00,12753.299444412,6784,0.34602856761770817,0.9115231461497972,1.9656702653643716,3,4,0,0,1,0,0,12737.84625207494,0.3454442696528551,0.0,89164.92376452457,1.0181664044792826,0.97598448796578,BASELINE,0.9945500786562153,12668.425991911909,168007.57487581793,170127.40669852204
2022-07-15 03:30:00,12688.210000287998,6774,0.3457512146317889,0.9115231461497972,1.9633333333076917,3,4,0,0,1,0,0,12698.635598889874,0.345358064864682,0.0,88890.44919222912,1.018037097297023,0.975860537888943,BASELINE,0.9945888708108931,12629.92164113889,167291.27577949775,169387.16228576336
2022-07-15 03:35:00,12679.025000287997,6766,0.34540487220950805,0.9115231461497972,1.9628879891781372,3,4,0,0,1,0,0,12668.17882734507,0.3450757911151197,0.0,88677.25179141549,1.0176136866726795,0.9754546688683378,BASELINE,0.9947158939981962,12601.238827571571,166852.18381714667,168893.8719131606
2022-07-15 03:40:00,12394.610000194,6753,0.34562006857993033,0.9115231461497972,1.954976383234817,3,4,0,0,1,0,0,12513.40425017873,0.34487730249851384,0.0,87593.8297512511,1.0173159537477707,0.9751692708086599,BASELINE,0.9948052138756688,12448.399791411754,164149.3557057364,166124.27188767339
2022-07-15 03:45:00,12254.525000194002,6742,0.3450378678389764,0.9115231461497972,1.951079622101214,3,4,0,0,1,0,0,12345.80352429545,0.34502030902900443,0.0,86420.62467006815,1.0175304635435065,0.9753748936147492,BASELINE,0.994740860936948,12280.875226716063,161627.98044308816,163596.4685210334
2022-07-15 03:50:00,12254.525000194002,6738,0.34528811033155676,0.9115231461497972,1.951079622101214,3,4,0,0,1,0,0,12241.860894284762,0.3446712576545258,0.0,85693.02625999333,1.0170068864817887,0.9748730079816706,BASELINE,0.9948979340554635,12179.402112718279,160267.19114026878,162161.23686354482
2022-07-15 03:55:00,12214.096943949999,6738,0.3452290550215345,0.9115231461497972,1.9506252811457483,3,4,0,0,1,0,0,12193.514594289602,0.34447781628194885,0.0,85354.6021600272,1.0167167244229232,0.9745948671323919,BASELINE,0.9949849826731231,12132.363907323712,159597.0807628536,161451.25928790212
2022-07-15 04:00:00,12194.483333584003,6749,0.3458039228554958,0.9115231461497972,1.9504048582753029,4,4,0,0,1,0,0,12174.191766652868,0.3443896049630777,0.0,85219.34236657008,1.0165844074446166,0.974468031953237,BASELINE,0.995024677766615,12113.621239682747,159326.16427195416,161162.64884604525
2022-07-15 04:05:00,12194.483333584003,6747,0.3456815062863237,0.9115231461497972,1.9504048582753029,4,4,0,0,1,0,0,12163.107410233833,0.34451715145051587,0.0,85141.75187163684,1.0167757271757738,0.9746514254427783,BASELINE,0.9949672818472679,12101.89391877672,159181.10100816484,161036.9268501323
2022-07-15 04:10:00,12431.74916663,6759,0.3469326826339725,0.9113355127287446,1.961309041829959,4,4,0,0,1,0,0,12291.52350756,0.3446046479250063,0.0,86040.66455292,1.0169069718875094,0.9747772327786106,BASELINE,0.9949279084337471,12229.179774840906,161761.04312192244,163661.59409840824
2022-07-15 04:15:00,12546.858333598006,6762,0.34685637212420406,0.9113355127287446,1.9665991902631574,4,4,0,0,1,0,0,12423.98365331616,0.345400215702705,0.0,86967.88557321312,1.0181003235540576,0.9759211447267118,BASELINE,0.9945699029337828,12356.520216129557,163945.28066746166,166006.3908950355
2022-07-15 04:20:00,12546.858333598006,6770,0.34712008574315073,0.9113355127287446,1.9665991902631574,4,4,0,0,1,0,0,12531.857213487408,0.3459626185042691,0.0,87723.00049441186,1.0189439277564036,0.9767297990015438,BASELINE,0.9943168216730789,12460.636434175647,165368.76620900558,167543.8760954191
2022-07-15 04:25:00,12467.765000139003,6755,0.3458739168639159,0.9113355127287446,1.9642240215910927,4,4,0,0,1,0,0,12500.902928877378,0.3460425896557986,0.0,87506.32050214165,1.019063884483698,0.9768447860061742,BASELINE,0.9942808346548906,12429.408198063966,164761.0659624064,166941.792294775
2022-07-15 04:30:00,12423.275000136005,6757,0.345882658238231,0.9113355127287446,1.9628879892024287,4,4,0,0,1,0,0,12438.940902206896,0.3453985694718561,0.0,87072.58631544826,1.018097854207784,0.9759187776837139,BASELINE,0.9945706437376648,12371.405460522681,163832.89833668212,165892.3169015315
2022-07-15 04:35:00,12423.275000136005,6751,0.34554320237423564,0.9113355127287446,1.9628879892024287,4,4,0,0,1,0,0,12423.53305962585,0.3454471346404858,0.0,86964.73141738094,1.0181707019607287,0.9759886074055987,BASELINE,0.9945487894117814,12355.809764668133,163629.96212796358,165695.04409168568
2022-07-15 04:40:00,12352.160138587005,6748,0.34599835617164043,0.9113355127287446,1.957964462404858,4,4,0,0,1,0,0,12404.881403706931,0.3451492416642795,0.0,86834.16982594851,1.0177238624964193,0.9755602801853542,BASELINE,0.9946828412510742,12338.922680021824,162974.48367555815,164981.10100133737
2022-07-15 04:45:00,12316.066666757006,6818,0.35058093346018754,0.9113355127287446,1.9554655870283393,4,4,0,0,1,0,0,12351.070919859922,0.34524867284830313,0.0,86457.49643901945,1.0178730092724546,0.9757032479155799,BASELINE,0.9946380972182637,12284.845678337302,162060.42936379157,164072.45386156783
2022-07-15 04:50:00,12316.066666757006,6818,0.35082555476900684,0.9113355127287446,1.9554655870283393,4,4,0,0,1,0,0,12334.168295313737,0.34855292081226014,0.0,86339.17806719616,1.0228293812183902,0.9804542808651456,BASELINE,0.9931511856344829,12249.693866306086,161838.6472520133,164399.61642254633
2022-07-15 04:55:00,12402.126388940003,6879,0.3560615629144808,0.9113355127287446,1.9564968510850194,4,4,0,0,1,0,0,12369.496352041633,0.3488384499590995,0.0,86586.47446429143,1.0232576749386493,0.9808648306784444,BASELINE,0.9930226975184052,12283.190634448456,162387.78663593042,165005.16867148402
2022-07-15 05:00:00,12704.195833517007,6825,0.35235060599729595,0.9113355127287446,1.9628711201052624,5,4,0,0,1,0,0,12491.867814480987,0.3577505649112823,0.0,87443.07470136692,1.0366258473669234,0.9936791691451708,BASELINE,0.989012245789923,12354.610241310698,164528.5830551289,168680.57000110004
2022-07-15 05:05:00,12807.066666887009,6827,0.35292628549829297,0.9113355127287446,1.9655870445222665,5,4,0,0,1,0,0,12782.039657276415,0.35217601616356314,0.0,89474.2776009349,1.0282640242453447,0.9856637704619386,BASELINE,0.9915207927263966,12673.65809364295,168583.33223425882,171878.32051227294
2022-07-15 05:10:00,12714.255278407005,6759,0.3482451771332613,0.9113355127287446,1.9615587044331986,5,4,0,0,1,0,0,12822.858800906788,0.3532167978863792,0.0,89760.01160634751,1.0298251968295689,0.9871602647663441,BASELINE,0.9910524409511293,12708.125514610343,168775.09545986092,172253.6809899574
2022-07-15 05:15:00,12624.466666694005,6755,0.3480957563256352,0.9113355127287446,1.9586279802064779,5,4,0,0,1,0,0,12786.245774020848,0.34836882958120563,0.0,89503.72041814594,1.0225532443718084,0.980189584173491,BASELINE,0.9932340266884575,12699.734376359,168041.74963359724,170669.02801261607
2022-07-15 05:20:00,12602.150000134005,6761,0.3485515887378853,0.9113355127287446,1.9581646423805665,5,4,0,0,1,0,0,12614.225808513504,0.3480864060693007,0.0,88299.58065959453,1.022129609103951,0.9797834998161942,BASELINE,0.9933611172688147,12530.481442626091,165741.77966325017,168284.8901211819
2022-07-15 05:25:00,12738.215833589002,6755,0.34806434493489474,0.9113355127287446,1.9572604588380569,5,4,0,0,1,0,0,12676.319093813327,0.3485383105058341,0.0,88734.23365669328,1.0228074657587511,0.980433273347553,BASELINE,0.9931577602723747,12589.584679709582,166480.7323267686,169112.65483930107
2022-07-15 05:30:00,13047.288888719,6767,0.3493871583625596,0.9113355127287446,1.964912280700404,5,4,0,0,1,0,0,12924.027742974939,0.3486337126402349,0.0,90468.19420082457,1.0229505689603524,0.980570447884374,BASELINE,0.9931148293118943,12835.043605986742,170397.50870224283,173108.08657098465
2022-07-15 05:35:00,13168.316666989007,6777,0.35015099424720203,0.9113355127287446,1.968960863696356,5,4,0,0,1,0,0,13150.899296468706,0.34992101685720106,0.0,92056.29507528094,1.0248815252858017,0.9824214060502365,BASELINE,0.9925355424142595,13052.73496645587,173745.96532560032,176739.841233721
2022-07-15 05:40:00,13225.722638626,6792,0.35168182756588384,0.9113355127287446,1.9709750337773277,5,4,0,0,1,0,0,13257.662760128338,0.34981460653507007,0.0,92803.63932089836,1.0247219098026052,0.9822684033240088,BASELINE,0.9925834270592184,13159.336337243563,175335.67229228065,178337.76704578288
2022-07-15 05:45:00,13388.387222319006,6812,0.35316367786423275,0.9113355127287446,1.975878317558704,5,4,0,0,1,0,0,13311.697805278627,0.3519662764318936,0.0,93181.88463695039,1.0279494146478405,0.985362194918316,BASELINE,0.9916151756056478,13200.081556790683,176488.26662077688,179899.82705168283
2022-07-15 05:50:00,13452.19166678901,6828,0.3542988603840034,0.9113355127287446,1.9777327934939268,5,4,0,0,1,0,0,13422.234398350136,0.3537203537212812,0.0,93955.64078845095,1.0305805305819218,0.9878843055737114,BASELINE,0.9908258408254235,13299.096683501195,178120.79542602564,181883.7434224251
2022-07-15 05:55:00,14013.768610631001,6839,0.3555662644993193,0.9113355127287446,1.990745614020242,5,4,0,0,1,0,0,13709.158929454581,0.35444916628094175,0.0,95964.11250618206,1.0316737494214125,0.9889322331272047,BASELINE,0.9904978751735762,13578.892790041622,183125.47788635275,187130.552341516
2022-07-15 06:00:00,14282.108333486007,6857,0.3564930428061471,0.9113355127287446,1.9969635627611326,6,4,0,0,0,0,0,14100.959911701138,0.3561835460959065,0.0,98706.71938190797,1.0342753191438598,0.9914260216496894,BASELINE,0.9897174042568421,13955.96544133864,188947.4394323754,193414.21058996752
2022-07-15 06:05:00,14288.543055675005,6869,0.3571276817658341,0.9113355127287446,1.9967330184493917,6,4,0,0,0,0,0,14267.761686310318,0.35708636672565425,0.0,99874.33180417222,1.0356295500884813,0.9927241477607643,BASELINE,0.9893111349734556,14115.255507414444,191160.44752779434,195855.31860583162
2022-07-15 06:10:00,14748.969444104005,6871,0.35611800389037723,0.9113355127287446,2.0033738191659904,6,4,0,0,0,0,0,14572.857151582548,0.35745634521838165,0.0,102010.00006107784,1.0361845178275724,0.9932561235775772,BASELINE,0.9891446446517282,14414.663608762516,195897.50016513633,200782.4720609841
2022-07-15 06:15:00,14977.691666863002,6870,0.35636850039761697,0.9113355127287446,2.0067476383522256,6,4,0,0,0,0,0,14828.717501202449,0.357006182731239,0.0,103801.02250841714,1.0355092740968586,0.9926088547187015,BASELINE,0.9893472177709425,14670.750402925925,199672.6328087717,204560.26330361905
2022-07-15 06:20:00,14981.525000155003,6876,0.3562583606717071,0.9113355127287446,2.0069725596396752,6,4,0,0,0,0,0,14890.02901434555,0.357427883371508,0.0,104230.20310041885,1.036141825057262,0.9932151995386501,BASELINE,0.9891574524828214,14728.583167225339,200520.68101194393,205515.13144329877
2022-07-15 06:25:00,14953.238333338008,6868,0.35687511173478165,0.9113355127287446,2.0020377867651815,6,4,0,0,0,0,0,14880.61890150253,0.3574033683758622,0.0,104164.33231051771,1.0361050525637934,0.9931799505036678,BASELINE,0.989168484230862,14719.439243216373,199901.22560096666,204875.2607201972
2022-07-15 06:30:00,14965.171389087003,6864,0.356599849646945,0.9113355127287446,2.0003340080647765,6,4,0,0,0,0,0,14865.360287614285,0.3570296206406415,0.0,104057.5220133,1.0355444309609623,0.9926425550587047,BASELINE,0.9893366707117113,14706.846055878403,199526.30056906317,204415.10988804643
2022-07-15 06:35:00,15056.878611377999,6834,0.3548413613068906,0.9113355127287446,1.9924561403279348,6,4,0,0,0,0,0,14865.885910387362,0.356774825313397,0.0,104061.20137271154,1.0351622379700955,0.9922761960540724,BASELINE,0.9894513286089713,14709.070564982163,198747.5381418079,203565.7054823
2022-07-15 06:40:00,15070.729444276998,6817,0.3541093585736807,0.9113355127287446,1.987206477720647,6,4,0,0,0,0,0,14899.793047570069,0.3541866006349012,0.0,104298.55133299048,1.031279900952352,0.9885547015226249,BASELINE,0.9906160297142944,14759.973832348509,198676.00689344743,202967.885664545
2022-07-15 06:45:00,15058.191666496996,6795,0.3534188635027987,0.9113355127287446,1.9865047233319832,6,4,0,0,0,0,0,14891.130258636958,0.3531508470606126,0.0,104237.91181045871,1.029726270590919,0.9870654369720363,BASELINE,0.9910821188227243,14758.3329283951,198490.37712276995,202568.02330901026
2022-07-15 06:50:00,15107.302778096999,6726,0.35009447595242443,0.9113355127287446,1.9622132253279345,6,4,0,0,0,0,0,14938.20189057849,0.35409864737897595,0.0,104567.41323404943,1.031147971068464,0.9884282374008395,BASELINE,0.9906556086794609,14798.613486487708,196682.9508637229,200914.09695827868
2022-07-15 06:55:00,15117.294999958996,6680,0.3479487514004693,0.9113355127287446,1.947085020230769,6,4,0,0,0,0,0,15010.75350650666,0.35075102057287844,0.0,105075.27454554662,1.0261265308593177,0.9836148319203467,BASELINE,0.9921620407422047,14893.099832093854,196114.4531360937,199660.94629465704
2022-07-15 07:00:00,15105.116666708993,6613,0.3443074359522944,0.9336648577327932,1.9255600539635622,7,4,0,0,0,0,0,15019.442226781559,0.3488883078121262,0.0,105136.09558747092,1.0233324617181894,0.9809365190944194,BASELINE,0.9930002614845432,14914.310058546078,194058.6763568856,197196.48912041818
2022-07-15 07:05:00,15119.194999941,6559,0.3421796026553942,0.9336648577327932,1.903630229372469,7,4,0,0,0,0,0,15025.908139101106,0.3423932121739918,0.0,105181.35697370773,1.0135898182609877,0.9715975064888394,BASELINE,0.9959230545217037,14964.648330856102,191931.17162978536,193746.35451192755
2022-07-15 07:10:00,15126.673611139,6505,0.3402272953049051,0.9336648577327932,1.9025033737935213,7,4,0,0,0,0,0,15027.517568732363,0.34141356680993873,0.0,105192.62298112654,1.012120350214908,0.9701889174681982,BASELINE,0.9963638949355276,14972.875935994247,191838.1034423736,193457.25046966944
2022-07-15 07:15:00,15068.289416676991,6413,0.33528183268481354,0.9336648577327932,1.858056680141699,7,4,0,0,0,0,0,15030.148925806097,0.3387638847465911,0.0,105211.04248064267,1.0081458271198867,0.9663790560636801,BASELINE,0.997556251864034,14993.419027385367,187389.1469226739,188453.92440524165
2022-07-15 07:20:00,15037.475000127999,6356,0.33232307910059283,0.9336648577327932,1.8381680162186234,7,4,0,0,0,0,0,14907.567903483365,0.33348053952247264,0.0,104352.97532438356,1.000220809283709,0.9587823661307441,BASELINE,0.9999337572148873,14906.580384666182,183871.40459902943,183899.82226873926
2022-07-15 07:25:00,14741.109722531,6239,0.3254597681255159,0.9336648577327932,1.8050888439190274,7,4,0,0,0,0,0,14804.395077571466,0.3293661644569046,0.0,103630.76554300026,0.9940492466853569,0.9528664870210007,BASELINE,1.001785225994393,14830.82426849521,179312.86134684572,178564.02380469846
2022-07-15 07:30:00,14604.916666883,6179,0.32251670222159823,0.9336648577327932,1.789811066137652,7,4,0,0,0,0,0,14633.360093400954,0.32202991455251767,0.0,102433.52065380667,0.9830448718287765,0.9423180156586247,BASELINE,1.005086538451367,14707.793242188736,175741.14066878226,173640.1847456625
2022-07-15 07:35:00,14090.339861277,6073,0.31662870393634046,0.9336648577327932,1.736618308607288,7,4,0,0,0,0,0,14353.631731385176,0.31928451285138115,0.0,100475.42211969623,0.9789267692770718,0.9383705231931159,BASELINE,1.0063219692168786,14444.374949341403,167258.56523124664,164769.0074884574
2022-07-15 07:40:00,13844.458333405004,5977,0.3122683849264501,0.9336648577327932,1.711201079635628,7,4,0,0,0,0,0,14007.225093906825,0.31307522429338747,0.0,98050.57565734777,0.9696128364400812,0.9294424600289154,BASELINE,1.0091161490679756,14134.917045891569,160833.06766567795,157367.4321552015
2022-07-15 07:45:00,13844.458333405004,5876,0.30787952567258065,0.9336648577327932,1.711201079635628,7,4,0,0,0,0,0,13715.5134246203,0.310473293110738,0.0,96008.5939723421,0.9657099396661071,0.9257012575174473,BASELINE,1.010287018100168,13856.605159472465,157483.59035445543,153647.95393320627
2022-07-15 07:50:00,12648.536249985995,5699,0.2994553516935038,0.9336648577327932,1.6273380566963576,7,4,0,0,0,0,1,13443.71897474135,0.30351062934623746,0.0,94106.03282318945,0.9552659440193562,0.9156899492492039,BASELINE,1.0134202167941933,13624.136597902589,146797.74984269103,142112.82004297758
2022-07-15 07:55:00,12059.499999982996,5590,0.2940849673129162,0.9336648577327932,1.5860323886801617,7,4,0,0,0,0,1,12446.912647794852,0.2943311277807942,0.0,87128.38853456397,0.75,0.7189280286150213,DISCOUNT,1.075,13380.431096379465,132463.39626168838,106798.61323598628
2022-07-15 08:00:00,11162.179999985996,5427,0.2865699490361238,0.9654242631902832,1.5368016194493928,8,4,0,1,0,0,1,11450.637066311489,0.2898322214225268,0.0,80154.45946418041,0.75,0.7189280286150213,DISCOUNT,1.075,12309.43484628485,118078.18025755972,95200.53283265753
2022-07-15 08:05:00,10190.083333301996,5333,0.2822762397264085,0.9654242631902832,1.4834682861093105,8,4,0,1,0,0,1,10601.565897114015,0.28219275067840394,0.0,74210.9612797981,0.75,0.7189280286150213,DISCOUNT,1.075,11396.683339397565,105528.67269323354,85082.49235891955
2022-07-15 08:10:00,10190.083333301996,5235,0.278034615654789,0.9654242631902832,1.4834682861093105,8,4,0,1,0,0,1,10155.903058351092,0.27893884938222213,0.0,71091.32140845765,0.75,0.7189280286150213,DISCOUNT,1.075,10917.595787727423,101092.51596886206,81505.84099989504
2022-07-15 08:15:00,9167.470833158997,5132,0.2715977952231106,0.9654242631902832,1.423883265862348,8,4,0,1,0,0,1,9318.797200531293,0.27347075621211525,0.0,65231.580403719054,0.75,0.7189280286150213,DISCOUNT,1.075,10017.70699057114,89034.11349539713,71783.75400566394
2022-07-15 08:20:00,8678.833333524008,5076,0.26946908267256314,0.9654242631902832,1.395411605943319,8,4,0,1,0,0,1,8801.68934490364,0.2673758061207073,0.0,61611.825414325474,0.75,0.7189280286150213,DISCOUNT,1.075,9461.816045771413,82412.01997830646,66444.6911075096
2022-07-15 08:25:00,8235.500000181999,4995,0.26670779269140904,0.9654242631902832,1.3735942419959508,8,4,0,1,0,0,1,8340.398212089722,0.26566613713520204,0.0,58382.787484628054,0.75,0.7189280286150213,DISCOUNT,1.075,8965.92807799645,76871.86902142673,61977.944398525295
2022-07-15 08:30:00,7952.989722366,4965,0.26532549138542144,0.9654242631902832,1.3647402158987858,8,4,0,1,0,0,1,8016.347816097816,0.26454514949586705,0.0,56114.43471268471,0.75,0.7189280286150213,DISCOUNT,1.075,8617.573902305152,73408.90296648306,59185.928016726975
2022-07-15 08:35:00,7959.622083336002,4923,0.2634797940870735,0.9654242631902832,1.3575843454696352,8,4,0,1,0,0,1,7794.404332430293,0.2616070872233479,0.0,54560.83032701205,0.75,0.7189280286150213,DISCOUNT,1.075,8378.984657362564,71002.22274068705,57245.542084678935
2022-07-15 08:40:00,7481.658333362004,4885,0.2607387362751532,0.9654242631902832,1.3320107961943335,8,4,0,1,0,0,1,7630.74020164948,0.26050026538898086,0.0,53415.18141154636,0.75,0.7189280286150213,DISCOUNT,1.075,8203.045716773191,68201.92061008736,54987.79849188294
2022-07-15 08:45:00,7213.518194605999,5604,0.3003438725813408,0.9654242631902832,1.313443544744939,8,4,0,1,0,0,0,7290.655563017615,0.2585412411504243,0.0,51034.58894112331,0.75,0.7189280286150213,DISCOUNT,1.075,7837.454730243936,64254.002188613296,51804.78926456948
2022-07-15 08:50:00,7243.449444460998,5576,0.2990730850156663,0.9654242631902832,1.309723346813766,8,4,0,1,0,0,1,7140.210552037695,0.2965797935540628,0.0,49981.47386426387,0.75,0.7189280286150213,DISCOUNT,1.075,7675.726343440522,62749.86271630508,50592.07681502097
2022-07-15 08:55:00,7293.345555709,6297,0.3395560372115008,0.9654242631902832,1.306684660364373,8,4,0,1,0,0,0,7079.858456182787,0.29730222883436397,0.0,49559.00919327951,0.75,0.7189280286150213,DISCOUNT,1.075,7610.847840396496,62075.11891877314,50048.06462826085
2022-07-15 09:00:00,7248.361666715,5526,0.2977998302909765,0.9823858828137647,1.2959514170121462,9,4,0,1,0,0,1,7097.982659779486,0.33926956975586414,0.0,49685.8786184564,1.0089043546337964,0.967106158317314,BASELINE,0.9973286936098611,7079.021773343322,61722.83239947656,62106.08563625327
2022-07-15 09:05:00,7139.416666711999,5519,0.29672619384567744,0.9823858828137647,1.2904858299676114,9,4,0,1,0,0,1,7065.553877457873,0.29752753766144546,0.0,49458.87714220511,0.75,0.7189280286150213,DISCOUNT,1.075,7595.470418267213,61181.71474765989,49327.75751530079
2022-07-15 09:10:00,7069.178333465003,4739,0.25447949656191593,0.9823858828137647,1.2848346828623476,9,4,0,1,0,0,1,7057.8407566376545,0.29662752197170383,0.0,49404.88529646358,0.75,0.7189280286150213,DISCOUNT,1.075,7587.178813385478,60847.29819891333,49058.13417287388
2022-07-15 09:15:00,6960.697916637002,4713,0.25180953001741896,0.9823858828137647,1.2739822312186224,9,4,0,1,0,0,1,6955.387234425393,0.2546051397397375,0.0,48687.710640977755,0.75,0.7189280286150213,DISCOUNT,1.075,7477.041277007297,59457.531816098206,47937.635026729185
2022-07-15 09:20:00,6920.595833469998,4697,0.2516727582227933,0.9823858828137647,1.2673043184898778,9,4,0,1,0,0,1,6888.7434348503175,0.25076641706935954,0.0,48221.204043952224,0.75,0.7189280286150213,DISCOUNT,1.075,7405.399192464091,58579.156950406876,47229.44529126556
2022-07-15 09:25:00,6786.555555655997,4678,0.24904794032023633,0.9823858828137647,1.258164642368421,9,4,0,1,0,0,1,6830.349574716579,0.2508320521848923,0.0,47812.44702301605,0.75,0.7189280286150213,DISCOUNT,1.075,7342.625792820322,57663.71251585514,46491.36821590821
2022-07-15 09:30:00,6710.6249999930005,4671,0.24904875082715283,0.9823858828137647,1.2537112010728748,9,4,0,1,0,0,1,6712.302037062229,0.24863841388126384,0.0,46986.114259435606,0.75,0.7189280286150213,DISCOUNT,1.075,7215.724689841896,56466.54151574149,45526.14909706658
2022-07-15 09:35:00,6706.028333344,4666,0.24828396379123752,0.9823858828137647,1.2508310840971664,9,4,0,1,0,0,1,6693.4370999962475,0.24842883452005687,0.0,46854.05969997373,0.75,0.7189280286150213,DISCOUNT,1.075,7195.444882495965,56178.48770892861,45293.905715323686
2022-07-15 09:40:00,6532.802916501002,4645,0.24621797722270503,0.9823858828137647,1.2448043184898796,9,4,0,1,0,0,1,6562.188046573582,0.24777565175052782,0.0,45935.316326015076,0.75,0.7189280286150213,DISCOUNT,1.075,7054.3521500666,54811.53314382561,44191.798597209396
2022-07-15 09:45:00,6448.666666501,4644,0.2462595335319597,0.9823858828137647,1.2425775978421056,9,4,0,1,0,0,1,6456.8952576082975,0.24616380282626704,0.0,45198.266803258084,0.75,0.7189280286150213,DISCOUNT,1.075,6941.162401928919,53835.58705780888,43404.94206535841
2022-07-15 09:50:00,6427.517083383998,4606,0.2437415155455097,0.9823858828137647,1.2367172739676116,9,4,0,1,0,0,1,6381.710433676333,0.24610739429349887,0.0,44671.973035734336,0.75,0.7189280286150213,DISCOUNT,1.075,6860.338716202058,52957.7729867752,42697.2044705875
2022-07-15 09:55:00,6415.7916667949985,4595,0.2435141330755119,0.9823858828137647,1.2334682861214576,9,4,0,1,0,0,1,6337.678295169851,0.2433071791540211,0.0,44363.74806618896,0.75,0.7189280286150213,DISCOUNT,1.075,6813.004167307589,52454.212384953506,42291.20873536877
2022-07-15 10:00:00,6206.750000086,4567,0.24050380384570755,1.0079062113360318,1.2230319388137647,10,4,0,1,0,0,1,6270.105593614206,0.24327575109310126,0.0,43890.73915529944,0.75,0.7189280286150213,DISCOUNT,1.075,6740.363513135271,51455.86052805193,41486.28755074188
2022-07-15 10:05:00,5983.291666601997,4550,0.24031684061616282,1.0079062113360318,1.2118758434412953,10,4,0,1,0,0,1,6078.230282467137,0.23976118831353044,0.0,42547.61197726996,0.75,0.7189280286150213,DISCOUNT,1.075,6534.097553652172,49426.22830243439,39849.89656883773
2022-07-15 10:10:00,5983.291666601997,4527,0.2388129589843892,1.0079062113360318,1.2118758434412953,10,4,0,1,0,0,1,5920.181616506081,0.2395491203667147,0.0,41441.271315542566,0.75,0.7189280286150213,DISCOUNT,1.075,6364.195237744037,48141.02700474425,38813.70302257505
2022-07-15 10:15:00,5857.336111117001,4507,0.2391717874946381,1.0079062113360318,1.2025191183076922,10,4,0,1,0,0,1,5863.021735774358,0.2383915962442578,0.0,41041.1521504205,0.75,0.7189280286150213,DISCOUNT,1.075,6302.7483659574345,47308.1196179056,38142.17144193639
2022-07-15 10:20:00,5801.624999918,4499,0.23895281581139816,1.0079062113360318,1.198380566801619,10,4,0,1,0,0,1,5767.167834874101,0.23877665645420953,0.0,40370.17484411871,0.75,0.7189280286150213,DISCOUNT,1.075,6199.705422489658,46374.532058276316,37389.46647198528
2022-07-15 10:25:00,5858.324027709998,4489,0.23981536120725203,1.0079062113360318,1.1963259109311741,10,4,0,1,0,0,1,5795.977009076685,0.23847395142086392,0.0,40571.8390635368,0.75,0.7189280286150213,DISCOUNT,1.075,6230.675284757436,46526.28272922918,37511.81545044103
2022-07-15 10:30:00,5885.416666647998,4477,0.2393432422001245,1.0079062113360318,1.1953441295344132,10,4,0,1,0,0,1,5863.913844237997,0.23939761944433727,0.0,41047.39690966598,0.75,0.7189280286150213,DISCOUNT,1.075,6303.707382555846,47033.004870178585,37920.36017658148
2022-07-15 10:35:00,5770.4179167190005,4470,0.23847858945445874,1.0079062113360318,1.1884761583319836,10,4,0,1,0,0,1,5781.887098581113,0.23880781158650563,0.0,40473.209690067786,0.75,0.7189280286150213,DISCOUNT,1.075,6215.528630974696,46108.63581394759,37175.087624995256
2022-07-15 10:40:00,5710.291666671,4459,0.23824457584450523,1.0079062113360318,1.1848852901295546,10,4,0,1,0,0,1,5690.373219889406,0.23814291691089398,0.0,39832.61253922584,0.75,0.7189280286150213,DISCOUNT,1.075,6117.151211381111,45241.73504436613,36476.14887952019
2022-07-15 10:45:00,5710.291666671,4455,0.23770484639177428,1.0079062113360318,1.1848852901295546,10,4,0,1,0,0,1,5664.237311722605,0.23779386718346873,0.0,39649.66118205823,0.75,0.7189280286150213,DISCOUNT,1.075,6089.0551101018,45033.939564749184,36308.61377407904
2022-07-15 10:50:00,5547.584444470002,4428,0.23673344073869557,1.0079062113360318,1.1789338731578947,10,4,0,1,0,0,1,5572.779681988765,0.24050089563260188,0.0,39009.45777392136,0.75,0.7189280286150213,DISCOUNT,1.075,5990.738158137922,44084.25562510657,35542.93109774218
2022-07-15 10:55:00,5471.399999922998,4421,0.2356910382777197,1.0079062113360318,1.1760042735060725,10,4,0,1,0,0,1,5469.5818998356535,0.23634799537737217,0.0,38287.07329884957,0.75,0.7189280286150213,DISCOUNT,1.075,5879.800542323327,43160.3762423647,34798.05334540654
2022-07-15 11:00:00,5423.197222221,4418,0.2349210291098896,1.0214328246558702,1.172919478186235,11,4,0,1,0,0,1,5413.994628272816,0.2357283614662873,0.0,37897.96239790971,0.75,0.7189280286150213,DISCOUNT,1.075,5820.044225393277,42609.67397967131,34354.04964611
2022-07-15 11:05:00,5364.166666569,4416,0.2342829115783488,1.0214328246558702,1.1693657220080969,11,4,0,1,0,0,1,5366.609913476132,0.2352727796099195,0.0,37566.26939433292,0.75,0.7189280286150213,DISCOUNT,1.075,5769.1056569868415,42108.77233389078,33950.19769419945
2022-07-15 11:10:00,5374.166666569,4423,0.23465170035043265,1.0214328246558702,1.1695906432834005,11,4,0,1,0,0,1,5360.49651492678,0.23384623953034123,0.0,37523.47560448746,0.75,0.7189280286150213,DISCOUNT,1.075,5762.533753546289,42068.89410263569,33918.04587025003
2022-07-15 11:15:00,5489.144444297998,4437,0.23440080111460904,1.0214328246558702,1.1756095366599193,11,4,0,1,0,0,1,5457.179239379532,0.23499881152160057,0.0,38200.254675656724,0.75,0.7189280286150213,DISCOUNT,1.075,5866.467682332996,43048.05272933702,34707.492513027966
2022-07-15 11:20:00,5552.400000042998,4450,0.2351282406747293,1.0214328246558702,1.1786977058178139,11,4,0,1,0,0,1,5527.95386701459,0.23390161184937056,0.0,38695.67706910213,0.75,0.7189280286150213,DISCOUNT,1.075,5942.550407040684,43720.89467888436,35249.97133485052
2022-07-15 11:25:00,5557.500000042998,4455,0.23502368407602792,1.0214328246558702,1.1788124156680162,11,4,0,1,0,0,1,5574.275211154712,0.23541786030064316,0.0,39019.92647808298,0.75,0.7189280286150213,DISCOUNT,1.075,5992.345851991316,44091.543300393154,35548.80678594199
2022-07-15 11:30:00,5751.815000016,4468,0.2362686695259607,1.0048733642712546,1.1854925776113368,11,4,0,1,0,0,1,5661.030131848279,0.23540230324209585,0.0,39627.21092293795,0.75,0.7189280286150213,DISCOUNT,1.075,6085.607391736899,45031.50875150637,36306.653930902015
2022-07-15 11:35:00,5862.016666523,4474,0.2366331946428632,1.0048733642712546,1.189161043663968,11,4,0,1,0,0,1,5788.046819152916,0.23593027247422024,0.0,40516.327734070415,0.75,0.7189280286150213,DISCOUNT,1.075,6222.150330589385,46184.356962109116,37236.137800700475
2022-07-15 11:40:00,5866.916666523,4484,0.2366746181818816,1.0048733642712546,1.1892712550931177,11,4,0,1,0,0,1,5922.2564260733125,0.23657980321096553,0.0,41455.79498251319,0.75,0.7189280286150213,DISCOUNT,1.075,6366.425658028811,47259.630540693106,38103.077123433824
2022-07-15 11:45:00,6087.583333343998,4500,0.23947451426558766,1.0048733642712546,1.1951192082995958,11,4,0,1,0,0,1,5998.28681208586,0.23659232598510396,0.0,41988.00768460102,0.75,0.7189280286150213,DISCOUNT,1.075,6448.1583229923,48101.72452582023,38782.01539894257
2022-07-15 11:50:00,6197.916666538,4536,0.24061501402189958,1.0048733642712546,1.1980431849068838,11,4,0,1,0,0,1,6204.395379193357,0.23972554079530176,0.0,43430.7676543535,0.75,0.7189280286150213,DISCOUNT,1.075,6669.7250326328585,49876.28880123856,40212.757845998596
2022-07-15 11:55:00,6532.181388879,4576,0.24315453790170072,1.0048733642712546,1.207442645101215,11,4,0,1,0,0,1,6477.041121816427,0.24096040299445934,0.0,45339.28785271499,0.75,0.7189280286150213,DISCOUNT,1.075,6962.819205952659,52476.5598876931,42309.22640945256
2022-07-15 12:00:00,7517.722222195002,4649,0.24639362123307906,0.9655430216234816,1.2358299595344129,12,4,0,0,0,0,1,7090.775975146529,0.2447891220678587,0.0,49635.431826025706,0.75,0.7189280286150213,DISCOUNT,1.075,7622.584173282518,58799.64122736376,47407.21073956204
2022-07-15 12:05:00,8450.166666758998,4717,0.2496924990646282,0.9655430216234816,1.2628205128259102,12,4,0,0,0,0,1,8318.179749303872,0.24874571186679295,0.0,58227.2582451271,0.75,0.7189280286150213,DISCOUNT,1.075,8942.043230501662,70484.25617483041,56827.93154095703
2022-07-15 12:10:00,9224.999999903997,4799,0.2542106831664948,0.9655430216234816,1.2893612235668013,12,4,0,0,0,0,1,9008.755203533532,0.25175781080153553,0.0,63061.286424734724,0.75,0.7189280286150213,DISCOUNT,1.075,9684.411843798547,77940.21208365884,62839.295992449945
2022-07-15 12:15:00,10286.361111015003,4850,0.2575568505270182,0.9655430216234816,1.3208502024453435,12,4,0,0,0,0,1,9899.246116064596,0.25641035255481576,0.0,69294.72281245218,0.75,0.7189280286150213,DISCOUNT,1.075,10641.68957476944,87736.01025316695,70737.15826661585
2022-07-15 12:20:00,10952.774999968009,4917,0.26157638271441924,0.9655430216234816,1.3396086369797564,12,4,0,0,0,0,1,10562.152866633287,0.2595951161727464,0.0,73935.070066433,0.75,0.7189280286150213,DISCOUNT,1.075,11354.314331630783,94940.73290390082,76545.96590377003
2022-07-15 12:25:00,11130.166666621008,4961,0.2638590550696218,0.9655430216234816,1.3448043185020233,12,4,0,0,0,0,1,10955.258599901683,0.26199196731230895,0.0,76686.81019931177,0.75,0.7189280286150213,DISCOUNT,1.075,11776.902994894308,98856.20195671798,79702.81282760388
2022-07-15 12:30:00,11646.875694498003,5005,0.26558912931238915,0.9655430216234816,1.3665125955991908,12,4,0,0,0,0,1,11345.553722259843,0.2645680722362688,0.0,79418.8760558189,0.75,0.7189280286150213,DISCOUNT,1.075,12196.470251429331,104030.70171311621,83874.75325619997
2022-07-15 12:35:00,12036.229583446006,5031,0.26702375851607474,0.9655430216234816,1.3802429149757083,12,4,0,0,0,0,1,11725.706152025796,0.26648979243608034,0.0,82079.94306418057,0.75,0.7189280286150213,DISCOUNT,1.075,12605.13411342773,108596.72425852853,87556.10893343863
2022-07-15 12:40:00,12101.182638997003,5048,0.26729038636095964,0.9655430216234816,1.3811313540121455,12,4,0,0,0,0,1,12219.631796997162,0.2683155428666244,0.0,85537.42257898014,0.75,0.7189280286150213,DISCOUNT,1.075,13136.104181771949,113244.02494566991,91302.99511244636
2022-07-15 12:45:00,12317.651666581,5044,0.26688223975601943,0.9655430216234816,1.3841160593562751,12,4,0,0,0,0,1,12373.26922183114,0.26795069919243963,0.0,86612.88455281798,0.75,0.7189280286150213,DISCOUNT,1.075,13301.264413468476,114915.64590711937,92650.739512615
2022-07-15 12:50:00,12356.000416475003,5036,0.2663341397587935,0.9655430216234816,1.3807534862631579,12,4,0,0,0,0,1,12320.381331389803,0.2676319443577496,0.0,86242.66931972862,0.75,0.7189280286150213,DISCOUNT,1.075,13244.409931244038,114146.47139576764,92030.59256283767
2022-07-15 12:55:00,12323.083333102997,5028,0.2653251378340004,0.9655430216234816,1.3782051281821859,12,4,0,0,0,0,1,12334.01397397315,0.26732197854799933,0.0,86338.09781781204,0.75,0.7189280286150213,DISCOUNT,1.075,13259.065022021136,114061.87066975985,91962.38322749388
2022-07-15 13:00:00,12173.283333102996,5029,0.26612716093964933,0.9655430216234816,1.3712618083441295,13,4,0,0,0,0,1,12260.793460379482,0.2654901481477885,0.0,85825.55422265637,0.75,0.7189280286150213,DISCOUNT,1.075,13180.352969907943,112813.51974215581,90955.90029211315
2022-07-15 13:05:00,11966.416666617999,5027,0.26552835260400287,0.9655430216234816,1.361673414299595,13,4,0,0,0,0,1,12197.133970778266,0.26527650284124815,0.0,85379.93779544787,0.75,0.7189280286150213,DISCOUNT,1.075,13111.919018586636,111443.03848056127,89850.94977495252
2022-07-15 13:10:00,11966.416666617999,5026,0.26547994416193915,0.9655430216234816,1.361673414299595,13,4,0,0,0,0,1,12024.146205541849,0.26386925500382036,0.0,84169.02343879294,0.75,0.7189280286150213,DISCOUNT,1.075,12925.957170957487,109862.4801113497,88576.6245897757
2022-07-15 13:15:00,12001.238194429003,5009,0.2644495839796222,0.9655430216234816,1.3602901484412948,13,4,0,0,0,0,1,12004.17008077615,0.26334960923397444,0.0,84029.19056543305,0.75,0.7189280286150213,DISCOUNT,1.075,12904.48283683436,109568.5426325996,88339.63749753343
2022-07-15 13:20:00,12017.374999942998,5000,0.26420918476364963,0.9655430216234816,1.3596491227894734,13,4,0,0,0,0,1,12040.834401870512,0.2622070396982644,0.0,84285.84081309359,0.75,0.7189280286150213,DISCOUNT,1.075,12943.8969820108,109851.40670346106,88567.69665466549
2022-07-15 13:25:00,11701.769999937991,4975,0.2615284454863169,0.9655430216234816,1.3486369770364373,13,4,0,0,0,0,1,11730.839622414533,0.26223470517344,0.0,82115.87735690174,0.75,0.7189280286150213,DISCOUNT,1.075,12610.652594095622,106156.4416687366,85588.63109541888
2022-07-15 13:30:00,11553.249999824993,4952,0.2608070122350103,0.9655430216234816,1.3434547907975707,13,4,0,0,0,0,1,11586.641383119224,0.26071469490911225,0.0,81106.48968183457,0.75,0.7189280286150213,DISCOUNT,1.075,12455.639486853166,104448.64589191397,84211.72075035566
2022-07-15 13:35:00,11552.65499984599,4931,0.26021999603017343,0.9655430216234816,1.3432253710890687,13,4,0,0,0,0,1,11456.523903959665,0.2601683611123213,0.0,80195.66732771766,0.75,0.7189280286150213,DISCOUNT,1.075,12315.76319675664,103258.05590692617,83251.80757495922
2022-07-15 13:40:00,11061.46041645899,4886,0.25922328262515043,0.9655430216234816,1.3239035087489877,13,4,0,0,0,0,1,11179.786237741573,0.2592134418975277,0.0,78258.50366419101,0.75,0.7189280286150213,DISCOUNT,1.075,12018.270205572191,99314.35471907747,80072.19849225623
2022-07-15 13:45:00,10816.837499809992,4853,0.2572077422990037,0.9655430216234816,1.3126945568785426,13,4,0,0,0,0,1,10978.481588138804,0.2582879018049413,0.0,76849.37111697163,0.75,0.7189280286150213,DISCOUNT,1.075,11801.867707249214,96700.37417609965,77964.67667948034
2022-07-15 13:50:00,10814.896944247988,4815,0.25541299317033883,0.9655430216234816,1.3115125955748992,13,4,0,0,0,0,1,10762.446111250645,0.256032114720518,0.0,75337.12277875452,0.75,0.7189280286150213,DISCOUNT,1.075,11569.629569594443,94712.13967413899,76361.66261227457
2022-07-15 13:55:00,10048.736111359998,4777,0.25266905213040397,0.9655430216234816,1.2857624831457486,13,4,0,0,0,0,1,10308.700437432439,0.2525473536573336,0.0,72160.90306202706,0.75,0.7189280286150213,DISCOUNT,1.075,11081.852970239872,88937.89807711975,71706.18032467781
2022-07-15 14:00:00,9662.363750073,4728,0.2505753469070169,1.0079062113360318,1.271346153858299,14,4,0,0,0,0,1,9873.308016173261,0.24983710474677046,0.0,69113.15611321283,0.75,0.7189280286150213,DISCOUNT,1.075,10613.806117386255,84226.48788191758,67907.60585479606
2022-07-15 14:05:00,9657.875000072998,4675,0.2480099800089444,1.0079062113360318,1.2692307692429148,14,4,0,0,0,0,1,9503.864058466208,0.24836380136420658,0.0,66527.04840926346,0.75,0.7189280286150213,DISCOUNT,1.075,10216.653862851173,80939.96267568629,65257.84490727207
2022-07-15 14:10:00,8689.075000157996,4628,0.2466208896455931,1.0079062113360318,1.2333873144291498,14,4,0,0,0,0,1,8855.470554659963,0.2462059179585042,0.0,61988.29388261974,0.75,0.7189280286150213,DISCOUNT,1.075,9519.63084625946,73288.07471992822,59088.510242942124
2022-07-15 14:15:00,8143.128472374001,4584,0.24435801167264543,1.0079062113360318,1.2125337381781374,14,4,0,0,0,0,1,8346.73151215016,0.24394344665245296,0.0,58427.12058505112,0.75,0.7189280286150213,DISCOUNT,1.075,8972.73637556142,67909.80252693483,54752.27828734119
2022-07-15 14:20:00,8142.666666832,4536,0.2413882209792182,1.0079062113360318,1.2122132253562754,14,4,0,0,0,0,1,7980.283457994951,0.24217305402930905,0.0,55861.98420596466,0.75,0.7189280286150213,DISCOUNT,1.075,8578.804717344572,64911.183545640284,52334.641733672484
2022-07-15 14:25:00,7761.307500132,4510,0.23925326299664723,1.0079062113360318,1.196311291024292,14,4,0,0,0,0,1,7654.957421254199,0.23968847256392517,0.0,53584.701948779395,0.75,0.7189280286150213,DISCOUNT,1.075,8229.079227848264,61448.201093494594,49542.61213163002
2022-07-15 14:30:00,7576.291666443998,4488,0.2379298008232196,1.0079062113360318,1.188596491214575,14,4,0,0,0,0,1,7550.582215330803,0.23783711785977318,0.0,52854.07550731562,0.75,0.7189280286150213,DISCOUNT,1.075,8116.875881480612,60219.490523699875,48551.96423473303
2022-07-15 14:35:00,7576.291666443998,4470,0.23764115201944272,1.0079062113360318,1.188596491214575,14,4,0,0,0,0,1,7392.627864088318,0.2375765435253675,0.0,51748.39504861823,0.75,0.7189280286150213,DISCOUNT,1.075,7947.074953894942,58959.72931766852,47536.28176237025
2022-07-15 14:40:00,7309.321666444001,4460,0.2352246814403105,1.0079062113360318,1.1754588393927132,14,4,0,0,0,0,1,7203.563999138623,0.23684634515083322,0.0,50424.94799397036,0.75,0.7189280286150213,DISCOUNT,1.075,7743.83129907402,56816.83498331463,45808.57320529741
2022-07-15 14:45:00,7171.791666743001,4443,0.23539422084412923,1.0079062113360318,1.1686909581578953,14,4,0,0,0,0,1,7104.188997806186,0.23364843381144024,0.0,49729.3229846433,0.75,0.7189280286150213,DISCOUNT,1.075,7637.00317264165,55710.41364476381,44916.52100109082
2022-07-15 14:50:00,7143.791666743001,4436,0.23542569688863604,1.0079062113360318,1.1675663517692314,14,4,0,0,0,0,1,7037.491128184839,0.23493056866270975,0.0,49262.43789729387,0.75,0.7189280286150213,DISCOUNT,1.075,7565.302962798702,55134.26929265159,44452.00461720036
2022-07-15 14:55:00,6954.861666667003,4419,0.23764937338880374,1.0079062113360318,1.1614979757125514,14,4,0,0,0,0,1,6888.604420898932,0.23511045238591988,0.0,48220.230946292526,0.75,0.7189280286150213,DISCOUNT,1.075,7405.249752466352,53687.34107065474,43285.41873821538
2022-07-15 15:00:00,6906.826110914,4420,0.23755305428121914,1.0214328246558702,1.160040485817814,15,4,0,0,0,0,1,6849.209109440309,0.2369107534739868,0.0,47944.46376608216,0.75,0.7189280286150213,DISCOUNT,1.075,7362.899792648332,53313.32442601619,42983.867818475555
2022-07-15 15:05:00,6964.374999904001,4412,0.23745595387126153,1.0214328246558702,1.1619433198299598,15,4,0,0,0,0,1,6853.900410463138,0.23626418274768743,0.0,47977.30287324196,0.75,0.7189280286150213,DISCOUNT,1.075,7367.942941247873,53437.351529072475,43083.86467031469
2022-07-15 15:10:00,7004.772777866003,4395,0.2355018642424062,1.0214328246558702,1.1604003598502033,15,4,0,0,0,0,1,6904.9265927399565,0.23640750785850417,0.0,48334.4861491797,0.75,0.7189280286150213,DISCOUNT,1.075,7422.796087195453,53763.69552952412,43346.97952067882
2022-07-15 15:15:00,7011.248333510002,4386,0.23509709049494454,1.0214328246558702,1.1584345478825915,15,4,0,0,0,0,1,6951.766992321702,0.2357932016903121,0.0,48662.36894625191,0.75,0.7189280286150213,DISCOUNT,1.075,7473.149516745829,54036.710124417434,43567.09753781156
2022-07-15 15:20:00,7004.208333510002,4378,0.23452484958182224,1.0214328246558702,1.1578947368178143,15,4,0,0,0,0,1,6938.991063461763,0.23551341160527625,0.0,48572.93744423234,0.75,0.7189280286150213,DISCOUNT,1.075,7459.415393221395,53912.26775592861,43466.76587821744
2022-07-15 15:25:00,6851.986527753001,4362,0.23439058333044321,1.0214328246558702,1.148306342757085,15,4,0,0,0,0,1,6917.170064517401,0.23357356687834835,0.0,48420.19045162181,0.75,0.7189280286150213,DISCOUNT,1.075,7435.9578193562065,53297.692796534175,42971.26481720568
2022-07-15 15:30:00,6779.250000104,4354,0.23377107782039488,1.0214328246558702,1.143724696348178,15,4,0,0,0,0,1,6811.721523732182,0.23420166774846024,0.0,47682.05066612527,0.75,0.7189280286150213,DISCOUNT,1.075,7322.600638012095,52275.786551401114,42147.35290706715
2022-07-15 15:35:00,6779.250000104,4343,0.23330425747554168,1.0214328246558702,1.143724696348178,15,4,0,0,0,0,1,6725.409332412589,0.23410241497965373,0.0,47077.865326888124,0.75,0.7189280286150213,DISCOUNT,1.075,7229.815032343533,51613.39339946637,41613.298428319766
2022-07-15 15:40:00,6696.502500104,4339,0.23315192461308937,1.0214328246558702,1.140607287441296,15,4,0,0,0,0,1,6725.459683137914,0.23331460497607023,0.0,47078.217781965395,0.75,0.7189280286150213,DISCOUNT,1.075,7229.869159373257,51473.09800349627,41500.18526531886
2022-07-15 15:45:00,6653.875000012001,4344,0.23340824100370683,1.0214328246558702,1.1390013495060731,15,4,0,0,0,0,1,6690.867133010134,0.23311679543576688,0.0,46836.06993107094,0.75,0.7189280286150213,DISCOUNT,1.075,7192.682167985894,51136.24530633671,41228.59777823397
2022-07-15 15:50:00,6653.875000012001,4343,0.23302314025515952,1.0214328246558702,1.1390013495060731,15,4,0,0,0,0,1,6596.108255385559,0.233252379979776,0.0,46172.75778769891,0.75,0.7189280286150213,DISCOUNT,1.075,7090.816374539475,50412.0322686488,40644.7010165981
2022-07-15 15:55:00,6705.188611279998,4357,0.23392699630567437,1.0214328246558702,1.1453621232307691,15,4,0,0,0,0,1,6652.670735520165,0.23312151147193444,0.0,46568.695148641156,0.75,0.7189280286150213,DISCOUNT,1.075,7151.621040684177,51128.26299521844,41222.16203989487
2022-07-15 16:00:00,6730.083333317,4358,0.23391023695072977,1.0214328246558702,1.1484480431781376,16,4,0,0,0,0,1,6747.956000168628,0.23400512903270296,0.0,47235.692001180396,0.75,0.7189280286150213,DISCOUNT,1.075,7254.052700181274,52000.29249452917,41925.235823714145
2022-07-15 16:05:00,6730.083333317,4361,0.23392247117044979,1.0214328246558702,1.1484480431781376,16,4,0,0,0,0,1,6755.026070958494,0.23399986116829485,0.0,47285.18249670946,0.75,0.7189280286150213,DISCOUNT,1.075,7261.65302628038,52054.7750295399,41969.16236756654
2022-07-15 16:10:00,6517.508333314,4346,0.23333086786026702,1.0214328246558702,1.1404318488461538,16,4,0,0,0,0,1,6568.736756790429,0.23400512903270296,0.0,45981.157297533005,0.75,0.7189280286150213,DISCOUNT,1.075,7061.392013549711,50265.891261365396,40526.87482947585
2022-07-15 16:15:00,6407.999999919001,4336,0.23281719040037166,1.0214328246558702,1.136302294202429,16,4,0,0,0,0,1,6435.451339029733,0.233388674342143,0.0,45048.15937320813,0.75,0.7189280286150213,DISCOUNT,1.075,6918.110189456963,49067.630542727224,39560.77712507383
2022-07-15 16:20:00,6544.204166798002,4341,0.2329826758730919,1.0214328246558702,1.1393567251619425,16,4,0,0,0,0,1,6437.287467969209,0.23276986004297684,0.0,45061.01227578446,0.75,0.7189280286150213,DISCOUNT,1.075,6920.084028066899,49213.563858367226,39678.43586080858
2022-07-15 16:25:00,6618.624999775998,4337,0.2324237768678483,1.0214328246558702,1.1410256410688244,16,4,0,0,0,0,1,6601.5292928453855,0.233680645012744,0.0,46210.7050499177,0.75,0.7189280286150213,DISCOUNT,1.075,7096.643989808789,50543.13207606381,40750.40023632645
2022-07-15 16:30:00,6618.624999775998,4334,0.23200609109761444,1.0048733642712546,1.1410256410688244,16,4,0,0,0,0,1,6642.287938044214,0.23263317362256944,0.0,46496.01556630949,0.75,0.7189280286150213,DISCOUNT,1.075,7140.459533397529,50855.19152413117,41001.998166330755
2022-07-15 16:35:00,6690.506666489999,4348,0.2333847705389222,1.0048733642712546,1.1440080972105255,16,4,0,0,0,0,1,6645.587360057726,0.23270244774397303,0.0,46519.11152040408,0.75,0.7189280286150213,DISCOUNT,1.075,7144.0064120620555,51013.44606992428,41129.590893876455
2022-07-15 16:40:00,6724.333333054999,4351,0.23253876772073137,1.0048733642712546,1.145411605951416,16,4,0,0,0,0,1,6702.412860838875,0.23322915404529376,0.0,46916.890025872126,0.75,0.7189280286150213,DISCOUNT,1.075,7205.09382540179,51512.775228176804,41532.17502771755
2022-07-15 16:45:00,6771.859583237001,4469,0.23867540686370903,1.0048733642712546,1.1487348178137649,16,4,0,0,0,0,1,6769.873230499315,0.23305490569698176,0.0,47389.1126134952,0.75,0.7189280286150213,DISCOUNT,1.075,7277.613722786763,52182.21540848805,42071.9111730935
2022-07-15 16:50:00,6796.708333279997,4584,0.24576140162239582,1.0048733642712546,1.1504723346761132,16,4,0,0,0,0,1,6800.320845658226,0.24090622055993896,0.0,47602.24591960758,0.75,0.7189280286150213,DISCOUNT,1.075,7310.3449090825925,52496.18887270668,42325.05227861977
2022-07-15 16:55:00,6877.460833282999,4697,0.253181765232734,1.0048733642712546,1.1531140350809705,16,4,0,0,0,0,1,6879.29001523686,0.24622530283352487,0.0,48155.03010665802,0.75,0.7189280286150213,DISCOUNT,1.075,7395.236766379624,53227.74518538284,42914.86955571491
2022-07-15 17:00:00,7095.791666619999,4708,0.2535456146565879,1.0048733642712546,1.1602564102793516,17,4,0,0,0,0,1,7070.07108710348,0.2547647008043089,0.0,49490.497609724356,0.75,0.7189280286150213,DISCOUNT,1.075,7600.32641863624,55042.72790360231,44378.19937227937
2022-07-15 17:05:00,7397.179999919997,4624,0.24813449890795058,0.9910633501376516,1.167489878562752,17,4,0,0,0,0,1,7387.041077118629,0.25507546116842833,0.0,51709.2875398304,0.75,0.7189280286150213,DISCOUNT,1.075,7941.069157902526,57868.980387402094,46656.865437342945
2022-07-15 17:10:00,7763.981388983993,4525,0.24196637011592625,0.9910633501376516,1.1708254611093118,17,4,0,0,0,0,1,7652.960300239824,0.24847568207947077,0.0,53570.72210167877,0.75,0.7189280286150213,DISCOUNT,1.075,8226.932322757812,60123.43858755649,48474.52236121742
2022-07-15 17:15:00,7869.916666311998,4444,0.23680205299537385,0.9910633501376516,1.1707152496801614,17,4,0,0,0,0,1,7895.549577953461,0.24206300906119188,0.0,55268.84704567423,0.75,0.7189280286150213,DISCOUNT,1.075,8487.71579629997,62023.43755324154,50006.39652730099
2022-07-15 17:20:00,8211.616249726003,4464,0.23735151560300685,0.9910633501376516,1.1812336932348175,17,4,0,0,0,0,1,8122.213656290911,0.23752029898916338,0.0,56855.49559403637,0.75,0.7189280286150213,DISCOUNT,1.075,8731.37968051273,64377.25102837116,51904.15864162425
2022-07-15 17:25:00,8385.041666398998,4477,0.23819006037331789,0.9910633501376516,1.1865721997651821,17,4,0,0,0,0,1,8379.916643596893,0.23897958254138904,0.0,58659.41650517825,0.75,0.7189280286150213,DISCOUNT,1.075,9008.410391866659,66720.00342732856,53793.00276328365
2022-07-15 17:30:00,8523.356249801,4494,0.23700606508878092,0.9910633501376516,1.1949055330485834,17,4,0,0,0,0,1,8447.160852038507,0.23965697884289539,0.0,59130.12596426955,0.75,0.7189280286150213,DISCOUNT,1.075,9080.697915941395,67727.73136818281,54605.483415597395
2022-07-15 17:35:00,8597.833333390003,4503,0.2369228964700581,0.9910633501376516,1.1993927125668018,17,4,0,0,0,0,1,8556.192770318135,0.23844925166691208,0.0,59893.34939222695,0.75,0.7189280286150213,DISCOUNT,1.075,9197.907228091995,68859.5465768538,55518.009427588375
2022-07-15 17:40:00,8597.833333390003,4496,0.23638099374724234,0.9910633501376516,1.1993927125668018,17,4,0,0,0,0,1,8601.88722890835,0.23731200886906959,0.0,60213.21060235845,0.75,0.7189280286150213,DISCOUNT,1.075,9247.028771076477,69227.29187947395,55814.50407782588
2022-07-15 17:45:00,8326.423888882004,4488,0.23513712339623305,0.9910633501376516,1.1928047683603231,17,4,0,0,0,0,1,8425.54665634954,0.23654052556951477,0.0,58978.82659444677,0.75,0.7189280286150213,DISCOUNT,1.075,9057.462655575755,67435.66533203499,54370.00517395322
2022-07-15 17:50:00,8192.766666598998,4482,0.23434382666590697,0.9910633501376516,1.1884615384736836,17,4,0,0,0,0,1,8327.197488977266,0.2351148320104701,0.0,58290.38242284086,0.75,0.7189280286150213,DISCOUNT,1.075,8951.73730065056,66405.82679166742,53539.697850781864
2022-07-15 17:55:00,8213.022083325994,4470,0.23360480664449135,0.9910633501376516,1.186791497991902,17,4,0,0,0,0,1,8190.935060942675,0.23414142381467318,0.0,57336.54542659872,0.75,0.7189280286150213,DISCOUNT,1.075,8805.255190513375,65227.40508137648,52589.5953468598
2022-07-15 18:00:00,8138.301666545001,4473,0.23481409052270752,0.9910633501376516,1.1908794422064775,18,4,0,0,0,0,1,8140.41283450811,0.2337185587347289,0.0,56982.88984155677,0.75,0.7189280286150213,DISCOUNT,1.075,8750.943797096217,65048.37037048574,52445.24861120414
2022-07-15 18:05:00,8006.958333224002,4476,0.23432223544024786,0.9910633501376516,1.1980431849068827,18,4,0,0,0,0,1,8060.885295929727,0.23507353249281515,0.0,56426.19707150809,0.75,0.7189280286150213,DISCOUNT,1.075,8665.451693124456,64800.358204399105,52245.288802296775
2022-07-15 18:10:00,7937.458333177001,4481,0.234656973389208,0.9910633501376516,1.1980431848704454,18,4,0,0,0,0,1,7946.909438779255,0.23401851048943656,0.0,55628.36607145478,0.75,0.7189280286150213,DISCOUNT,1.075,8542.927646687698,63884.121821604334,51506.5732186685
2022-07-15 18:15:00,7951.964027546999,4495,0.2363242270023584,0.9910633501376516,1.2016959064291501,18,4,0,0,0,0,1,7923.0419589062085,0.23513799613297273,0.0,55461.29371234346,0.75,0.7189280286150213,DISCOUNT,1.075,8517.270105824175,63886.44612742676,51508.44719023783
2022-07-15 18:20:00,7909.805555382,4484,0.23509906762600244,0.9910633501376516,1.2023166891538464,18,4,0,0,0,0,1,7897.8041734891995,0.236437639531946,0.0,55284.62921442439,0.75,0.7189280286150213,DISCOUNT,1.075,8490.13948650089,63715.842338713315,51370.89788558761
2022-07-15 18:25:00,7788.922222042001,4487,0.23479346032678775,0.9910633501376516,1.1985267656356278,18,4,0,0,0,0,1,7756.203717945247,0.23530006439425294,0.0,54293.42602561673,0.75,0.7189280286150213,DISCOUNT,1.075,8337.91899679114,62376.23204457138,50290.83708593568
2022-07-15 18:30:00,7615.458333358996,4493,0.2351277343090513,0.9910633501376516,1.2024291498056674,18,4,0,0,0,0,1,7656.1427288424475,0.23548986421951032,0.0,53592.999101897134,0.75,0.7189280286150213,DISCOUNT,1.075,8230.35343350563,61772.00664005087,49803.68035354101
2022-07-15 18:35:00,7413.279999918996,4512,0.23551906864531144,0.9910633501376516,1.2055825461255063,18,4,0,0,0,0,1,7465.704149287191,0.23646636290092135,0.0,52259.929045010336,0.75,0.7189280286150213,DISCOUNT,1.075,8025.63196048373,60393.46116052988,48692.22806067722
2022-07-15 18:40:00,7347.374999902999,4531,0.23654630820977648,0.9910633501376516,1.2058029689797574,18,4,0,0,0,0,1,7308.895079551555,0.23722461202187436,0.0,51162.26555686088,0.75,0.7189280286150213,DISCOUNT,1.075,7857.062210517921,59135.77171660668,47678.21594651414
2022-07-15 18:45:00,7345.158611029999,4571,0.2407986425661826,0.9910633501376516,1.2280656770404856,18,4,0,0,0,0,1,7259.42989823062,0.23857801434885073,0.0,50816.00928761434,0.75,0.7189280286150213,DISCOUNT,1.075,7803.887140597916,59819.98524335578,48229.863102455594
2022-07-15 18:50:00,7454.3416667309975,4615,0.2434158248879373,0.9910633501376516,1.243182636089069,18,4,0,0,0,0,1,7357.199860462065,0.24234071534926266,0.0,51500.39902323445,0.75,0.7189280286150213,DISCOUNT,1.075,7908.989849996719,61371.91597573168,49481.107255433664
2022-07-15 18:55:00,7507.833333109001,4660,0.24612944990083163,0.9910633501376516,1.2452766531943318,18,4,0,0,0,0,1,7467.5558589549255,0.2448604761396534,0.0,52272.89101268448,0.75,0.7189280286150213,DISCOUNT,1.075,8027.622548376545,62397.40350044307,50307.90657223223
2022-07-15 19:00:00,7750.041111155001,4703,0.2493523586542261,0.9823858828137647,1.2665159693765171,19,4,0,0,0,0,1,7678.678352825212,0.24782191713015853,0.0,53750.74846977648,0.75,0.7189280286150213,DISCOUNT,1.075,8254.579229287103,65255.83309298867,52612.51543122212
2022-07-15 19:05:00,8054.166666612998,4764,0.25221528014927314,0.9823858828137647,1.293184885255061,19,4,0,0,0,0,1,7924.6366766413485,0.2509176768677309,0.0,55472.45673648944,0.75,0.7189280286150213,DISCOUNT,1.075,8518.984427389449,68764.16477276232,55441.107848039625
2022-07-15 19:10:00,8054.166666612998,4815,0.25435960035845456,0.9823858828137647,1.293184885255061,19,4,0,0,0,0,1,8080.465971066331,0.25380018846004604,0.0,56563.261797464314,0.75,0.7189280286150213,DISCOUNT,1.075,8686.500918896305,70116.3367038551,56531.296467483175
2022-07-15 19:15:00,8585.236666583005,4899,0.2585353883525817,0.9823858828137647,1.3397435897085017,19,4,0,0,0,0,1,8384.430737684708,0.2560119263409285,0.0,58691.01516379296,0.75,0.7189280286150213,DISCOUNT,1.075,9013.26304301106,75373.28810303517,60769.71353307211
2022-07-15 19:20:00,8823.833333313996,4961,0.2616192376027161,0.9823858828137647,1.3606612685748984,19,4,0,0,0,0,1,8698.082432619756,0.25968935093966217,0.0,60886.577028338295,0.75,0.7189280286150213,DISCOUNT,1.075,9350.438615066238,79413.75545433653,64027.34033505883
2022-07-15 19:25:00,9120.833611094005,5040,0.26503816845953454,0.9823858828137647,1.390111336032389,19,4,0,0,0,0,1,8995.283572752396,0.2621522004437754,0.0,62966.98500926678,0.75,0.7189280286150213,DISCOUNT,1.075,9669.929840708826,83904.7670634532,67648.21844490914
2022-07-15 19:30:00,9262.750000042002,5077,0.2665155984928731,0.9823858828137647,1.4041835357449401,19,4,0,0,0,0,1,9282.184822581477,0.2661329834019239,0.0,64975.293758070344,0.75,0.7189280286150213,DISCOUNT,1.075,9978.348684275088,87457.34327214774,70512.48301316913
2022-07-15 19:35:00,9262.750000042002,5119,0.2684615223365049,0.9823858828137647,1.4041835357449401,19,4,0,0,0,0,1,9329.455196611105,0.26826317179506654,0.0,65306.186376277736,0.75,0.7189280286150213,DISCOUNT,1.075,10029.164336356936,87902.72778098176,70871.57427341654
2022-07-15 19:40:00,9223.177500015003,5163,0.2714769514997574,0.9823858828137647,1.4309041835303644,19,4,0,0,0,0,1,9352.644304764865,0.27075368802223204,0.0,65468.51013335405,0.75,0.7189280286150213,DISCOUNT,1.075,10054.092627622229,89798.10325868924,72399.7207523182
2022-07-15 19:45:00,9202.791666890002,5202,0.2730521216337366,0.9823858828137647,1.4446693657125507,19,4,0,0,0,0,1,9295.296715453878,0.27370386720136153,0.0,65067.07700817715,0.75,0.7189280286150213,DISCOUNT,1.075,9992.44396911292,90106.04201833537,72647.99637728289
2022-07-15 19:50:00,9202.791666890002,5255,0.2752736431588897,0.9823858828137647,1.4446693657125507,19,4,0,0,0,0,1,9280.195422716917,0.2741872273692961,0.0,64961.36795901842,0.75,0.7189280286150213,DISCOUNT,1.075,9976.210079420685,89959.6542526145,72529.97124117042
2022-07-15 19:55:00,9416.732111131,5323,0.277779007223807,0.9823858828137647,1.4796536212024287,19,4,0,0,0,0,1,9329.864293161678,0.27681838959004634,0.0,65309.050052131744,0.75,0.7189280286150213,DISCOUNT,1.075,10029.604115148803,92631.26189623142,74683.95490383658
2022-07-15 20:00:00,9521.108333388001,5357,0.27876913862991043,0.9823858828137647,1.4966261808097168,20,4,0,0,0,0,1,9450.626443514073,0.2791344867038832,0.0,66154.3851045985,0.75,0.7189280286150213,DISCOUNT,1.075,10159.423426777628,94906.53712693282,76518.39555858959
2022-07-15 20:05:00,9570.319444488001,5396,0.27977188416626414,0.9823858828137647,1.498479532137652,20,4,0,0,0,0,1,9493.919402127862,0.27873871722078186,0.0,66457.43581489503,0.75,0.7189280286150213,DISCOUNT,1.075,10205.963357287452,95459.36651999367,76964.1142567449
2022-07-15 20:10:00,9470.279444431004,5410,0.2795205760392631,0.9823858828137647,1.5127530364170039,20,4,0,0,0,0,1,9548.02175942428,0.27914059102201444,0.0,66836.15231596996,0.75,0.7189280286150213,DISCOUNT,1.075,10264.123391381101,96917.81749895518,78139.99035853261
2022-07-15 20:15:00,9387.808333474,5439,0.27987343214175026,0.9823858828137647,1.5188832658623483,20,4,0,0,0,0,1,9403.20013716061,0.27915484162699705,0.0,65822.40096012427,0.75,0.7189280286150213,DISCOUNT,1.075,10108.440147447654,95834.58561222382,77266.63464985546
2022-07-15 20:20:00,9378.108333474001,5458,0.28032268502150887,0.9823858828137647,1.5185560054008098,20,4,0,0,0,0,1,9390.956619967516,0.2802720038058719,0.0,65736.6963397726,0.75,0.7189280286150213,DISCOUNT,1.075,10095.278366465078,95689.18161779658,77149.4026793485
2022-07-15 20:25:00,9351.007916900004,5479,0.2803990910367144,0.9823858828137647,1.5372222222348173,20,4,0,0,0,0,1,9306.60499128481,0.28115815202977035,0.0,65146.23493899367,0.75,0.7189280286150213,DISCOUNT,1.075,10004.600365631171,95995.33476182968,77396.23865172519
2022-07-15 20:30:00,9335.983333496,5504,0.28120389570086496,0.9823858828137647,1.547570850178138,20,4,0,0,0,0,1,9269.497735564979,0.2811037922672491,0.0,64886.484148954856,0.75,0.7189280286150213,DISCOUNT,1.075,9964.710065732352,96256.2494604432,77606.60112748234
2022-07-15 20:35:00,9335.983333496,5524,0.28154215026860413,0.9823858828137647,1.547570850178138,20,4,0,0,0,0,1,9279.162786596939,0.28246174025320864,0.0,64954.13950617857,0.75,0.7189280286150213,DISCOUNT,1.075,9975.099995591709,96356.61321150286,77687.51940177419
2022-07-15 20:40:00,9339.500833172999,5553,0.2831837249364473,0.9823858828137647,1.5588731443967612,20,4,0,0,0,0,1,9292.015593735725,0.2826545451174529,0.0,65044.10915615007,0.75,0.7189280286150213,DISCOUNT,1.075,9988.916763265905,97194.77024533463,78363.28351030106
2022-07-15 20:45:00,9341.233333172997,5566,0.2832067895543234,0.9823858828137647,1.5644399460161955,20,4,0,0,0,0,1,9290.398832424227,0.2843704887050915,0.0,65032.791826969595,0.75,0.7189280286150213,DISCOUNT,1.075,9987.178744856044,97524.88509679228,78629.43860928879
2022-07-15 20:50:00,9285.233333229002,5577,0.2829200156204904,0.9823858828137647,1.5648897885870456,20,4,0,0,0,0,1,9276.905452183473,0.2844175982770228,0.0,64938.33816528431,0.75,0.7189280286150213,DISCOUNT,1.075,9972.673361097233,97411.24169665235,78537.81361792596
2022-07-15 20:55:00,9306.975833255,5590,0.28522969683949007,0.9823858828137647,1.5744286999716595,20,4,0,0,0,0,1,9242.38241508084,0.283645796179032,0.0,64696.67690556588,0.75,0.7189280286150213,DISCOUNT,1.075,9935.561096211903,97640.30427355741,78722.49532055568
2022-07-15 21:00:00,9192.152777669999,5607,0.28626699925648186,0.9654242631902832,1.5783625731012152,21,4,0,0,0,0,1,9138.07412365415,0.28607057533315233,0.0,63966.518865579055,0.75,0.7189280286150213,DISCOUNT,1.075,9823.429682928212,96779.55992312374,78028.52018801852
2022-07-15 21:05:00,9010.441666674002,5623,0.2870060779282148,0.9654242631902832,1.577597840765183,21,4,0,0,0,0,1,9081.375720342812,0.2867798789915678,0.0,63569.63004239969,0.75,0.7189280286150213,DISCOUNT,1.075,9762.478899368523,96132.47847904827,77506.81077373266
2022-07-15 21:10:00,8967.663888869001,5638,0.28863595139802556,0.9654242631902832,1.5861448493522272,21,4,0,0,0,0,1,8944.032834468857,0.286813111017361,0.0,62608.229841281995,0.75,0.7189280286150213,DISCOUNT,1.075,9614.83529705402,95191.55524943431,76748.1914198564
2022-07-15 21:15:00,8933.149305404,5673,0.2896046835392586,0.9654242631902832,1.5954903284089073,21,4,0,0,0,0,1,8876.588864359843,0.29013182960349093,0.0,62136.1220505189,0.75,0.7189280286150213,DISCOUNT,1.075,9542.333029186831,95030.38163759369,76618.24519530992
2022-07-15 21:20:00,8926.871250004004,5693,0.2903047507018948,0.9654242631902832,1.597388663983806,21,4,0,0,0,0,1,8868.726097715302,0.29032998759569617,0.0,62081.08268400711,0.75,0.7189280286150213,DISCOUNT,1.075,9533.880555043948,95059.17322015646,76641.45840875115
2022-07-15 21:25:00,8946.381666637,5734,0.2925060487779706,0.9654242631902832,1.6125371120040488,21,4,0,0,0,0,1,8885.545749410125,0.29074869454451807,0.0,62198.82024587087,0.75,0.7189280286150213,DISCOUNT,1.075,9551.961680615883,96142.63441699893,77514.99899870537
2022-07-15 21:30:00,8957.552777861003,5744,0.29372850267581424,0.9654242631902832,1.620895186708503,21,4,0,0,0,0,1,8895.863635263408,0.29273281602701806,0.0,62271.045446843855,0.75,0.7189280286150213,DISCOUNT,1.075,9563.053407908163,96753.17864544145,78007.25028288718
2022-07-15 21:35:00,8869.486944371998,5761,0.2950135253577767,0.9654242631902832,1.6248819163279353,21,4,0,0,0,0,1,8896.39750718003,0.2944975352472603,0.0,62274.78255026021,0.75,0.7189280286150213,DISCOUNT,1.075,9563.627320218533,96996.97209870453,78203.80875458055
2022-07-15 21:40:00,8793.106666717005,5774,0.2967503850241011,0.9654242631902832,1.6317172739230774,21,4,0,0,0,0,1,8831.547217403388,0.29669440503483835,0.0,61820.830521823715,0.75,0.7189280286150213,DISCOUNT,1.075,9493.91325870864,96694.97347941702,77960.32236777997
2022-07-15 21:45:00,8696.876110815003,5782,0.29799786404697315,0.9654242631902832,1.6390485829473687,21,4,0,0,0,0,1,8760.472190697656,0.2977984257293772,0.0,61323.30533488359,0.75,0.7189280286150213,DISCOUNT,1.075,9417.507604999979,96347.74050144553,77680.36577929046
2022-07-15 21:50:00,8631.112083462,5806,0.29893735930087634,0.9654242631902832,1.6431713900121452,21,4,0,0,0,0,1,8661.698563503085,0.29918526012568614,0.0,60631.889944521594,0.75,0.7189280286150213,DISCOUNT,1.075,9311.325955765817,95501.04474502099,76997.71732567319
2022-07-15 21:55:00,8626.531250172,5838,0.3013491389855706,0.9654242631902832,1.6468286099919023,21,4,0,0,0,0,0,8615.758943739944,0.29965905308209345,0.0,60310.31260617961,0.75,0.7189280286150213,DISCOUNT,1.075,9261.940864520438,95205.9596795313,76759.8049916221
2022-07-15 22:00:00,8657.949861095,5872,0.30473411503788456,0.9654242631902832,1.6593938371416994,22,4,0,0,0,0,0,8645.435640212712,0.30241018431251526,0.0,60518.04948148898,0.9536152764687729,0.9141076676918177,BASELINE,1.013915417059368,8765.740482806197,96262.8127039064,93075.09187434385
2022-07-15 22:05:00,8695.994444512,5893,0.3061995325188404,0.9654242631902832,1.6754554656275296,22,4,0,0,0,0,0,8666.603096218489,0.3059022570003718,0.0,60666.22167352942,0.9588533855005578,0.9191287655583399,BASELINE,1.0123439843498327,8773.583509204422,97432.5319346873,94576.73148712168
2022-07-15 22:10:00,8697.511111182,5919,0.3074589349696908,0.9654242631902832,1.6762258210080963,22,4,0,0,0,0,0,8688.648131934837,0.30692139450225414,0.0,60820.536923543856,0.9603820917533812,0.9205941385885716,BASELINE,1.0118853724739856,8791.91595127828,97725.28111208515,94969.09500320147
2022-07-15 22:15:00,8683.069722309003,5957,0.3091712391106844,0.9654242631902832,1.6917465137489875,22,4,0,0,0,0,0,8690.605395945313,0.3080778574204776,0.0,60834.23777161719,0.9621167861307164,0.9222569658005012,BASELINE,1.0113649641607851,8789.373814805758,98652.36778055388,95993.80573204177
2022-07-15 22:20:00,8675.983333133998,5979,0.3101167272341834,0.9654242631902832,1.6990553306680165,22,4,0,0,0,0,0,8677.85732060091,0.31048682142912787,0.0,60745.00124420637,0.9657302321436918,0.9257207092919881,BASELINE,1.0102809303568925,8767.073767361057,98933.23715325071,96525.08714154558
2022-07-15 22:25:00,8774.808333382,6017,0.3116418755701651,0.9654242631902832,1.7137483131093123,22,4,0,0,0,0,0,8692.684044456068,0.31094908662871673,0.0,60848.788311192475,0.9664236299430751,0.9263853801092636,BASELINE,1.0100729110170774,8780.244677335442,99959.28179151371,97576.0854988664
2022-07-15 22:30:00,8824.066666781995,6044,0.3125805507549419,0.9654242631902832,1.7209851552145754,22,4,0,0,0,0,0,8799.22320804398,0.31222384427934846,0.0,61594.56245630787,0.9683357664190226,0.9282182981187248,BASELINE,1.0094992700742933,8882.80940574118,101611.6844788317,99328.90171594663
2022-07-15 22:35:00,8824.066666781995,6072,0.3139129089183364,0.9654242631902832,1.7209851552145754,22,4,0,0,0,0,0,8850.787679700747,0.31377595436929673,0.0,61955.513757905224,0.9706639315539451,0.9304500090130449,BASELINE,1.0088008205338164,8928.681873652706,102207.14077087292,100081.90380652926
2022-07-15 22:40:00,8885.480278046998,6095,0.3141990150644893,0.9654242631902832,1.7382174989028343,22,4,0,0,0,0,0,8878.77756826469,0.3152535884277138,0.0,62151.44297785283,0.9728803826415706,0.9325746340943092,BASELINE,1.0081358852075288,8951.014283343273,103557.00608130205,101568.25858086633
2022-07-15 22:45:00,8916.649999858997,6115,0.31533547152621216,0.9654242631902832,1.7469635627854254,22,4,0,0,0,0,0,8913.006018874845,0.31534432863992234,0.0,62391.04213212391,0.9730164929598835,0.9327051054580675,BASELINE,1.0080950521120349,8985.157267072516,104479.2963063759,102483.022111947
2022-07-15 22:50:00,8912.761111136997,6140,0.3161255097998763,0.9654242631902832,1.7471884840485838,22,4,0,0,0,0,0,8951.077005207118,0.3168145562387206,0.0,62657.53903644983,0.975221834358081,0.9348190811165066,BASELINE,1.0074334496925756,9017.614385819696,104939.0779985992,103099.61105876706
2022-07-15 22:55:00,8967.151944366995,6154,0.31548005300488674,0.9654242631902832,1.7567993702429157,22,4,0,0,0,0,0,8948.154824260295,0.3170703059279928,0.0,62637.083769822064,0.9756054588919891,0.9351868123563611,BASELINE,1.0073183623324033,9013.640663470675,105481.87697807277,103661.81811110178
2022-07-15 23:00:00,9035.908333251993,6173,0.31618943370480035,0.9436887103562747,1.763761808384616,23,4,0,0,0,0,0,8973.656435125215,0.31690795844339936,0.0,62815.5950458765,0.975361937665099,0.9349533800422625,BASELINE,1.0073914187004702,9039.984487111395,106201.72350165524,104350.75980226896
2022-07-15 23:05:00,9195.404166678993,6192,0.31611671339584574,0.9436887103562747,1.7749212775627534,23,4,0,0,0,0,0,9160.424458287429,0.31742892794588423,0.0,64122.971208012,0.9761433919188264,0.9357024591970424,BASELINE,1.007156982424352,9225.985455134996,109098.02424323167,107257.50053728484
2022-07-15 23:10:00,9247.475000018994,6217,0.31741833112449935,0.9436887103562747,1.7785717498987865,23,4,0,0,0,0,0,9280.723861049013,0.31743206661783524,0.0,64965.06702734309,0.9761480999267529,0.9357069721555189,BASELINE,1.007155570021974,9347.132730491356,110758.0836686509,108889.92662922073
2022-07-15 23:15:00,9493.957916525998,6241,0.32067029086981375,0.9436887103562747,1.7926923077166002,23,4,0,0,0,0,0,9435.447006344662,0.3188110137481688,0.0,66048.12904441264,0.9782165206222532,0.9376896996394689,BASELINE,1.006535043813324,9497.108065929422,113498.57973418963,111751.74675153477
2022-07-15 23:20:00,9607.833333125996,6259,0.3218495840922314,0.9436887103562747,1.799373594263158,23,4,0,0,0,0,0,9565.239167199852,0.3216114531912369,0.0,66956.67417039897,0.9824171797868554,0.9417163284555904,BASELINE,1.0052748460639434,9615.694331371633,115488.66701799887,114056.52430052763
2022-07-15 23:25:00,9595.733333155997,6271,0.3223158964627467,0.9436887103562747,1.7990238416761135,23,4,0,0,0,0,0,9630.107290734984,0.32233031711452453,0.0,67410.75103514489,0.9834954756717869,0.9427499513020137,BASELINE,1.0049513572984639,9677.789392753955,116249.27066757795,114896.7235596697
2022-07-15 23:30:00,9619.455555513998,6295,0.3241681859452484,0.9436887103562747,1.809941520477733,23,4,0,0,0,0,0,9622.606203575706,0.3230340602252747,0.0,67358.24342502994,0.984551090337912,0.9437618325965397,BASELINE,1.0046346728986264,9667.203835761573,116863.65047974433,115591.49178190515
2022-07-15 23:35:00,9637.993333122,6309,0.3248996140679365,0.9436887103562747,1.8156815115101212,23,4,0,0,0,0,0,9665.15497555699,0.3251995188439531,0.0,67656.08482889894,0.9877992782659296,0.9468754503880874,BASELINE,1.003660216520221,9700.531535469021,117752.64893144366,116741.72330590339
2022-07-15 23:40:00,9641.899999822,6324,0.3257207547650698,0.9436887103562747,1.816239316279352,23,4,0,0,0,0,0,9680.981731828506,0.3257196014074244,0.0,67766.87212279954,0.9885794021111366,0.9476232542522344,BASELINE,1.003426179366659,9714.1505116871,117981.70431471731,117033.89268436735
2022-07-15 23:45:00,10004.533333291003,6368,0.3286816764816112,0.9436887103562747,1.8359041835627536,23,4,0,0,0,0,0,9850.667518482609,0.3268222953817536,0.0,68954.67262937827,0.9902334430726304,0.9492087694624947,BASELINE,1.0029299670782108,9879.529650010163,121349.46463842673,120516.37562158491
2022-07-15 23:50:00,10182.733333255,6397,0.32986444728225,0.9436887103562747,1.8454790823481775,23,4,0,0,0,0,0,10086.248938999242,0.3286084434346001,0.0,70603.7425729947,0.9929126651519001,0.9517769932593896,BASELINE,1.00212620045443,10107.694326076837,124899.58693427155,124278.0611740889
2022-07-15 23:55:00,10649.830555421004,6437,0.3314456630611966,0.9436887103562747,1.862263832647772,23,4,0,0,0,0,0,10366.46517098709,0.32908085743675664,0.0,72565.25619690963,0.993621286155135,0.9524562565939108,BASELINE,1.0019136141534595,10386.302585459636,129537.07730121067,128957.10015632346
2022-07-16 00:00:00,11018.185000123003,6502,0.3344294113960447,0.9113355127287446,1.8760897435789479,0,5,1,0,1,0,0,11310.528476854337,0.3347571563275188,0.0,79173.69933798036,1.0021357344912782,0.9606179573366412,BASELINE,0.9993592796526165,11303.281591119556,142383.1835090853,142595.85354391913
2022-07-16 00:05:00,11212.400000038999,6577,0.3385792013496629,0.9113355127287446,1.883940620773279,0,5,1,0,1,0,0,12041.1775054068,0.33838234196634,0.0,84288.2425378476,1.00757351294951,0.9658304524660037,BASELINE,0.9977279461151469,12013.819301277435,152215.3186501602,153019.66269663037
2022-07-16 00:10:00,13143.031667063004,6686,0.3460507753613461,0.9113355127287446,1.9436943320040478,0,5,1,0,1,0,0,12275.257852348344,0.3396996720990046,0.0,85926.80496643842,1.0095495081485069,0.967724583576627,BASELINE,0.997135147555448,12240.091049882538,160096.11166048795,161161.91914798183
2022-07-16 00:15:00,14540.119999858991,6765,0.3500854335105169,0.9113355127287446,1.9856612685668014,0,5,1,0,1,0,0,13556.01425038802,0.3480204129069635,0.0,94892.09975271614,1.0220306193604451,0.9796886111479919,BASELINE,0.9933908141918665,13466.420033389499,180617.31158871602,183376.39077223212
2022-07-16 00:20:00,14727.56666647199,6840,0.3545802360931523,0.9113355127287446,1.9908906882874493,0,5,1,0,1,0,0,14384.604844773457,0.3504751491347193,0.0,100692.23391341421,1.0257127237020789,0.9832181685019726,BASELINE,0.9922861828893763,14273.644633792284,192162.01479899432,195582.60691561946
2022-07-16 00:25:00,15503.695555362996,6882,0.35665379438538125,0.9113355127287446,2.0156522717449383,0,5,1,0,1,0,0,15043.827182509698,0.35479273706357817,0.0,105306.79027756788,1.0321891055953674,0.9894262384581058,BASELINE,0.9903432683213897,14898.552979988819,203468.01134183357,207989.3823403042
2022-07-16 00:30:00,15880.816666598988,6907,0.35816011061547587,0.9113355127287446,2.027665317145748,0,5,1,0,1,0,0,15454.69655929545,0.3579099059452309,0.0,108182.87591506814,1.0368648589178464,0.9939082786159992,BASELINE,0.9889405423246461,15283.775996812485,210270.79050283894,215611.18409575382
2022-07-16 00:35:00,15880.619305487991,6937,0.3597894432092958,0.9113355127287446,2.027437022048582,0,5,1,0,1,0,0,15704.909107349471,0.35911974627561827,0.0,109934.3637514463,1.0386796194134273,0.9956478548633277,BASELINE,0.9883961141759718,15522.671135191047,213651.0306475847,219339.89521186874
2022-07-16 00:40:00,16130.58249993299,6931,0.3592786397626613,0.9113355127287446,2.036234817821862,0,5,1,0,1,0,0,15737.548168962467,0.36047910491318846,0.0,110162.83718273726,1.0407186573697826,0.9976024169143061,BASELINE,0.9877844027890652,15545.304619442737,215024.0927281456,221045.9838107483
2022-07-16 00:45:00,16259.39999989899,6941,0.3596607652441046,0.9113355127287446,2.0408232118785428,0,5,1,0,1,0,0,15734.237723303191,0.3603413658071415,0.0,110139.66406312234,1.0405120487107122,0.997404367906359,BASELINE,0.9878463853867864,15543.009861781477,215463.2889924718,221467.40328234783
2022-07-16 00:50:00,16152.177499898991,6940,0.359744208096751,0.9113355127287446,2.03859649123077,0,5,1,0,1,0,0,15729.501552544623,0.36060977994793,0.0,110106.51086781237,1.040914669921895,0.9977903088045379,BASELINE,0.9877255990234315,15536.431343327135,215163.413326148,221217.69562547441
2022-07-16 00:55:00,16041.257638883986,6949,0.3603770971207822,0.9113355127287446,2.038134278,0,5,1,0,1,0,0,15728.551191476816,0.36112323237483407,0.0,110099.85834033771,1.0416848485622512,0.9985285794866615,BASELINE,0.9874945454313246,15531.858509120719,215101.63207308427,221266.03744875002
2022-07-16 01:00:00,15965.070555765999,6947,0.36052938196541157,0.9113355127287446,2.03708951868421,1,5,1,0,1,0,0,15738.79894860344,0.36161655553839434,0.0,110171.59264022409,1.0424248333075914,0.9992379071855584,BASELINE,0.9872725500077226,15538.484172046583,215131.44490434224,221404.12352382467
2022-07-16 01:05:00,15998.18055548,6953,0.36063861559496574,0.9113355127287446,2.040795096728745,1,5,1,0,1,0,0,15737.767626380004,0.36158643310655214,0.0,110164.37338466002,1.042379649659828,0.9991945954644755,BASELINE,0.9872861051020516,15537.679302849874,215508.65821015264,221785.76690484604
2022-07-16 01:10:00,16046.842916806998,6954,0.3606725737931853,0.9113355127287446,2.0424145299230765,1,5,1,0,1,0,0,15737.767626380004,0.3612727808434434,0.0,110164.37338466002,1.0419091712651651,0.9987436086581009,BASELINE,0.9874272486204505,15539.900586744405,215679.67090776778,221893.29574444026
2022-07-16 01:15:00,15712.004166678,6943,0.35998492452922953,0.9113355127287446,2.0350371120202424,1,5,1,0,1,0,0,15739.38458236808,0.3612727808434434,0.0,110175.69207657657,1.0419091712651651,0.9987436086581009,BASELINE,0.9874272486204505,15541.497213146851,214922.69273868363,221114.50940802888
2022-07-16 01:20:00,15511.991666534994,6928,0.35911371675672704,0.9113355127287446,2.0309221772631587,1,5,1,0,1,0,0,15670.75248325251,0.36068424582869574,0.0,109695.26738276758,1.0410263687430437,0.997897380022254,BASELINE,0.9876920893770869,15477.878262294844,213552.82719102586,219577.90185430588
2022-07-16 01:25:00,15502.78083310299,6915,0.35837727823465915,0.9113355127287446,2.0307017544008104,1,5,1,0,1,0,0,15501.04870913132,0.3595098394512794,0.0,108507.34096391924,1.039264759176919,0.9962087526988362,BASELINE,0.9882205722469243,15318.455225765201,211217.2662105184,216924.95132644154
2022-07-16 01:30:00,14868.450139082004,6891,0.3564227127974155,0.9113355127287446,2.0159311741093116,1,5,1,0,1,0,0,15201.592640682667,0.35896424640474434,0.0,106411.14848477868,1.0384463696071164,0.9954242684320932,BASELINE,0.988466089117865,15026.258825898514,205630.2405407276,211073.07184475084
2022-07-16 01:35:00,14546.753055345995,6880,0.35555325021928574,0.9113355127287446,2.0086628430000006,1,5,1,0,1,0,0,14748.516689749093,0.35721741504110865,0.0,103239.61682824366,1.035826122561663,0.9929125763749302,BASELINE,0.9892521632315011,14590.002039790188,198782.24089695138,203690.81698348487
2022-07-16 01:40:00,14601.957777651993,6875,0.3558005388947437,0.9113355127287446,2.010755735497976,1,5,1,0,1,0,0,14449.648802686066,0.3559943685651531,0.0,101147.54161880247,1.0339915528477297,0.9911540115912038,BASELINE,0.9898025341456811,14302.299002413774,194956.98512307624,199528.2310958131
2022-07-16 01:45:00,14631.149999912994,6864,0.35526282625146505,0.9113355127287446,2.01180836705668,1,5,1,0,1,0,0,14445.317048590674,0.35630494775746946,0.0,101117.21934013472,1.0344574216362041,0.9916005797641253,BASELINE,0.9896627735091388,14295.992534527093,195000.56987643908,199634.56360883501
2022-07-16 01:50:00,14631.149999912994,6863,0.35535129900433815,0.9113355127287446,2.01180836705668,1,5,1,0,1,0,0,14467.943478351335,0.3559464644862921,0.0,101275.60434845934,1.0339196967294382,0.9910851324212474,BASELINE,0.9898240909811685,14320.719001826035,195306.00911898093,199875.90098401974
2022-07-16 01:55:00,14288.774999852993,6848,0.3546287834963308,0.9113355127287446,2.0044601889190288,1,5,1,0,1,0,0,14390.861071540548,0.3556590808180776,0.0,100736.02750078384,1.0334886212271164,0.9906719160731562,BASELINE,0.9899534136318651,14246.282042873485,193555.89722468038,198028.1201441811
2022-07-16 02:00:00,14112.399999947995,6854,0.35492499805916433,0.9113355127287446,2.000674763878543,2,5,1,0,1,0,0,14192.127652074403,0.35398419746546655,0.0,99344.89356452083,1.0309762961981999,0.9882636748994507,BASELINE,0.99070711114054,14060.241787124407,190522.4664488269,194598.79903641247
2022-07-16 02:05:00,14112.399999947995,6855,0.3550850460706198,0.9113355127287446,2.000674763878543,2,5,1,0,1,0,0,14036.379630867885,0.35407066456778535,0.0,98254.65741607519,1.031105996851678,0.9883880021462709,BASELINE,0.9906682009444966,13905.394956685865,188431.62440792593,192479.87489563785
2022-07-16 02:10:00,14216.902638292995,6886,0.35698288782966353,0.9113355127287446,2.006045883939272,2,5,1,0,1,0,0,14124.031496938678,0.35510224203146373,0.0,98868.22047857074,1.0326533630471957,0.9898712620509229,BASELINE,0.9902039910858413,13985.672358490809,190117.34117656376,194402.1072356939
2022-07-16 02:15:00,14269.941666774996,6882,0.3565800999351329,0.9113355127287446,2.008771929846154,2,5,1,0,1,0,0,14143.372587537673,0.35659511495826446,0.0,99003.60811276372,1.0348926724373966,0.9920177984313979,BASELINE,0.989532198268781,13995.32256748057,190636.39013817647,195223.0294583452
2022-07-16 02:20:00,14269.941666774996,6887,0.35658324618343956,0.9113355127287446,2.008771929846154,2,5,1,0,1,0,0,14126.726313009585,0.3560979797082193,0.0,98887.0841910671,1.0341469695623289,0.9913029895008579,BASELINE,0.9897559091313013,13982.010844981878,190412.0175095377,194896.80585500653
2022-07-16 02:25:00,14010.86416677499,6870,0.3561306119333411,0.9113355127287446,2.002091767902834,2,5,1,0,1,0,0,14060.501784207989,0.356090938297443,0.0,98423.51248945593,1.0341364074461645,0.9912928649657219,BASELINE,0.9897590777661507,13916.509278867015,188889.14119222984,193336.70543973133
2022-07-16 02:30:00,13877.400000110994,6862,0.35528934099800086,0.9113355127287446,1.998650472352227,2,5,1,0,1,0,0,13970.609782892217,0.3554394932868615,0.0,97794.26848024552,1.0331592399302922,0.9903561808113049,BASELINE,0.9900522280209123,13831.633342363193,187358.933335352,191646.0068895736
2022-07-16 02:35:00,13877.400000110994,6850,0.3544820616687525,0.9113355127287446,1.998650472352227,2,5,1,0,1,0,0,13788.352457499486,0.3550732655025685,0.0,96518.46720249641,1.0326098982538527,0.9898295979733333,BASELINE,0.9902170305238442,13653.461426281292,184914.69227438184,189076.73499663037
2022-07-16 02:40:00,13863.512499825,6852,0.35541242833649284,0.9113355127287446,1.9977417904089063,2,5,1,0,1,0,0,13812.979229213903,0.35365956389247677,0.0,96690.85460449732,1.0304893458387152,0.9877968985501471,BASELINE,0.9908531962483854,13686.634618979155,185160.73909318994,189060.90232159977
2022-07-16 02:45:00,13856.774999973,6848,0.3547824554167377,0.9113355127287446,1.9973009446842107,2,5,1,0,1,0,0,13803.679969145565,0.3551238452600529,0.0,96625.75978401896,1.0326857678900794,0.9899023243840055,BASELINE,0.9901942696329762,13668.324805295437,184995.25173782295,189168.65761307432
2022-07-16 02:50:00,13745.226666687,6850,0.35463619498504556,0.9113355127287446,1.9947773279514172,2,5,1,0,1,0,0,13699.546567965393,0.3536913395151491,0.0,95896.82597575776,1.0305370092727237,0.9878425873216788,BASELINE,0.9908388972181829,13574.043613791971,183367.68781037422,187236.04075626275
2022-07-16 02:55:00,13662.481249997001,6842,0.35405067504848287,0.9113355127287446,1.9946862348421053,2,5,1,0,1,0,0,13691.468246640323,0.35367327448942876,0.0,95840.27772648227,1.0305099117341432,0.9878166124150227,BASELINE,0.9908470264797571,13566.150600325578,183251.19122253315,187113.7015205364
2022-07-16 03:00:00,13646.191666692996,6838,0.35415352214158047,0.9113355127287446,1.9952766532064778,3,5,1,0,1,0,0,13608.205622248166,0.3528751575792706,0.0,95257.43935573717,1.0293127363689059,0.986669035181374,BASELINE,0.9912061790893283,13488.53749909052,182190.6880896339,185882.0799483384
2022-07-16 03:05:00,13556.357777707997,6829,0.3534782853940236,0.9113355127287446,1.9920962663400812,3,5,1,0,1,0,0,13577.303707554809,0.3531320673605143,0.0,95041.12595288367,1.0296981010407715,0.9870384344664971,BASELINE,0.9910905696877685,13456.337666344347,181487.21928426062,185212.07705025387
2022-07-16 03:10:00,13412.824860727995,6840,0.35468711432017214,0.9113355127287446,1.9878947368825919,3,5,1,0,1,0,0,13404.387901016398,0.35287286513996086,0.0,93830.71530711479,1.0293092977099412,0.9866657389836266,BASELINE,0.9912072106870177,13286.525942333272,178797.96159251558,182420.19336444067
2022-07-16 03:15:00,13358.181944420992,6829,0.3539933870644669,0.9113355127287446,1.987640575825911,3,5,1,0,1,0,0,13332.312411278688,0.35387134325483866,0.0,93326.18687895082,1.030807014882258,0.9881014067891153,BASELINE,0.9907578955353227,13209.093787217937,177813.82648832328,181597.73828151854
2022-07-16 03:20:00,13357.024999945997,6832,0.35382939008746367,0.9113355127287446,1.9881916329392708,3,5,1,0,1,0,0,13289.607840387436,0.35298058877299054,0.0,93027.25488271205,1.0294708831594859,0.9868206300618854,BASELINE,0.9911587350521542,13172.110896417602,177293.41266808825,180904.7125314302
2022-07-16 03:25:00,13368.302777878996,6823,0.35252873393587736,0.9113355127287446,1.9875168690931166,3,5,1,0,1,0,0,13301.27749519676,0.3529887827946724,0.0,93108.94246637732,1.0294831741920085,0.9868324118855936,BASELINE,0.9911550477423975,13183.628330786622,177388.87099446447,181003.60289756718
2022-07-16 03:30:00,13367.241666497,6818,0.3519875691210814,0.9113355127287446,1.9869534413279346,3,5,1,0,1,0,0,13302.858621870946,0.3520376002998693,0.0,93120.01035309662,1.0280564004498038,0.9854647483739097,BASELINE,0.9915830798650588,13190.889523284244,177359.66450709951,180801.03293132083
2022-07-16 03:35:00,13363.941666497001,6813,0.3512378725557099,0.9113355127287446,1.986842105295546,3,5,1,0,1,0,0,13304.926061554846,0.3518458755980717,0.0,93134.48243088393,1.0277688133971075,0.9851890758501094,BASELINE,0.9916693559808678,13194.087458835158,177377.28890407522,180784.1456289981
2022-07-16 03:40:00,13338.034999845999,6815,0.3513881687797543,0.9113355127287446,1.9839035088178134,3,5,1,0,1,0,0,13281.689538568275,0.3505521102552269,0.0,92971.82676997792,1.0258281653828405,0.983328827515266,BASELINE,0.9922515503851479,13178.77703637857,176805.61861749768,179966.830151343
2022-07-16 03:45:00,13325.274999845995,6812,0.35139027969964065,0.9113355127287446,1.9824561403967607,3,5,1,0,1,0,0,13276.947193338336,0.3501011429473031,0.0,92938.63035336835,1.0251517144209545,0.9826804014399547,BASELINE,0.9924544856737136,13176.765798081653,176613.54508339489,179689.52031598456
2022-07-16 03:50:00,13423.932499910003,6813,0.35119280042467327,0.9113355127287446,1.984716599234818,3,5,1,0,1,0,0,13294.17971040192,0.3501011429473031,0.0,93059.25797281344,1.0251517144209545,0.9826804014399547,BASELINE,0.9924544856737136,13193.868286940857,177044.41838505625,180127.8978869457
2022-07-16 03:55:00,13394.693333245998,6817,0.3514024894404938,0.9113355127287446,1.9835357625303647,3,5,1,0,1,0,0,13310.838937111803,0.34903849049991437,0.0,93175.87255978261,1.0235577357498715,0.9811524601817466,BASELINE,0.9929326792750386,13216.76696922493,177160.80939754666,180052.76915437734
2022-07-16 04:00:00,13478.874166572,6813,0.3512917239224936,0.9113355127287446,1.9857962213603237,4,5,1,0,1,0,0,13312.883824472503,0.3499140894112203,0.0,93190.18677130752,1.0248711341168306,0.9824114453800721,BASELINE,0.9925386597649508,13213.551868748431,177389.95124899104,180445.35513002367
2022-07-16 04:05:00,13437.748333114996,6816,0.3516005937408475,0.9113355127287446,1.9856815114412956,4,5,1,0,1,0,0,13297.66079203054,0.34985073922407056,0.0,93083.62554421378,1.0247761088361058,0.982320356929752,BASELINE,0.9925671673491683,13198.82150471585,177176.87392464507,180217.07307953355
2022-07-16 04:10:00,13360.828333107998,6817,0.35139787470725614,0.9113355127287446,1.9834547907935223,4,5,1,0,1,0,0,13324.878024125865,0.3512781209669129,0.0,93274.14616888105,1.0269171814503695,0.9843727264146775,BASELINE,0.9919248455648891,13217.277576252034,177340.42316360626,180643.32942293925
2022-07-16 04:15:00,13427.772638945997,6814,0.35170469001605237,0.9113355127287446,1.9841632928259105,4,5,1,0,1,0,0,13318.568692896268,0.35080984493732925,0.0,93229.98085027387,1.0262147674059938,0.9836994128890849,BASELINE,0.9921355697782018,13213.82573875676,177319.76952901136,180537.09009925957
2022-07-16 04:20:00,13438.42944439399,6807,0.35133918341526366,0.9113355127287446,1.9836819613036432,4,5,1,0,1,0,0,13328.727163433923,0.3514238144822845,0.0,93301.09014403746,1.0271357217234267,0.9845822127182535,BASELINE,0.991859283482972,13220.221774063597,177411.9684010477,180742.7186123533
2022-07-16 04:25:00,13387.698056021998,6806,0.35146144658251477,0.9113355127287446,1.9804453440971659,4,5,1,0,1,0,0,13328.731561959099,0.3506785206883534,0.0,93301.1209337137,1.0260177810325302,0.9835105875222339,BASELINE,0.992194665690241,13224.696356192972,177122.55775331488,180312.42329730312
2022-07-16 04:30:00,13331.296666561,6796,0.3512061321701319,0.9113355127287446,1.9770479082226708,4,5,1,0,1,0,0,13297.692719215991,0.3508338989980528,0.0,93083.84903451194,1.0262508484970791,0.9837339991659972,BASELINE,0.9921247454508763,13192.970004136136,176406.94491346998,179612.05832214508
2022-07-16 04:35:00,13312.816666561,6795,0.3510568121208618,0.9113355127287446,1.9760458839311732,4,5,1,0,1,0,0,13279.728538002433,0.34988171368894677,0.0,92958.09976601703,1.0248225705334202,0.9823648937516937,BASELINE,0.992553228839974,13180.837438512663,176079.3451291894,179106.31658874778
2022-07-16 04:40:00,13428.742222680998,6789,0.3512296342787975,0.9113355127287446,1.9765002249068824,4,5,1,0,1,0,0,13298.212909313368,0.349503168224496,0.0,93087.49036519357,1.024254752336744,0.9818205998626962,BASELINE,0.9927235742989768,13201.449451122362,176364.97544787687,179328.23132340386
2022-07-16 04:45:00,13463.781111189,6793,0.35146060000364304,0.9113355127287446,1.9774055330445346,4,5,1,0,1,0,0,13323.20053911976,0.34942651628858196,0.0,93262.40377383832,1.0241397744328729,0.9817103854123437,BASELINE,0.9927580676701382,13226.714822398277,176777.302340394,179733.55331995068
2022-07-16 04:50:00,13449.538888987001,6785,0.35091892838261474,0.9113355127287446,1.975708502012145,4,5,1,0,1,0,0,13306.649096325504,0.35037867496538,0.0,93146.54367427852,1.02556801244807,0.9830794525332219,BASELINE,0.992329596265579,13204.58172540442,176406.16774970302,179528.82007021306
2022-07-16 04:55:00,13447.483333385,6783,0.3510251986077303,0.9113355127287446,1.9746963562429145,4,5,1,0,1,0,0,13327.134086767179,0.34977246019863295,0.0,93289.93860737025,1.0246586902979495,0.9822078029588726,BASELINE,0.9926023929106151,13228.545185165727,176587.2260082346,179603.10059774193
2022-07-16 05:00:00,13358.099166846996,6771,0.3502572930575544,0.9113355127287446,1.9713900134777325,5,5,1,0,1,0,0,13321.798511144521,0.35012284914596603,0.0,93252.58957801166,1.0251842737189492,0.9827116118291819,BASELINE,0.9924447178843152,13221.148565104515,176220.97721411617,179294.04501992243
2022-07-16 05:05:00,13265.066666816998,6767,0.34991102477606223,0.9113355127287446,1.967948717931174,5,5,1,0,1,0,0,13277.923641318872,0.3492662723689763,0.0,92945.4654892321,1.0238994085534645,0.9814799777219045,BASELINE,0.9928301774339606,13182.723284765196,175333.99815035053,178237.21907605024
2022-07-16 05:10:00,13265.066666816998,6767,0.34979938847255193,0.9113355127287446,1.967948717931174,5,5,1,0,1,0,0,13269.277949316747,0.3490543113666127,0.0,92884.94564521723,1.023581467049919,0.9811752083107594,BASELINE,0.9929255598850243,13175.405237095338,175219.83242787328,178082.95975422102
2022-07-16 05:15:00,13489.598611249003,6770,0.3498120623371242,0.9113355127287446,1.9711763382672063,5,5,1,0,1,0,0,13290.049734105693,0.3490543113666127,0.0,93030.34813873985,1.023581467049919,0.9811752083107594,BASELINE,0.9929255598850243,13196.030073136713,175781.9491155002,178654.2615416546
2022-07-16 05:20:00,13593.650000001999,6772,0.35020898555780955,0.9113355127287446,1.9726720647368423,5,5,1,0,1,0,0,13366.288793482097,0.3491537683762563,0.0,93564.02155437469,1.0237306525643843,0.9813182131745094,BASELINE,0.9928808042306847,13271.131566852093,176924.47969262468,179833.5628621112
2022-07-16 05:25:00,13506.553333371998,6780,0.35097298774316926,0.9113355127287446,1.9708367071133603,5,5,1,0,1,0,0,13412.017458470886,0.34921567178725754,0.0,93884.1222092962,1.0238235076808864,0.9814072213689808,BASELINE,0.9928529476957341,13316.161068189467,177364.60041543364,180292.21376950532
2022-07-16 05:30:00,13511.024166632,6775,0.350959348607164,0.9113355127287446,1.9706410256032385,5,5,1,0,1,0,0,13431.551793478866,0.34982711757195895,0.0,94020.86255435206,1.0247406763579385,0.9822863923941816,BASELINE,0.9925777970926184,13331.860090706661,177605.29248405338,180648.53130992528
2022-07-16 05:35:00,13613.696250481,6782,0.35174950151497925,0.9113355127287446,1.9728115159514168,5,5,1,0,1,0,0,13450.743786698122,0.34976632370688526,0.0,94155.20650688685,1.0246494855603279,0.9821989795670428,BASELINE,0.9926051543319017,13351.277612274356,178054.96439665538,181094.7829822904
2022-07-16 05:40:00,13637.566666865001,6793,0.352639868884682,0.9113355127287446,1.9730094466842103,5,5,1,0,1,0,0,13612.789314725873,0.35157296091517815,0.0,95289.52520308111,1.0273594413727674,0.9847966638202041,BASELINE,0.9917921675881698,13501.05782137305,180218.13037034008,183629.1274393947
2022-07-16 05:45:00,13700.636805393999,6798,0.3534537176116115,0.9113355127287446,1.973133153417004,5,5,1,0,1,0,0,13647.576046798993,0.3532508695236632,0.0,95533.03232759295,1.0298763042854948,0.9872092548763927,BASELINE,0.9910371087143516,13525.254306378914,180689.9963244337,184420.45602450607
2022-07-16 05:50:00,13976.993888526007,6809,0.3542032023251042,0.9113355127287446,1.9807321187449396,5,5,1,0,1,0,0,13755.95012723404,0.3538586528655421,0.0,96291.65089063828,1.0307879792983132,0.9880831598359968,BASELINE,0.9907636062105061,13628.894754910267,182826.24049657866,186714.44557202622
2022-07-16 05:55:00,14140.073333256001,6821,0.3545679944656683,0.9113355127287446,1.9837921727287446,5,5,1,0,1,0,0,13952.085601894823,0.35433036943643115,0.0,97664.59921326376,1.0314955541546467,0.9887614203647452,BASELINE,0.990551333753606,13820.257001601401,185719.4961668489,189758.76463444886
2022-07-16 06:00:00,14166.715416744004,6833,0.3547092499330337,0.9113355127287446,1.9831916329068828,6,5,1,0,0,0,0,14175.192435396375,0.35508160076886985,0.0,99226.34704777463,1.0326224011533047,0.9898415828864733,BASELINE,0.9902132796540086,14036.463791180538,188632.20312625266,192879.52399804507
2022-07-16 06:05:00,14223.151666752003,6833,0.35422717494680594,0.9113355127287446,1.9832523616761133,6,5,1,0,0,0,0,14176.44340947035,0.3550114915059667,0.0,99235.10386629245,1.0325172372589502,0.9897407758581402,BASELINE,0.9902448288223149,14038.1497773202,188654.62685086945,192888.95257025713
2022-07-16 06:10:00,14201.913888921004,6834,0.35397013077651845,0.9113355127287446,1.983918128651822,6,5,1,0,0,0,0,14268.887898570705,0.3542802587141206,0.0,99882.21528999493,1.031420388071181,0.988689368359139,BASELINE,0.9905738835786457,14134.387700035524,189948.5856669698,194070.10896229447
2022-07-16 06:15:00,14242.777777491003,6839,0.35494865605557235,0.9113355127287446,1.9859604138623488,6,5,1,0,0,0,0,14257.160023193186,0.353846893180826,0.0,99800.12016235231,1.030770339771239,0.9880662511020967,BASELINE,0.9907688980686282,14125.55072576721,189987.83942242275,194026.06774941634
2022-07-16 06:20:00,14324.469444641003,6833,0.3548239945391884,0.9113355127287446,1.9852676563117413,6,5,1,0,0,0,0,14255.768652600791,0.3548750497437522,0.0,99790.38056820554,1.0323125746156283,0.9895445922438808,BASELINE,0.9903062276153115,14117.576476113702,189903.0318079205,194138.92745959607
2022-07-16 06:25:00,14651.198889051999,6843,0.35645890234790384,0.9113355127287446,1.9926585694898786,6,5,1,0,0,0,0,14499.260528932744,0.354603510160193,0.0,101494.8237025292,1.0319052652402894,0.9891541574088824,BASELINE,0.9904284204279132,14360.479703043648,193865.68186911652,198136.21363411925
2022-07-16 06:30:00,14796.802777798006,6846,0.35710957486568295,0.9113355127287446,1.9964012595465597,6,5,1,0,0,0,0,14703.214615495246,0.3570324873731584,0.0,102922.50230846672,1.0355487310597375,0.9926466770074185,BASELINE,0.9893353806820787,14546.410428871293,196961.94484021774,201788.4969159935
2022-07-16 06:35:00,14894.865972407002,6839,0.3568537140684379,0.9113355127287446,1.9956039136153854,6,5,1,0,0,0,0,14819.996994778337,0.35679462222597613,0.0,103739.97896344836,1.035191933338964,0.9923046611647385,BASELINE,0.9894424199983108,14663.533690881171,198447.05342325306,203261.93691003055
2022-07-16 06:40:00,14987.705555345006,6829,0.35673489480697695,0.9113355127287446,1.9930274403724701,6,5,1,0,0,0,0,14859.694418742665,0.35679207700067245,0.0,104017.86093119865,1.0351881155010085,0.9923010014971185,BASELINE,0.9894435653496975,14702.829025687743,198721.72525118705,203542.75798659504
2022-07-16 06:45:00,15107.918611213003,6827,0.35633104146479494,0.9113355127287446,1.9912213225425113,6,5,1,0,0,0,0,14871.985550549045,0.35695184245995926,0.0,104103.89885384332,1.035427763689939,0.9925307212304905,BASELINE,0.9893716708930184,14713.921193643535,198705.86285465775,203558.83560709222
2022-07-16 06:50:00,15155.108333310003,6824,0.3567197736822279,0.9113355127287446,1.9908906882388673,6,5,1,0,0,0,0,14994.140239013886,0.35751877338341354,0.0,104958.98167309721,1.0362781600751203,0.9933458862928102,BASELINE,0.989116551977464,14830.952293079963,200304.71671136477,205312.31070937126
2022-07-16 06:55:00,15232.530278052005,6816,0.35598046286612894,0.9113355127287446,1.9867813765141706,6,5,1,0,0,0,0,15064.47599876253,0.3591392644549114,0.0,105451.3319913377,1.0387088966823672,0.9956759191956507,BASELINE,0.9883873309952899,14889.5372252595,200828.94299198396,206180.3744134636
2022-07-16 07:00:00,15276.796110825999,6806,0.3553885449888603,0.9336648577327932,1.9823706702672075,7,5,1,0,0,0,0,15072.16781833341,0.3563644155700544,0.0,105505.17472833386,1.0345466233550815,0.9916860859186608,BASELINE,0.9896360129934756,14915.960066904046,200485.41177807853,205261.8956359845
2022-07-16 07:05:00,15286.566666579996,6798,0.3553644749227982,0.9336648577327932,1.97908232114575,7,5,1,0,0,0,0,15096.64088941897,0.35181522989955566,0.0,105676.4862259328,1.0277228448493334,0.9851450117468701,BASELINE,0.9916831465452,14971.08433948193,200477.8407064424,204322.08841617306
2022-07-16 07:10:00,15447.397360748997,6787,0.3541476889717715,0.9336648577327932,1.9755015744412963,7,5,1,0,0,0,0,15173.98859014298,0.3312294552183667,0.0,106217.92013100086,0.99684418282755,0.9555456309287498,BASELINE,1.0009467451517349,15188.35449027318,201140.40746365,200695.47285910763
2022-07-16 07:15:00,15466.235972131995,6788,0.353817514844086,0.9336648577327932,1.9672919478218625,7,5,1,0,0,0,0,15363.335751699147,0.33059016866785834,0.0,107543.35026189403,0.9958852530017875,0.9546264288897957,BASELINE,1.0012344240994637,15382.300623599198,202804.00554088902,202218.83440869453
2022-07-16 07:20:00,15436.233333274,6779,0.3533326061783055,0.9336648577327932,1.9642375168340078,7,5,1,0,0,0,0,15381.448925223385,0.3305141507355437,0.0,107670.14247656369,0.9957712261033156,0.954517126045359,BASELINE,1.0012686321690054,15400.962326135837,202727.86270710363,202126.6719152961
2022-07-16 07:25:00,15645.397083015003,6775,0.3523982632794235,0.9336648577327932,1.953602114263157,7,5,1,0,0,0,0,15388.676007968967,0.3305235329954213,0.0,107720.73205578276,0.995785299493132,0.9545306163845545,BASELINE,1.0012644101520605,15408.133606140213,201724.9260897958,201128.70397168602
2022-07-16 07:30:00,15744.020000034003,6721,0.3500435078897559,0.9336648577327932,1.9467791272874488,7,5,1,0,0,0,0,15573.393339103339,0.33040748003911735,0.0,109013.75337372338,0.995611220058676,0.9543637489383733,BASELINE,1.0013166339823971,15593.89779799484,203433.33849943397,202807.18606802862
2022-07-16 07:35:00,15736.108333354,6683,0.3480401177026473,0.9336648577327932,1.9463562752874486,7,5,1,0,0,0,0,15623.653662361596,0.3299057790785344,0.0,109365.57563653117,0.9948586686178016,0.953642375173281,BASELINE,1.0015423994146595,15647.751576625265,204045.55343858746,203309.58929499605
2022-07-16 07:40:00,15382.098888804,6573,0.3419734652331406,0.9336648577327932,1.9084592892186238,7,5,1,0,0,0,0,15621.866855490935,0.3298444250273222,0.0,109353.06798843654,0.9947666375409833,0.9535541568791099,BASELINE,1.001570008737705,15646.393322953321,200049.75525771672,199315.25854857793
2022-07-16 07:45:00,15212.941666765997,6529,0.3397652878503338,0.9336648577327932,1.8903508771740896,7,5,1,0,0,0,0,15355.839251373165,0.34081019350210845,0.0,107490.87475961215,1.0112152902531628,0.9693213535027637,BASELINE,0.9966354129240511,15304.173193087647,194777.22430945002,196299.0125995613
2022-07-16 07:50:00,14598.104999897994,6434,0.33469038541504487,0.9336648577327932,1.860060728736843,7,5,1,0,0,0,0,14906.09208899558,0.3375358771939723,0.0,104342.64462296906,1.0063038157909585,0.964613357965823,BASELINE,0.9981088552627124,14877.902511387952,186042.9065384458,186861.63478974285
2022-07-16 07:55:00,14295.274999897993,6381,0.3316855223175023,0.9336648577327932,1.845141700396761,7,5,1,0,0,0,0,14505.049701031192,0.33202016830323017,0.0,101535.34790721834,0.9980302524548452,0.9566825625273517,BASELINE,1.0005909242635465,14513.62108684348,179585.44599495927,179337.62036862137
2022-07-16 08:00:00,13623.198056029003,6306,0.329250844915278,0.9654242631902832,1.8170051731659913,8,5,1,1,0,0,0,13988.46014724869,0.32798724814432684,0.0,97919.22103074082,0.9919808722164902,0.9508838038485474,BASELINE,1.0024057383350529,14022.112722073285,170548.64210445425,169587.99594512433
2022-07-16 08:05:00,12707.691666662999,6234,0.3258451575159266,0.9654242631902832,1.7786774628623483,8,5,1,1,0,0,0,13281.026906997182,0.32787489578638385,0.0,92967.18834898027,0.9918123436795758,0.9507222573301352,BASELINE,1.0024562968961273,13313.649052166222,158507.95068294922,157596.29684268104
2022-07-16 08:10:00,12707.691666662999,6175,0.3230283915438383,0.9654242631902832,1.7786774628623483,8,5,1,1,0,0,0,12674.582980985273,0.3228615678563975,0.0,88722.08086689691,0.9842923517845963,0.9435138133991237,BASELINE,1.0047122944646212,12734.309348207951,151270.09290362155,149595.62784958424
2022-07-16 08:15:00,11511.175000214,6066,0.3166538052948933,0.9654242631902832,1.7240755735506077,8,5,1,1,0,0,0,12125.457463129318,0.3197583255341145,0.0,84878.20224190522,0.9796374883011717,0.9390517976289764,BASELINE,1.0061087535096485,12199.528893963303,140273.81984216796,138256.94213446137
2022-07-16 08:20:00,10948.108333310998,6001,0.3132299586705225,0.9654242631902832,1.6983805667854257,8,5,1,1,0,0,0,11237.37059588387,0.3135803091390119,0.0,78661.59417118708,0.9703704637085179,0.9301686993336117,BASELINE,1.0088888608874447,11337.258019851342,128062.47996732994,125372.64946160537
2022-07-16 08:25:00,10948.108333310998,5939,0.31072455177132224,0.9654242631902832,1.6983805667854257,8,5,1,1,0,0,0,10531.392182217503,0.3097901078668465,0.0,73719.74527552252,0.9646851618002698,0.9247189354763076,BASELINE,1.010594451459919,10642.966505497378,120017.06171880904,117005.29019355534
2022-07-16 08:30:00,10050.810833485993,5855,0.3049286913100982,0.9654242631902832,1.6554318488663966,8,5,1,1,0,0,0,10223.413927181633,0.30666166510028714,0.0,71563.89749027143,0.9599924976504307,0.9202206850947127,BASELINE,1.0120022507048707,10346.117904195335,113561.06153662015,110326.22567239817
2022-07-16 08:35:00,9608.858333450002,5803,0.3032546459521071,0.9654242631902832,1.6342780027125505,8,5,1,1,0,0,0,10002.528066562743,0.30117459967867694,0.0,70017.6964659392,0.9517618995180154,0.912331074841833,BASELINE,1.0144714301445954,10147.278952747361,109687.69395588512,105907.33559367426
2022-07-16 08:40:00,9219.247222271999,5744,0.3001983552437379,0.9654242631902832,1.6108861898218627,8,5,1,1,0,0,0,9111.982018411714,0.2990440737704111,0.0,63783.874128882,0.75,0.7189280286150213,DISCOUNT,1.075,9795.380669792592,98491.76146448069,79408.98268073755
2022-07-16 08:45:00,9022.458333464001,5888,0.3079568234723227,0.9654242631902832,1.5980431848663965,8,5,1,1,0,0,0,8983.735135577403,0.29738559832908723,0.0,62886.14594904182,0.75,0.7189280286150213,DISCOUNT,1.075,9657.515270745707,96331.34917780854,77667.15027460814
2022-07-16 08:50:00,9021.915833427001,6028,0.3151470333739187,0.9654242631902832,1.5977294196801615,8,5,1,1,0,0,0,8811.49808946543,0.3067889076273248,0.0,61680.48662625802,0.9601833614409871,0.920403641532951,BASELINE,1.011944991567704,8916.751359842934,94465.92375677283,91788.0739946791
2022-07-16 08:55:00,8920.795833426999,6170,0.3215288662558132,0.9654242631902832,1.586403508748988,8,5,1,1,0,0,0,8747.70227717572,0.3115679049135863,0.0,61233.91594023004,0.9673518573703794,0.9272751517284881,BASELINE,1.009794442788886,8833.381146663727,93117.18697563988,90959.33861760418
2022-07-16 09:00:00,8684.400000004,6125,0.31907759284235393,0.9654242631902832,1.5597165991700397,9,5,1,1,0,0,0,8620.812639768452,0.31920618328197115,0.0,60345.68847837916,0.9788092749229567,0.9382578965472794,BASELINE,1.006357217523113,8675.617020945461,90222.7567609697,88872.28254416342
2022-07-16 09:05:00,8284.664444523,5900,0.3081352884633106,0.9823858828137647,1.547222222222671,9,5,1,1,0,0,0,8342.88196463526,0.3178493233836579,0.0,58400.17375244682,0.9767739850754869,0.9363069273236772,BASELINE,1.006967804477354,8401.013534942482,86614.57642649944,85192.3612031539
2022-07-16 09:10:00,7897.537500065996,5670,0.29673441866654426,0.9823858828137647,1.5234806568056676,9,5,1,1,0,0,1,8035.31143386206,0.30752144677536075,0.0,56247.18003703442,0.9612821701630412,0.9214569273841128,BASELINE,1.0116153489510877,8128.644380097033,82141.35272009089,79878.1775782105
2022-07-16 09:15:00,7799.483333471001,5448,0.2849162876784641,0.9823858828137647,1.514507422396761,9,5,1,1,0,0,1,7709.269594957096,0.2963151781031794,0.0,53964.88716469967,0.75,0.7189280286150213,DISCOUNT,1.075,8287.464814578878,78344.19666076075,63165.00855773837
2022-07-16 09:20:00,7784.838333353001,5412,0.28288174424042467,0.9823858828137647,1.5133715699473678,9,5,1,1,0,0,1,7666.92047140837,0.2857591848465114,0.0,53668.44329985859,0.75,0.7189280286150213,DISCOUNT,1.075,8241.939506763998,77855.39666359681,62770.913560024936
2022-07-16 09:25:00,7648.602778037996,5376,0.2802580952923921,0.9823858828137647,1.4886212325991903,9,5,1,1,0,0,1,7617.093330380335,0.28293815930774835,0.0,53319.65331266235,0.75,0.7189280286150213,DISCOUNT,1.075,8188.3753301588595,76084.4101998397,61343.05572362075
2022-07-16 09:30:00,7501.865833348002,5336,0.27793371446571646,0.9823858828137647,1.4736673414089068,9,5,1,1,0,0,1,7476.242427173589,0.27903066266961546,0.0,52333.696990215125,0.75,0.7189280286150213,DISCOUNT,1.075,8036.960609211608,73927.33094478052,59603.91057422931
2022-07-16 09:35:00,7401.310694538001,5290,0.2750814646196431,0.9823858828137647,1.4678879891902832,9,5,1,1,0,0,1,7357.7348583860075,0.2775597584579505,0.0,51504.14400870205,0.75,0.7189280286150213,DISCOUNT,1.075,7909.564972764958,72470.1637850008,58429.069551656896
2022-07-16 09:40:00,7264.671944681001,5254,0.27375518482153083,0.9823858828137647,1.4470692757489874,9,5,1,1,0,0,1,7176.536659662737,0.2732489995653214,0.0,50235.75661763916,0.75,0.7189280286150213,DISCOUNT,1.075,7714.776909137442,69682.93307767609,56181.86479387636
2022-07-16 09:45:00,7199.788889086999,5220,0.271979562641215,0.9823858828137647,1.4336482231255063,9,5,1,1,0,0,1,7128.554044910994,0.27216414102881187,0.0,49899.878314376954,0.75,0.7189280286150213,DISCOUNT,1.075,7663.195598279318,68575.06683964399,55288.64763946296
2022-07-16 09:50:00,7194.090278035999,5182,0.2703659093226019,0.9823858828137647,1.4317420152955467,9,5,1,1,0,0,1,7098.498384372477,0.2703530200715857,0.0,49689.48869060734,0.75,0.7189280286150213,DISCOUNT,1.075,7630.885763200412,68195.14385649071,54982.33473429564
2022-07-16 09:55:00,7062.982916770999,5131,0.26648273046307913,0.9823858828137647,1.4108265856923077,9,5,1,1,0,0,1,7082.401243032167,0.2703908962594277,0.0,49576.80870122517,0.75,0.7189280286150213,DISCOUNT,1.075,7613.581336259579,67046.53753757889,54056.27088967297
2022-07-16 10:00:00,6892.684444520003,5096,0.2649424910618366,1.0079062113360318,1.3948830409392716,10,5,1,1,0,0,1,6924.528120264615,0.26591243308960083,0.0,48471.6968418523,0.75,0.7189280286150213,DISCOUNT,1.075,7443.86772928446,64811.21597169334,52254.04287717776
2022-07-16 10:05:00,6775.149999968002,5062,0.2639298398839842,1.0079062113360318,1.388663967607288,10,5,1,1,0,0,1,6826.641333091626,0.26243252931134875,0.0,47786.48933164138,0.75,0.7189280286150213,DISCOUNT,1.075,7338.6394330734975,63610.15370228681,51285.68642246874
2022-07-16 10:10:00,6610.872222142005,5023,0.26205478234236473,1.0079062113360318,1.372919478161944,10,5,1,1,0,0,1,6672.25597754834,0.2618390987242441,0.0,46705.79184283838,0.75,0.7189280286150213,DISCOUNT,1.075,7172.675175864465,61466.708598179146,49557.533807281936
2022-07-16 10:15:00,6469.966666635001,5000,0.2613767226665476,1.0079062113360318,1.3606668916032383,10,5,1,1,0,0,1,6518.630619034348,0.26070002533497566,0.0,45630.414333240435,0.75,0.7189280286150213,DISCOUNT,1.075,7007.527915461923,59515.540487296006,47984.4045178824
2022-07-16 10:20:00,6442.733333296001,4972,0.26033661491854204,1.0079062113360318,1.358636977068826,10,5,1,1,0,0,1,6382.704694112192,0.25999992237349234,0.0,44678.93285878534,0.75,0.7189280286150213,DISCOUNT,1.075,6861.407546170606,58187.590547209606,46913.74487868775
2022-07-16 10:25:00,6269.843333128002,4928,0.2594539492697812,1.0079062113360318,1.3377597840688271,10,5,1,1,0,0,1,6273.606815476714,0.25870480559458925,0.0,43915.247708336996,0.75,0.7189280286150213,DISCOUNT,1.075,6744.1273266374665,56314.16189199543,45403.29302542133
2022-07-16 10:30:00,6188.483333467999,4904,0.2583465502841456,1.0079062113360318,1.3279352226518224,10,5,1,1,0,0,1,6204.5659157594155,0.2592309459749137,0.0,43431.96141031591,0.75,0.7189280286150213,DISCOUNT,1.075,6669.908359441371,55285.40373334072,44573.85676000595
2022-07-16 10:35:00,6133.970000024002,4877,0.25718165181583635,1.0079062113360318,1.3242645074291497,10,5,1,1,0,0,1,6135.33551031987,0.25829330159296615,0.0,42947.34857223909,0.75,0.7189280286150213,DISCOUNT,1.075,6595.48567359386,54517.41419334977,43954.665193388246
2022-07-16 10:40:00,6101.002499831,4851,0.2562821777587281,1.0079062113360318,1.3096524966194334,10,5,1,1,0,0,1,6096.329864632204,0.2575141874958992,0.0,42674.30905242542,0.75,0.7189280286150213,DISCOUNT,1.075,6553.554604479618,53573.093590671924,43193.30670747924
2022-07-16 10:45:00,6121.0833332110005,4863,0.25783034251531733,1.0079062113360318,1.3037629329676104,10,5,1,1,0,0,1,6107.3278016305885,0.2567710748044137,0.0,42751.29461141412,0.75,0.7189280286150213,DISCOUNT,1.075,6565.377386752883,53428.38570450538,43076.63597425747
2022-07-16 10:50:00,6007.983333407003,4852,0.25747386432294156,1.0079062113360318,1.2972334682550597,10,5,1,1,0,0,1,6027.80459338565,0.2579908851866215,0.0,42194.63215369955,0.75,0.7189280286150213,DISCOUNT,1.075,6479.889937889574,52468.60313601829,42302.811278414745
2022-07-16 10:55:00,5931.750416525002,4871,0.258998491961971,1.0079062113360318,1.2935323886599184,10,5,1,1,0,0,1,5931.906709754772,0.2577314814015056,0.0,41523.346968283404,0.75,0.7189280286150213,DISCOUNT,1.075,6376.79971298638,51486.55241293466,41511.032882928565
2022-07-16 11:00:00,5902.399999787002,4862,0.25840171361812336,1.0079062113360318,1.2928475033684208,11,5,1,1,0,0,1,5890.359994938884,0.2598512751628144,0.0,41232.51996457219,0.75,0.7189280286150213,DISCOUNT,1.075,6332.1369945593,51098.874120623506,41198.467259752695
2022-07-16 11:05:00,5856.640416753003,4823,0.2548578781758656,1.0214328246558702,1.2859986504615384,11,5,1,1,0,0,1,5878.0379734880225,0.25916186156518806,0.0,41146.265814416154,0.75,0.7189280286150213,DISCOUNT,1.075,6318.890821499624,50721.850830891184,40894.49223240602
2022-07-16 11:10:00,5829.275416458002,4781,0.25015569286673045,1.0214328246558702,1.2815958164574897,11,5,1,1,0,0,1,5820.174126149129,0.2552649340986618,0.0,40741.218883043904,0.75,0.7189280286150213,DISCOUNT,1.075,6256.6871856103135,50050.5957528679,40353.29282574975
2022-07-16 11:15:00,5818.1091666360035,4754,0.24765513614812865,1.0214328246558702,1.2788011695708492,11,5,1,1,0,0,1,5789.834116892116,0.25156841991849194,0.0,40528.83881824481,0.75,0.7189280286150213,DISCOUNT,1.075,6224.071675659025,49681.115445608215,40055.399328021624
2022-07-16 11:20:00,5813.816666601003,4748,0.24703845349636014,1.0214328246558702,1.2776653171417,11,5,1,1,0,0,1,5794.301258582995,0.24710800003968955,0.0,40560.108810080965,0.75,0.7189280286150213,DISCOUNT,1.075,6228.873852976719,49675.285230715104,40050.69871726405
2022-07-16 11:25:00,5837.769166552002,4761,0.24783482441414248,1.0214328246558702,1.2781174088987848,11,5,1,1,0,0,1,5807.853598159246,0.24673148067710432,0.0,40654.975187114724,0.75,0.7189280286150213,DISCOUNT,1.075,6243.442618021189,49809.089487829704,40158.578399562706
2022-07-16 11:30:00,5890.082083446002,4752,0.24704108783514367,1.0048733642712546,1.2756005398137649,11,5,1,1,0,0,1,5848.765711929793,0.24716975021897178,0.0,40941.35998350855,0.75,0.7189280286150213,DISCOUNT,1.075,6287.423140324527,50061.18337506518,40361.8290961463
2022-07-16 11:35:00,5911.910555531002,4751,0.24503842953313826,1.0048733642712546,1.275200179943319,11,5,1,1,0,0,1,5912.653856664235,0.24677289197896227,0.0,41388.576996649645,0.75,0.7189280286150213,DISCOUNT,1.075,6356.102895914052,50592.135629083794,40789.909350948816
2022-07-16 11:40:00,5924.526944642003,4761,0.244943779994161,1.0048733642712546,1.2756410256396749,11,5,1,1,0,0,1,5929.389891968798,0.2446346113897898,0.0,41505.729243781585,0.75,0.7189280286150213,DISCOUNT,1.075,6374.094133866458,50752.878531490576,40919.50831601428
2022-07-16 11:45:00,5957.511666522003,4775,0.24652594523275081,1.0048733642712546,1.2774224021700393,11,5,1,1,0,0,1,5946.234007627285,0.24459369798751585,0.0,41623.638053391,0.75,0.7189280286150213,DISCOUNT,1.075,6392.201558199331,50968.131992989,41093.056419347384
2022-07-16 11:50:00,5971.6499997670035,4794,0.24758020767977318,1.0048733642712546,1.2783400809838048,11,5,1,1,0,0,1,5990.884151625595,0.2462371404561543,0.0,41936.18906137917,0.75,0.7189280286150213,DISCOUNT,1.075,6440.2004629975145,51387.74019534514,41431.36553249703
2022-07-16 11:55:00,6495.333611119999,4829,0.24953547464697756,1.0048733642712546,1.2968319837894726,11,5,1,1,0,0,1,6393.731016199963,0.24746472951253995,0.0,44756.11711339974,0.75,0.7189280286150213,DISCOUNT,1.075,6873.26084241496,55636.55962101941,44856.97619444691
2022-07-16 12:00:00,6841.194444393,4868,0.25143330173890194,0.9655430216234816,1.3067701304372459,12,5,1,0,0,0,1,6694.886922566033,0.248725727193832,0.0,46864.20845796223,0.75,0.7189280286150213,DISCOUNT,1.075,7197.003441758485,58703.586781823986,47329.76684284558
2022-07-16 12:05:00,6948.301666558998,4920,0.2545748660775112,0.9655430216234816,1.3078002699068814,12,5,1,0,0,0,1,6874.89004345469,0.252796911100678,0.0,48124.230304182835,0.75,0.7189280286150213,DISCOUNT,1.075,7390.506796713792,60329.450744436246,48640.61966270173
2022-07-16 12:10:00,8543.952499947,5003,0.258665919393084,0.9655430216234816,1.3537854251093118,12,5,1,0,0,0,1,7866.5750083801695,0.25590695585213147,0.0,55066.02505866119,0.75,0.7189280286150213,DISCOUNT,1.075,8456.568134008681,71459.12835755915,57613.922238282066
2022-07-16 12:15:00,9439.315277768006,5061,0.26190303472852405,0.9655430216234816,1.3812190733279353,12,5,1,0,0,0,1,9024.638955943436,0.2603842642998992,0.0,63172.47269160405,0.75,0.7189280286150213,DISCOUNT,1.075,9701.486877639192,83640.11003778996,67434.83871796816
2022-07-16 12:20:00,10097.118888579,5128,0.26590662065162257,0.9655430216234816,1.4055263157692315,12,5,1,0,0,0,1,9817.668036475265,0.26268495662996744,0.0,68723.67625532685,0.75,0.7189280286150213,DISCOUNT,1.075,10553.993139210908,92591.15825641644,74651.62134423575
2022-07-16 12:25:00,10438.286666631004,5161,0.2677657117606341,0.9655430216234816,1.4205375618299603,12,5,1,0,0,0,1,10268.918599519438,0.2685319792722745,0.0,71882.43019663607,0.75,0.7189280286150213,DISCOUNT,1.075,11039.087494483396,97881.27669536397,78916.7793356372
2022-07-16 12:30:00,10444.622222250004,5188,0.269090846623211,0.9655430216234816,1.421390013469636,12,5,1,0,0,0,1,10586.253608155266,0.2682157664495312,0.0,74103.77525708686,0.75,0.7189280286150213,DISCOUNT,1.075,11380.222628766911,100966.60328180186,81404.32389595275
2022-07-16 12:35:00,10725.350000085993,5220,0.2705272137820057,0.9655430216234816,1.4330926675668012,12,5,1,0,0,0,1,10654.843578722397,0.26908125547414274,0.0,74583.90505105678,0.75,0.7189280286150213,DISCOUNT,1.075,11453.956847126576,102457.45040857686,82606.3193919151
2022-07-16 12:40:00,10861.733333249997,5230,0.270704717447531,0.9655430216234816,1.438933873161943,12,5,1,0,0,0,1,10791.304810457963,0.2720329012314261,0.0,75539.13367320574,0.75,0.7189280286150213,DISCOUNT,1.075,11600.65267124231,104192.62705499187,84005.30556308721
2022-07-16 12:45:00,11040.446389048,5252,0.2720909137672279,0.9655430216234816,1.4487809267004055,12,5,1,0,0,0,1,10971.28602260049,0.27111978123969954,0.0,76799.00215820344,0.75,0.7189280286150213,DISCOUNT,1.075,11794.132474295528,106655.30190831354,85990.8371635778
2022-07-16 12:50:00,11144.549999908999,5267,0.27246533433879133,0.9655430216234816,1.4540047233360327,12,5,1,0,0,0,1,11156.647785975736,0.2727776347393778,0.0,78096.53450183015,0.75,0.7189280286150213,DISCOUNT,1.075,11993.396369923916,108848.3204704416,87758.95837929353
2022-07-16 12:55:00,11151.149999908997,5286,0.27294606870636096,0.9655430216234816,1.4541160593684213,12,5,1,0,0,0,1,11174.926939606567,0.2724236882414671,0.0,78224.48857724597,0.75,0.7189280286150213,DISCOUNT,1.075,12013.04646007706,109035.00694085968,87909.47434606812
2022-07-16 13:00:00,11300.417222461005,5295,0.2738032737814172,0.9655430216234816,1.4572098515627536,13,5,1,0,0,0,1,11280.369997967331,0.2715706543100039,0.0,78962.58998577132,0.75,0.7189280286150213,DISCOUNT,1.075,12126.39774781488,110297.99952948501,88927.7621206473
2022-07-16 13:05:00,11492.983333388003,5296,0.27365141061645937,0.9655430216234816,1.4612010796153851,13,5,1,0,0,0,1,11426.726152681389,0.2712765707531552,0.0,79987.08306876972,0.75,0.7189280286150213,DISCOUNT,1.075,12283.730614132493,112035.07161400332,90328.27648879019
2022-07-16 13:10:00,11492.983333388003,5296,0.27351161663463486,0.9655430216234816,1.4612010796153851,13,5,1,0,0,0,1,11477.304217064544,0.2712813092180216,0.0,80341.1295194518,0.75,0.7189280286150213,DISCOUNT,1.075,12338.102033344385,112530.97192609182,90728.09611541154
2022-07-16 13:15:00,11194.081944271004,5277,0.27315183065640647,0.9655430216234816,1.4526709401457492,13,5,1,0,0,0,1,11420.203357940822,0.27115336950812674,0.0,79941.42350558576,0.75,0.7189280286150213,DISCOUNT,1.075,12276.718609786383,111317.45750312,89749.7001118905
2022-07-16 13:20:00,11055.566666551005,5271,0.2732321707912514,0.9655430216234816,1.4487179486963562,13,5,1,0,0,0,1,11192.510896314663,0.27126220257197403,0.0,78347.57627420264,0.75,0.7189280286150213,DISCOUNT,1.075,12031.949213538262,108801.16832327169,87720.94196063779
2022-07-16 13:25:00,11054.315388994995,5262,0.2732090900099195,0.9655430216234816,1.4487179487327935,13,5,1,0,0,0,1,11055.885752700444,0.2713409553914852,0.0,77391.2002689031,0.75,0.7189280286150213,DISCOUNT,1.075,11885.077184152977,107473.05032052737,86650.14682092519
2022-07-16 13:30:00,11053.708333490998,5252,0.27297897556214,0.9655430216234816,1.448717948696356,13,5,1,0,0,0,1,11082.076934501027,0.2712147027511315,0.0,77574.53854150718,0.75,0.7189280286150213,DISCOUNT,1.075,11913.232704588603,107727.65191759655,86855.41935856223
2022-07-16 13:35:00,11071.358055768997,5234,0.27228892520946635,0.9655430216234816,1.448717948696356,13,5,1,0,0,0,1,11087.686543818272,0.2711343065074038,0.0,77613.8058067279,0.75,0.7189280286150213,DISCOUNT,1.075,11919.263034604643,107782.18231325195,86899.38449005938
2022-07-16 13:40:00,10617.116666695005,5201,0.27059660774600663,0.9655430216234816,1.4305904183400822,13,5,1,0,0,0,1,11002.271243038052,0.270314711768546,0.0,77015.89870126637,0.75,0.7189280286150213,DISCOUNT,1.075,11827.441586265906,105613.60129237265,85150.96604197545
2022-07-16 13:45:00,10400.499722384997,5167,0.268825765425959,0.9655430216234816,1.4222986954574899,13,5,1,0,0,0,1,10463.283288264225,0.2693525340307825,0.0,73242.98301784958,0.75,0.7189280286150213,DISCOUNT,1.075,11248.029534884041,99857.56869243989,80510.16475827966
2022-07-16 13:50:00,10409.333333594997,5137,0.26680171408582243,0.9655430216234816,1.4227395411659918,13,5,1,0,0,0,1,10290.625848387539,0.2676865951232518,0.0,72034.38093871277,0.75,0.7189280286150213,DISCOUNT,1.075,11062.422787016603,98240.23262404188,79206.18755313376
2022-07-16 13:55:00,9822.804305397005,5102,0.26557262207655163,0.9655430216234816,1.3992251461943326,13,5,1,0,0,0,1,10124.14554326567,0.2668085910279001,0.0,70869.01880285969,0.75,0.7189280286150213,DISCOUNT,1.075,10883.456459010595,95053.51330856957,76636.89510503423
2022-07-16 14:00:00,9428.735416514,5060,0.2631961812475235,1.0079062113360318,1.3842375168825916,14,5,1,0,0,0,1,9614.847177100608,0.2645239201278314,0.0,67303.93023970426,0.75,0.7189280286150213,DISCOUNT,1.075,10335.960715383153,89304.88051074515,72002.05991178825
2022-07-16 14:05:00,9296.916666485002,5020,0.2610603597740786,1.0079062113360318,1.3798920377975712,14,5,1,0,0,0,1,9205.186888557957,0.2617921869465205,0.0,64436.308219905695,0.75,0.7189280286150213,DISCOUNT,1.075,9895.575905199803,85231.45671800639,68717.86197889264
2022-07-16 14:10:00,8555.666666639003,4971,0.25838227789623175,1.0079062113360318,1.3526765632024293,14,5,1,0,0,0,1,8762.202630842143,0.2583131335004882,0.0,61335.418415895,0.75,0.7189280286150213,DISCOUNT,1.075,9419.367828155304,79529.71935710218,64120.83623166364
2022-07-16 14:15:00,8042.864999892002,4933,0.2561152010149712,1.0079062113360318,1.3356275303765184,14,5,1,0,0,0,1,8212.132587051921,0.2558769178663103,0.0,57484.92810936345,0.75,0.7189280286150213,DISCOUNT,1.075,8828.042531080815,73597.57538982133,59338.045158043446
2022-07-16 14:20:00,7975.1805554440025,4891,0.2538310729881601,1.0079062113360318,1.3335582546194336,14,5,1,0,0,0,1,7872.8347850501395,0.25238819397431966,0.0,55109.84349535098,0.75,0.7189280286150213,DISCOUNT,1.075,8463.2973939289,70447.45720762835,56798.26237365037
2022-07-16 14:25:00,7554.779027837004,4852,0.2515801593164375,1.0079062113360318,1.3109604138502027,14,5,1,0,0,0,1,7637.361600229447,0.25085066476802514,0.0,53461.53120160613,0.75,0.7189280286150213,DISCOUNT,1.075,8210.163720246655,67182.33951431134,54165.76123341353
2022-07-16 14:30:00,7354.083333443002,4816,0.24956094364216516,1.0079062113360318,1.300269905506073,14,5,1,0,0,0,1,7398.580203323318,0.24996093042377057,0.0,51790.06142326322,0.75,0.7189280286150213,DISCOUNT,1.075,7953.473718572566,64551.165692057206,52044.37733922113
2022-07-16 14:35:00,7206.992916623,4787,0.2485087101562615,1.0079062113360318,1.292051282016194,14,5,1,0,0,0,1,7192.462924849197,0.24851570251952437,0.0,50347.24047394438,0.75,0.7189280286150213,DISCOUNT,1.075,7731.897644212887,62356.190545985795,50274.67862770105
2022-07-16 14:40:00,7063.291666623001,4762,0.24695364550539037,1.0079062113360318,1.2804768331214578,14,5,1,0,0,0,1,7072.86416643593,0.24795838650923285,0.0,49510.04916505151,0.75,0.7189280286150213,DISCOUNT,1.075,7603.328978918625,60769.99985367672,48995.81238202686
2022-07-16 14:45:00,7025.596527860001,4782,0.24771168113295575,1.0079062113360318,1.2759682860931172,14,5,1,0,0,0,1,6920.23094019049,0.24666074982256575,0.0,48441.61658133343,0.75,0.7189280286150213,DISCOUNT,1.075,7439.248260704777,59249.22313829836,47769.686155253046
2022-07-16 14:50:00,7052.013888691998,4771,0.24815629166902767,1.0079062113360318,1.2749662617813762,14,5,1,0,0,0,1,6920.313912127176,0.2474313815152625,0.0,48442.197384890234,0.75,0.7189280286150213,DISCOUNT,1.075,7439.337455536714,59203.40425175343,47732.7446779762
2022-07-16 14:55:00,7057.0583333780005,4806,0.2501583245703396,1.0079062113360318,1.2700742240000007,14,5,1,0,0,0,1,6944.11340908018,0.2481093531090059,0.0,48608.79386356126,0.75,0.7189280286150213,DISCOUNT,1.075,7464.921914761193,59179.065023432784,47713.12117514268
2022-07-16 15:00:00,7020.48916677,4751,0.2477218324994297,1.0214328246558702,1.2628070175303645,15,5,1,0,0,0,1,6954.070246173994,0.24936334001519508,0.0,48678.49172321796,0.75,0.7189280286150213,DISCOUNT,1.075,7475.625514637043,58924.818335651944,47508.13478311939
2022-07-16 15:05:00,6984.750000085,4748,0.24727747196395994,1.0214328246558702,1.260458839417004,15,5,1,0,0,0,1,6921.832096491872,0.24741110462483618,0.0,48452.8246754431,0.75,0.7189280286150213,DISCOUNT,1.075,7440.969503728762,58542.58846458124,47199.961949568635
2022-07-16 15:10:00,7086.805555825003,4694,0.24364266423400485,1.0214328246558702,1.2597840755748988,15,5,1,0,0,0,1,6963.134699959172,0.24655532023205684,0.0,48741.94289971421,0.75,0.7189280286150213,DISCOUNT,1.075,7485.36980245611,58860.38563495931,47456.18591818594
2022-07-16 15:15:00,7045.581111033998,4697,0.2443649555633695,1.0214328246558702,1.2603598740688258,15,5,1,0,0,0,1,7064.2434449416305,0.24398901839345197,0.0,49449.70411459141,0.75,0.7189280286150213,DISCOUNT,1.075,7594.061703312253,59742.365939407944,48167.282538647654
2022-07-16 15:20:00,6993.944444534999,4689,0.2435039049586262,1.0214328246558702,1.261021142611336,15,5,1,0,0,0,1,6986.617020314017,0.24451742060457587,0.0,48906.31914219812,0.75,0.7189280286150213,DISCOUNT,1.075,7510.613296837569,59116.878994879764,47662.98368962181
2022-07-16 15:25:00,6840.518333280996,4680,0.24330919287072805,1.0214328246558702,1.2513652721497972,15,5,1,0,0,0,1,6871.7332180066205,0.24391836267829436,0.0,48102.13252604634,0.75,0.7189280286150213,DISCOUNT,1.075,7387.113209357117,57699.570584966226,46520.278784129034
2022-07-16 15:30:00,6799.691805532,4671,0.242595997518922,1.0214328246558702,1.2484525415991898,15,5,1,0,0,0,1,6817.721176584977,0.24347603218146474,0.0,47724.04823609484,0.75,0.7189280286150213,DISCOUNT,1.075,7329.05026482885,57112.801807832846,46047.19645756523
2022-07-16 15:35:00,6768.6636111069965,4677,0.24489628842447328,1.0214328246558702,1.2450292397773277,15,5,1,0,0,0,1,6747.959796100665,0.24202628374114185,0.0,47235.71857270465,0.75,0.7189280286150213,DISCOUNT,1.075,7254.056780808214,56373.40011725214,45451.05384453453
2022-07-16 15:40:00,6812.178055652998,4674,0.2446942706736448,1.0214328246558702,1.2434862797975708,15,5,1,0,0,0,1,6784.20422128378,0.24453423037399374,0.0,47489.42954898646,0.75,0.7189280286150213,DISCOUNT,1.075,7293.019537880063,56605.952528413436,45638.54922603334
2022-07-16 15:45:00,6854.249999896998,4670,0.24508899068347695,1.0214328246558702,1.2441475483562754,15,5,1,0,0,0,1,6851.766232416326,0.2444882096906275,0.0,47962.36362691428,0.75,0.7189280286150213,DISCOUNT,1.075,7365.64869984755,57200.07756552633,46117.56253720562
2022-07-16 15:50:00,6981.754166441998,4677,0.2479351838310088,1.0214328246558702,1.246117858744939,15,5,1,0,0,0,1,6959.982305413641,0.24475156772900003,0.0,48719.87613789549,0.75,0.7189280286150213,DISCOUNT,1.075,7481.980978319664,58195.50590008908,46920.12663194682
2022-07-16 15:55:00,7025.902777819999,4663,0.24782415039435846,1.0214328246558702,1.2469635627489886,15,5,1,0,0,0,1,7010.093874152721,0.2478849183926163,0.0,49070.657119069045,0.75,0.7189280286150213,DISCOUNT,1.075,7535.850914714174,58654.29096834097,47290.022093224914
2022-07-16 16:00:00,7000.243194393998,4662,0.24735757988533555,1.0214328246558702,1.2471108861781386,16,5,1,0,0,0,1,7029.436453686206,0.24779631991129417,0.0,49206.05517580344,0.75,0.7189280286150213,DISCOUNT,1.075,7556.644187712671,58823.08151205135,47426.109469091396
2022-07-16 16:05:00,6974.916666723998,4644,0.24740702103438994,1.0214328246558702,1.2473009446599195,16,5,1,0,0,0,1,6976.730631688498,0.24708374964863972,0.0,48837.11442181948,0.75,0.7189280286150213,DISCOUNT,1.075,7499.985429065135,58390.930880600776,47077.68802248437
2022-07-16 16:10:00,6917.777777882998,4641,0.24692936382944253,1.0214328246558702,1.2439271254979762,16,5,1,0,0,0,1,6944.4208134088,0.24710461277224774,0.0,48610.945693861606,0.75,0.7189280286150213,DISCOUNT,1.075,7465.25237441446,57963.30768856594,46732.91682390629
2022-07-16 16:15:00,6822.264166578998,4619,0.24575723669295632,1.0214328246558702,1.2399797570607292,16,5,1,0,0,0,1,6872.45512446446,0.2466239788354973,0.0,48107.18587125122,0.75,0.7189280286150213,DISCOUNT,1.075,7387.889258799294,57180.59895799993,46101.85790988745
2022-07-16 16:20:00,6789.291666578998,4624,0.2459956696635048,1.0214328246558702,1.2388663967368425,16,5,1,0,0,0,1,6792.915005001535,0.24539848737459952,0.0,47550.40503501074,0.75,0.7189280286150213,DISCOUNT,1.075,7302.38363037665,56468.05721460029,45527.37112927149
2022-07-16 16:25:00,6680.183611166997,4614,0.24540712764208295,1.0214328246558702,1.2350044984008104,16,5,1,0,0,0,1,6730.562973872336,0.24538548412784703,0.0,47113.940817106355,0.75,0.7189280286150213,DISCOUNT,1.075,7235.355196912761,55775.326825012766,44968.85725266654
2022-07-16 16:30:00,6617.769861165999,4607,0.2446087587710642,1.0048733642712546,1.233578497518219,16,5,1,0,0,0,1,6690.844502466474,0.24510451581737872,0.0,46835.91151726532,0.75,0.7189280286150213,DISCOUNT,1.075,7192.65784015146,55382.163790608145,44651.869556177815
2022-07-16 16:35:00,6612.958333373998,4610,0.24501286177215906,1.0048733642712546,1.2338056680080973,16,5,1,0,0,0,1,6584.220058807786,0.2447548884585595,0.0,46089.5404116545,0.75,0.7189280286150213,DISCOUNT,1.075,7078.036563218369,54509.63711116493,43948.39492087672
2022-07-16 16:40:00,6647.195833373998,4616,0.24500752663854894,1.0048733642712546,1.2331376518137658,16,5,1,0,0,0,1,6592.830060021671,0.24503153773199707,0.0,46149.8104201517,0.75,0.7189280286150213,DISCOUNT,1.075,7087.292314523296,54551.36624122157,43982.0390319849
2022-07-16 16:45:00,6664.833333342998,4619,0.24540918644797555,1.0048733642712546,1.2327935222307702,16,5,1,0,0,0,1,6613.284742642567,0.24503153773199707,0.0,46292.99319849797,0.75,0.7189280286150213,DISCOUNT,1.075,7109.281098340759,54705.344603999336,44106.18408697446
2022-07-16 16:50:00,6664.833333342998,4627,0.24502849402723592,1.0048733642712546,1.2327935222307702,16,5,1,0,0,0,1,6619.025188909271,0.24522413455828654,0.0,46333.176322364896,0.75,0.7189280286150213,DISCOUNT,1.075,7115.452078077466,54752.829795310674,44144.46902246923
2022-07-16 16:55:00,6766.555555393998,4614,0.24231833952214482,1.0048733642712546,1.2354925775587056,16,5,1,0,0,0,1,6773.049824701831,0.24504876023588654,0.0,47411.34877291282,0.75,0.7189280286150213,DISCOUNT,1.075,7281.028561554468,56149.5917983536,45270.608387422595
2022-07-16 17:00:00,6817.416666612002,4631,0.2419120894207955,0.9910633501376516,1.2368421052672067,17,5,1,0,0,0,1,6808.269850022998,0.24198787574864203,0.0,47657.88895016099,0.75,0.7189280286150213,DISCOUNT,1.075,7318.890088774722,56503.22214376263,45555.72285340862
2022-07-16 17:05:00,6817.416666612002,4642,0.2423912038907564,0.9910633501376516,1.2368421052672067,17,5,1,0,0,0,1,6841.2295783821055,0.24192594788519564,0.0,47888.60704867474,0.75,0.7189280286150213,DISCOUNT,1.075,7354.321796760763,56776.76166177489,45776.26408980601
2022-07-16 17:10:00,7615.130277644001,4662,0.24256891247868664,0.9910633501376516,1.2527316689271262,17,5,1,0,0,0,1,7210.878950293441,0.24211735357559236,0.0,50476.152652054094,0.75,0.7189280286150213,DISCOUNT,1.075,7751.694871565449,60613.37322547012,48869.53216303528
2022-07-16 17:15:00,8020.583333558,4685,0.2432008458533344,0.9910633501376516,1.2607962212995962,17,5,1,0,0,0,1,7820.70346391466,0.2422265189318967,0.0,54744.92424740262,0.75,0.7189280286150213,DISCOUNT,1.075,8407.256223708258,66162.65279273818,53343.63881414516
2022-07-16 17:20:00,8021.361111348,4720,0.2448598944280871,0.9910633501376516,1.2612460638744951,17,5,1,0,0,0,1,8053.857385301725,0.2438367784479174,0.0,56377.00169711208,0.75,0.7189280286150213,DISCOUNT,1.075,8657.896689199355,68159.43020238522,54953.54060067309
2022-07-16 17:25:00,8442.230833395,4732,0.24445377921832928,0.9910633501376516,1.280232793506074,17,5,1,0,0,0,1,8343.831446279122,0.24562560819818033,0.0,58406.820123953854,0.75,0.7189280286150213,DISCOUNT,1.075,8969.618804750056,71676.47884317875,57789.16106731285
2022-07-16 17:30:00,8648.948333355998,4761,0.24605357224769844,0.9910633501376516,1.289251012129555,17,5,1,0,0,0,1,8588.378782404247,0.2454285446000152,0.0,60118.65147682973,0.75,0.7189280286150213,DISCOUNT,1.075,9232.507191084565,74296.92911686747,59901.89910047441
2022-07-16 17:35:00,8648.750000025997,4776,0.2465714381433264,0.9910633501376516,1.2891363022793525,17,5,1,0,0,0,1,8646.247025413095,0.24700825192600612,0.0,60523.72917789166,0.75,0.7189280286150213,DISCOUNT,1.075,9294.715552319076,74790.88459655411,60300.15070597174
2022-07-16 17:40:00,8728.480000013002,4786,0.24725202869162308,0.9910633501376516,1.2967071524453442,17,5,1,0,0,0,1,8704.190799474709,0.24737878050022338,0.0,60929.33559632296,0.75,0.7189280286150213,DISCOUNT,1.075,9357.005109435311,75734.28000458305,61060.76325369509
2022-07-16 17:45:00,8757.034166812,4792,0.24752985503210925,0.9910633501376516,1.3007264957206475,17,5,1,0,0,0,1,8766.962597637425,0.24831764569053535,0.0,61368.738183461974,0.75,0.7189280286150213,DISCOUNT,1.075,9424.48479246023,76516.89403553701,61691.74581615172
2022-07-16 17:50:00,8676.596805627003,4801,0.2472777455266781,0.9910633501376516,1.3041408006842108,17,5,1,0,0,0,1,8756.9587464052,0.24845673165988486,0.0,61298.7112248364,0.75,0.7189280286150213,DISCOUNT,1.075,9413.73065238559,76630.20339400743,61783.10148641848
2022-07-16 17:55:00,8641.060833365002,4802,0.24745434268730598,0.9910633501376516,1.305668016165992,17,5,1,0,0,0,1,8690.257247026679,0.24839756316261297,0.0,60831.800729186754,0.75,0.7189280286150213,DISCOUNT,1.075,9342.02654055368,76135.56772059237,61384.3014747276
2022-07-16 18:00:00,8526.576666882,4797,0.24708671384112488,0.9910633501376516,1.3044264507165997,18,5,1,0,0,0,1,8560.714404502756,0.248414851757174,0.0,59925.0008315193,0.75,0.7189280286150213,DISCOUNT,1.075,9202.767984840462,74929.32110100846,60411.76513768808
2022-07-16 18:05:00,8391.666666879002,4797,0.24708907681706305,0.9910633501376516,1.3029689608380568,18,5,1,0,0,0,1,8422.805747118513,0.24817869284303043,0.0,58959.64022982959,0.75,0.7189280286150213,DISCOUNT,1.075,9054.5161781524,73639.87577021355,59372.14983973467
2022-07-16 18:10:00,8354.796389058003,4795,0.24672989037337648,0.9910633501376516,1.3031927575222673,18,5,1,0,0,0,1,8380.544599146175,0.248185271188861,0.0,58663.81219402322,0.75,0.7189280286150213,DISCOUNT,1.075,9009.085444082137,73282.9749914654,59084.39858686896
2022-07-16 18:15:00,8284.400222067005,4798,0.2473759176376496,0.9910633501376516,1.304928025178139,18,5,1,0,0,0,1,8313.13821321905,0.24776898321376029,0.0,58191.96749253335,0.75,0.7189280286150213,DISCOUNT,1.075,8936.623579210478,72790.34062307082,58687.21212735085
2022-07-16 18:20:00,8260.816666572005,4806,0.24811994444555885,0.9910633501376516,1.3056680161578953,18,5,1,0,0,0,1,8242.770295651204,0.24823246486216052,0.0,57699.392069558424,0.75,0.7189280286150213,DISCOUNT,1.075,8860.978067825044,72215.12300578521,58223.44292341432
2022-07-16 18:25:00,8116.021944469,4817,0.24719702773690774,0.9910633501376516,1.3083940620485834,18,5,1,0,0,0,1,8118.135109690996,0.24923230123645407,0.0,56826.94576783697,0.75,0.7189280286150213,DISCOUNT,1.075,8726.99524291782,71271.6858605988,57462.79672510777
2022-07-16 18:30:00,8045.775000001,4834,0.24796239734198983,0.9910633501376516,1.3097165991295547,18,5,1,0,0,0,1,7998.801580466095,0.247779603653453,0.0,55991.611063262666,0.75,0.7189280286150213,DISCOUNT,1.075,8598.711699001053,70295.00201770337,56675.345376773344
2022-07-16 18:35:00,8040.21944445,4859,0.24890063033161128,0.9910633501376516,1.3198380566720647,18,5,1,0,0,0,1,7944.167400293432,0.24904858598121588,0.0,55609.17180205403,0.75,0.7189280286150213,DISCOUNT,1.075,8539.979955315439,70354.3939301492,56723.230106182804
2022-07-16 18:40:00,8061.124999927003,4868,0.2495621371190328,0.9910633501376516,1.324898785400809,18,5,1,0,0,0,1,7951.191718511075,0.24947669797509847,0.0,55658.34202957753,0.75,0.7189280286150213,DISCOUNT,1.075,8547.531097399406,70686.60434917347,56991.07475652111
2022-07-16 18:45:00,8072.441666566003,4885,0.2501435846232254,0.9910633501376516,1.3248987854048575,18,5,1,0,0,0,1,7985.934272195015,0.24975780170259185,0.0,55901.539905365105,0.75,0.7189280286150213,DISCOUNT,1.075,8584.879342609642,70995.46787995014,57240.09597820981
2022-07-16 18:50:00,8042.542916488002,4910,0.25170535777105946,0.9910633501376516,1.3339406207732794,18,5,1,0,0,0,1,8004.607492484798,0.25082944513851957,0.0,56032.252447393585,0.75,0.7189280286150213,DISCOUNT,1.075,8604.953054421158,71647.11890174972,57765.48961453571
2022-07-16 18:55:00,8027.816666455002,4930,0.2530230039390859,0.9910633501376516,1.3383940620688264,18,5,1,0,0,0,1,7976.665558535362,0.2521363607174722,0.0,55836.65890974754,0.75,0.7189280286150213,DISCOUNT,1.075,8574.915475425514,71635.3813161657,57756.026186158604
2022-07-16 19:00:00,8194.814999996004,4968,0.2551319451747074,0.9823858828137647,1.3519028339757087,19,5,1,0,0,0,1,8098.68989180777,0.25369818216981505,0.0,56690.82924265439,0.75,0.7189280286150213,DISCOUNT,1.075,8706.091633693353,73465.33111820818,59231.42321405535
2022-07-16 19:05:00,8407.358333229004,4997,0.2563063982428131,0.9823858828137647,1.3690958164534413,19,5,1,0,0,0,1,8346.656702335085,0.2553869575081336,0.0,58426.596916345596,0.75,0.7189280286150213,DISCOUNT,1.075,8972.655955010216,76677.61340970435,61821.325811574134
2022-07-16 19:10:00,8407.358333229004,5023,0.25744516039412724,0.9823858828137647,1.3690958164534413,19,5,1,0,0,0,1,8464.807612411703,0.25582269345325803,0.0,59253.65328688192,0.75,0.7189280286150213,DISCOUNT,1.075,9099.668183342581,77763.02163121717,62696.43619016886
2022-07-16 19:15:00,8732.999166507005,5057,0.2611843260815913,0.9823858828137647,1.3911313540161943,19,5,1,0,0,0,1,8490.776207424517,0.25748872495140834,0.0,59435.433451971614,0.75,0.7189280286150213,DISCOUNT,1.075,9127.584422981356,79257.01752240508,63900.9703774391
2022-07-16 19:20:00,8890.983332952004,5089,0.26268838234818576,0.9823858828137647,1.4018218623279357,19,5,1,0,0,0,1,8802.318543020097,0.26160351146078026,0.0,61616.22980114068,0.75,0.7189280286150213,DISCOUNT,1.075,9462.492433746604,82796.52354934356,66754.69711165823
2022-07-16 19:25:00,8890.983332952004,5116,0.26391012900859734,0.9823858828137647,1.4018218623279357,19,5,1,0,0,0,1,8981.612300874083,0.26403173248462597,0.0,62871.28610611858,0.75,0.7189280286150213,DISCOUNT,1.075,9655.23322343964,84482.99964900473,68114.41846701008
2022-07-16 19:30:00,9090.825833009007,5155,0.2675809668553827,0.9823858828137647,1.418076923056681,19,5,1,0,0,0,1,9042.575515581899,0.2650138539336027,0.0,63298.02860907329,0.75,0.7189280286150213,DISCOUNT,1.075,9720.768679250541,86042.7190580594,69371.94224056038
2022-07-16 19:35:00,9193.775000026,5181,0.2686499920181671,0.9823858828137647,1.4264507422753048,19,5,1,0,0,0,1,9250.317242388335,0.26913967684718254,0.0,64752.220696718345,0.75,0.7189280286150213,DISCOUNT,1.075,9944.09103556746,88539.2010768534,71384.73086821305
2022-07-16 19:40:00,9192.620000026001,5204,0.2695318647543705,0.9823858828137647,1.4257827260809728,19,5,1,0,0,0,1,9274.119985025856,0.27069553522290657,0.0,64918.839895180994,0.75,0.7189280286150213,DISCOUNT,1.075,9969.678983902795,88725.45830768645,71534.9007605722
2022-07-16 19:45:00,9255.406666590003,5233,0.27040081136095995,0.9823858828137647,1.4431039136396764,19,5,1,0,0,0,1,9270.362569585775,0.271068408971403,0.0,64892.537987100426,0.75,0.7189280286150213,DISCOUNT,1.075,9965.639762304709,89766.95977182534,72374.61131603418
2022-07-16 19:50:00,9285.816666891003,5248,0.2708269937863818,0.9823858828137647,1.4514170040526322,19,5,1,0,0,0,1,9296.90189733106,0.272824736116728,0.0,65078.313281317416,0.75,0.7189280286150213,DISCOUNT,1.075,9994.169539630888,90542.53449442149,72999.91843612734
2022-07-16 19:55:00,9052.712500161002,5268,0.2724355214206625,0.9823858828137647,1.4532253711174092,19,5,1,0,0,0,1,9265.548556733691,0.2725353568090231,0.0,64858.83989713584,0.75,0.7189280286150213,DISCOUNT,1.075,9960.464698488717,90349.61369333499,72844.37604025133
2022-07-16 20:00:00,8938.483333428001,5271,0.2727635046734543,0.9823858828137647,1.4541160593765177,20,5,1,0,0,0,1,9121.401557322373,0.2740409600632475,0.0,63849.81090125661,0.75,0.7189280286150213,DISCOUNT,1.075,9805.50667412155,88998.5310412746,71755.06565202765
2022-07-16 20:05:00,8938.483333428001,5283,0.2732475968660893,0.9823858828137647,1.4541160593765177,20,5,1,0,0,0,1,8922.502968593813,0.2739828540003916,0.0,62457.520780156694,0.75,0.7189280286150213,DISCOUNT,1.075,9591.69069123835,87057.85535544054,70190.39588032394
2022-07-16 20:10:00,9081.581944414005,5286,0.2731573219335641,0.9823858828137647,1.4676304543562744,20,5,1,0,0,0,1,8931.117613382054,0.2740776359849181,0.0,62517.82329367437,0.75,0.7189280286150213,DISCOUNT,1.075,9600.951434385708,87951.79674121113,70911.13612260147
2022-07-16 20:15:00,9156.400000175003,5303,0.2747154430058052,0.9823858828137647,1.4746963562712552,20,5,1,0,0,0,1,9033.521574396416,0.27390735000187566,0.0,63234.651020774916,0.75,0.7189280286150213,DISCOUNT,1.075,9711.035692476147,89388.54856770368,72069.5172827111
2022-07-16 20:20:00,9156.790833515002,5320,0.27575751957473094,0.9823858828137647,1.4749224021578948,20,5,1,0,0,0,1,9119.48028057851,0.2753781342056223,0.0,63836.36196404957,0.75,0.7189280286150213,DISCOUNT,1.075,9803.441301621897,90252.95971823877,72766.44877283
2022-07-16 20:25:00,9118.687500020005,5347,0.2789394031697083,0.9823858828137647,1.485029239757085,20,5,1,0,0,0,1,9120.000157626799,0.27688724050542235,0.0,63840.00110338759,0.75,0.7189280286150213,DISCOUNT,1.075,9804.000169448807,90876.59428874034,73269.2541452969
2022-07-16 20:30:00,9100.108333342005,5362,0.2799702187179623,0.9823858828137647,1.4898785424939258,20,5,1,0,0,0,1,9087.237052716519,0.27936868354761846,0.0,63610.65936901563,0.75,0.7189280286150213,DISCOUNT,1.075,9768.779831670257,90845.8128226402,73244.43658825365
2022-07-16 20:35:00,9066.999166682002,5380,0.2806314656936696,0.9823858828137647,1.4921390013481772,20,5,1,0,0,0,1,8991.529401170992,0.2806463678204359,0.0,62940.705808196944,0.75,0.7189280286150213,DISCOUNT,1.075,9665.894106258816,90025.39654338761,72582.97596310626
2022-07-16 20:40:00,9070.065833421002,5390,0.2808595218019121,0.9823858828137647,1.4977732793481773,20,5,1,0,0,0,1,8983.34419653247,0.281715100425487,0.0,62883.409375727286,0.75,0.7189280286150213,DISCOUNT,1.075,9657.095011272404,90283.06837062738,72790.72387381832
2022-07-16 20:45:00,9104.578333421001,5396,0.28092333080162196,0.9823858828137647,1.5040080971619434,20,5,1,0,0,0,1,8995.246457133742,0.28229252203255933,0.0,62966.7251999362,0.75,0.7189280286150213,DISCOUNT,1.075,9669.889941418773,90779.00819425973,73190.5753566219
2022-07-16 20:50:00,9051.886111154,5406,0.28036013086498135,0.9823858828137647,1.506747638279352,20,5,1,0,0,0,1,8971.845161777805,0.28221967815297133,0.0,62802.91613244463,0.75,0.7189280286150213,DISCOUNT,1.075,9644.73354891114,90707.76818489446,73133.13809907116
2022-07-16 20:55:00,8991.302777803,5407,0.2798796826117521,0.9823858828137647,1.5070850201902832,20,5,1,0,0,0,1,8915.23541366488,0.2809963297758912,0.0,62406.647895654154,0.75,0.7189280286150213,DISCOUNT,1.075,9583.878069689745,90155.610987886,72687.9613589831
2022-07-16 21:00:00,8885.612777514998,5413,0.2796416856037438,0.9654242631902832,1.5085222671740883,21,5,1,0,0,0,1,8883.805158941748,0.28053992277257334,0.0,62186.63611259224,0.75,0.7189280286150213,DISCOUNT,1.075,9550.090545862378,89923.44621057798,72500.77850727849
2022-07-16 21:05:00,8783.483333443999,5422,0.2798929987624617,0.9654242631902832,1.5101214574777326,21,5,1,0,0,0,1,8829.90105863723,0.2806511356389682,0.0,61809.307410460606,0.75,0.7189280286150213,DISCOUNT,1.075,9492.143638035022,89472.56915148025,72137.25887838095
2022-07-16 21:10:00,8734.285833443999,5434,0.2798071071472551,0.9654242631902832,1.51034412954251,21,5,1,0,0,0,1,8753.952179311438,0.28068001471431414,0.0,61277.665255180065,0.75,0.7189280286150213,DISCOUNT,1.075,9410.498592759795,88716.06572432567,71527.32799023758
2022-07-16 21:15:00,8666.269166438002,5456,0.2814270197357677,0.9654242631902832,1.5229532163522266,21,5,1,0,0,0,1,8692.980715423422,0.2807052219077553,0.0,60850.865007963956,0.75,0.7189280286150213,DISCOUNT,1.075,9344.954269080179,88833.64265679527,71622.1243920412
2022-07-16 21:20:00,8645.566666574,5471,0.28133364734714894,0.9654242631902832,1.5290148447651817,21,5,1,0,0,0,1,8643.457396559368,0.28249456729239486,0.0,60504.20177591558,0.75,0.7189280286150213,DISCOUNT,1.075,9291.71670130132,88679.12307634551,71497.54298030357
2022-07-16 21:25:00,8635.444861122,5481,0.28179250471478035,0.9654242631902832,1.5290148447651812,21,5,1,0,0,0,1,8626.873203269508,0.28240779118145853,0.0,60388.11242288655,0.75,0.7189280286150213,DISCOUNT,1.075,9273.88869351472,88508.97452925381,71360.36071421088
2022-07-16 21:30:00,8561.274999795996,5514,0.28309155769320293,0.9654242631902832,1.540637651829958,21,5,1,0,0,0,1,8545.48906108004,0.2835413130060955,0.0,59818.42342756028,0.75,0.7189280286150213,DISCOUNT,1.075,9186.400740661042,88340.45306751977,71224.49028568782
2022-07-16 21:35:00,8593.681666832998,5534,0.283722173450269,0.9654242631902832,1.5495681511497967,21,5,1,0,0,0,1,8543.824999075756,0.2848558426591033,0.0,59806.77499353029,0.75,0.7189280286150213,DISCOUNT,1.075,9184.611874006438,88835.2273383378,71623.40204153486
2022-07-16 21:40:00,8629.608333502996,5558,0.28443924921230834,0.9654242631902832,1.5509446693684206,21,5,1,0,0,0,1,8598.828369498795,0.2851709785167311,0.0,60191.79858649157,0.75,0.7189280286150213,DISCOUNT,1.075,9243.740497211204,89486.55255569899,72148.53299803231
2022-07-16 21:45:00,8568.145833472996,5581,0.2861000638956893,0.9654242631902832,1.5665317139028327,21,5,1,0,0,0,1,8592.01120511253,0.2854535730120365,0.0,60144.07843578771,0.75,0.7189280286150213,DISCOUNT,1.075,9236.41204549597,90314.23725168145,72815.85378416817
2022-07-16 21:50:00,8505.223611131998,5614,0.28742862140252784,0.9654242631902832,1.5743342329999983,21,5,1,0,0,0,1,8564.583998740927,0.2864052727496338,0.0,59952.08799118649,0.75,0.7189280286150213,DISCOUNT,1.075,9206.927798646497,90474.33599696853,72944.9333975559
2022-07-16 21:55:00,8489.775000028,5635,0.28791961173993036,0.9654242631902832,1.5742240215910919,21,5,1,0,0,0,1,8461.389488410792,0.287603157715918,0.0,59229.72641887554,0.75,0.7189280286150213,DISCOUNT,1.075,9095.993700041601,89377.95508693933,72060.97628884483
2022-07-16 22:00:00,8460.301111191999,5668,0.290201848117609,0.9654242631902832,1.5859637876963566,22,5,1,0,0,0,1,8522.405814211857,0.2889007946364232,0.0,59656.840699483,0.75,0.7189280286150213,DISCOUNT,1.075,9161.586250277747,90693.81472946874,73121.88812563417
2022-07-16 22:05:00,8427.941666701998,5679,0.29041881901754646,0.9654242631902832,1.5988529014817807,22,5,1,0,0,0,1,8506.211067985147,0.29099744787306303,0.0,59543.47747589603,0.75,0.7189280286150213,DISCOUNT,1.075,9144.176898084032,91257.14055307223,73576.0695709145
2022-07-16 22:10:00,8427.941666701998,5692,0.29089356346951184,0.9654242631902832,1.5988529014817807,22,5,1,0,0,0,1,8441.422643681615,0.29115787522461106,0.0,59089.958505771305,0.75,0.7189280286150213,DISCOUNT,1.075,9074.529341957736,90562.07123306299,73015.66993165704
2022-07-16 22:15:00,8362.358889004003,5719,0.2923700577662486,0.9654242631902832,1.6088888888825905,22,5,1,0,0,0,1,8408.857417810712,0.29225616815087174,0.0,58862.00192467499,0.75,0.7189280286150213,DISCOUNT,1.075,9039.521724146514,90778.96632534856,73190.54159981229
2022-07-16 22:20:00,8326.52499984,5730,0.29259042111789485,0.9654242631902832,1.6143724696234802,22,5,1,0,0,0,1,8334.074566957737,0.29277822137385656,0.0,58338.52196870416,0.75,0.7189280286150213,DISCOUNT,1.075,8959.130159479568,90278.28846501972,72786.87007492215
2022-07-16 22:25:00,8326.52499984,5748,0.2933935343386494,0.9654242631902832,1.6143724696234802,22,5,1,0,0,0,1,8341.037184408151,0.29294734581952936,0.0,58387.260290857055,0.75,0.7189280286150213,DISCOUNT,1.075,8966.614973238762,90353.71053877367,72847.67912188628
2022-07-16 22:30:00,8415.355833234998,5775,0.29422848829047815,0.9654242631902832,1.6277091767368406,22,5,1,0,0,0,1,8369.681896307413,0.29443159098625493,0.0,58587.77327415189,0.75,0.7189280286150213,DISCOUNT,1.075,8997.408038530468,91412.99885478352,73701.7303266692
2022-07-16 22:35:00,8459.108333229002,5801,0.29549649855812044,0.9654242631902832,1.634278002647772,22,5,1,0,0,0,1,8418.990824946162,0.29555579278920396,0.0,58932.93577462314,0.75,0.7189280286150213,DISCOUNT,1.075,9050.415136817124,92322.62912358239,74435.1197308883
2022-07-16 22:40:00,8597.696666593001,5832,0.29669708258616234,0.9654242631902832,1.6475033737935216,22,5,1,0,0,0,1,8529.666370796542,0.29680252693127346,0.0,59707.66459557579,0.75,0.7189280286150213,DISCOUNT,1.075,9169.391348606281,94293.23797241249,76023.92311525757
2022-07-16 22:45:00,8671.233333421,5847,0.29721827269454254,0.9654242631902832,1.6545209176761129,22,5,1,0,0,0,1,8646.277251553867,0.2976328229538197,0.0,60523.94076087707,0.75,0.7189280286150213,DISCOUNT,1.075,9294.748045420407,95989.47402786244,77391.51343496409
2022-07-16 22:50:00,8677.635833485,5870,0.2980848095744421,0.9654242631902832,1.656736392267206,22,5,1,0,0,0,1,8688.526571967112,0.2981942764104402,0.0,60819.68600376978,0.75,0.7189280286150213,DISCOUNT,1.075,9340.166064864645,96587.68077351779,77873.81762364873
2022-07-16 22:55:00,8881.927777899995,5893,0.2995515538431876,0.9654242631902832,1.6720647772874493,22,5,1,0,0,0,1,8750.883362802928,0.29946941559877815,0.0,61256.1835396205,0.75,0.7189280286150213,DISCOUNT,1.075,9407.199615013147,98180.940044002,79158.38291047662
2022-07-16 23:00:00,8989.062500029002,5917,0.30003968025262817,0.9436887103562747,1.6798807917165985,23,5,1,0,0,0,0,8958.180009743126,0.30100975853927736,0.0,62707.26006820188,0.9515146378089161,0.9120940570110666,BASELINE,1.0145456086573252,9088.482190446723,100976.52983639373,97478.19769385608
2022-07-16 23:05:00,8997.775000075002,5931,0.30092581666397744,0.9436887103562747,1.6808367071174086,23,5,1,0,0,0,0,9026.349038350409,0.3010693936228412,0.0,63184.44326845286,0.9516040904342618,0.9121798036771922,BASELINE,1.0145187728697214,9157.400549881046,101802.82724949247,98282.50727768107
2022-07-16 23:10:00,9081.548888728008,5965,0.3030014512864703,0.9436887103562747,1.6940125955587044,23,5,1,0,0,0,0,9044.98683725782,0.30206807939743496,0.0,63314.90786080474,0.9531021190961524,0.9136157700674613,BASELINE,1.0140693642711542,9172.244051898995,102812.70050357646,99369.6738325195
2022-07-16 23:15:00,9112.492777874004,5981,0.30345617103472095,0.9436887103562747,1.7008614484898785,23,5,1,0,0,0,0,9166.276968441887,0.3036715827705941,0.0,64163.93877909321,0.9555073741558912,0.915921377105347,BASELINE,1.0133477877532326,9288.626487903994,104612.62640143785,101292.35593934378
2022-07-16 23:20:00,9231.557083245003,6000,0.3044337312027854,0.9436887103562747,1.709895411582996,23,5,1,0,0,0,0,9211.962291827767,0.30444283420834106,0.0,64483.73604279437,0.9566642513125116,0.9170303256567589,BASELINE,1.0130007246062465,9331.724476666946,105692.4318843553,102426.70271039083
2022-07-16 23:25:00,9203.427777682,6010,0.3061714534213186,0.9436887103562747,1.713787674291497,23,5,1,0,0,0,0,9249.777966617632,0.3058688014315838,0.0,64748.44576632342,0.9588032021473757,0.91908066126611,BASELINE,1.0123590393557873,9364.096336539355,106367.88288667303,103246.31405787334
2022-07-16 23:30:00,9158.899999764999,6021,0.3068398516130162,0.9436887103562747,1.7135627530040478,23,5,1,0,0,0,0,9222.141474854814,0.30707235509272374,0.0,64554.9903239837,0.9606085326390856,0.9208111981879814,BASELINE,1.0118174402082742,9331.123580326157,106036.15862010849,103062.95420220321
2022-07-16 23:35:00,9154.026666393,6052,0.30838328250221614,0.9436887103562747,1.7204453440971657,23,5,1,0,0,0,0,9206.97261413241,0.3078502200912255,0.0,64448.80829892687,0.9617753301368382,0.9219296560877844,BASELINE,1.0114674009589486,9312.552660716725,106286.9449019801,103396.40697020682
2022-07-16 23:40:00,9181.799583332002,6065,0.3092826371673522,0.9436887103562747,1.7268488528866384,23,5,1,0,0,0,0,9208.046636174457,0.3091787522061972,0.0,64456.3264532212,0.9637681283092958,0.9238398940365211,BASELINE,1.0108695615072112,9308.134065447624,106694.99045532574,103946.93990493062
2022-07-16 23:45:00,9486.857916735999,6097,0.30978303336098056,0.9436887103562747,1.7376754385951407,23,5,1,0,0,0,0,9318.020019372023,0.3106219912024308,0.0,65226.14013560416,0.9659329868036461,0.9259150639692861,BASELINE,1.0102201039589063,9413.251152661174,108646.18822471281,106017.4852638174
2022-07-16 23:50:00,9629.816666706001,6123,0.3109183542624551,0.9436887103562747,1.7422402159230765,23,5,1,0,0,0,0,9627.918507547145,0.3110615407243159,0.0,67395.42955283001,0.9665923110864738,0.9265470729117812,BASELINE,1.010022306674058,9724.412459462621,112554.4401765165,109884.62585581405
2022-07-16 23:55:00,10160.094444490996,6161,0.3130675522713047,0.9436887103562747,1.7654071075060722,23,5,1,0,0,0,0,9890.767465786104,0.3121133143465559,0.0,69235.37226050273,0.9681699715198339,0.9280593719853538,BASELINE,1.00954900854405,9985.214488824107,117164.77277337795,114518.61046347994
2022-07-17 00:00:00,10427.030000000996,6230,0.3163337024413662,0.9113355127287446,1.7778812415425098,0,6,1,0,1,0,0,10524.512207453918,0.31562705211204556,0.0,73671.58545217742,0.9734405781680684,0.9331116211149811,BASELINE,1.0079678265495795,10608.369695241843,125552.94849294388,123192.14926431618
2022-07-17 00:05:00,10429.316666674995,6301,0.32044340952020667,0.9113355127287446,1.7790148447894734,0,6,1,0,1,0,0,10629.657710659276,0.3188042099022576,0.0,74407.60397461493,0.9782063148533864,0.9376799166884131,BASELINE,1.0065381055439842,10699.15553466799,126888.14376140272,124934.31136641311
2022-07-17 00:10:00,12739.015694247992,6406,0.32689431795917495,0.9113355127287446,1.8497345928744937,0,6,1,0,1,0,0,12197.882872293525,0.3235335710860181,0.0,85385.18010605467,0.9853003566290272,0.9444800573133117,BASELINE,1.004409893011292,12251.67423072461,151396.58173822245,149828.9345968301
2022-07-17 00:15:00,13913.478055544996,6486,0.33126901090682526,0.9113355127287446,1.8867858749028337,0,6,1,0,1,0,0,13073.757016115595,0.32725258438107785,0.0,91516.29911280917,0.9908788765716168,0.9498274631065324,BASELINE,1.002736337028515,13109.5312215406,165517.99529779857,164457.06717693526
2022-07-17 00:20:00,13914.483333289998,6555,0.3347211783322528,0.9113355127287446,1.8873144399028334,0,6,1,0,1,0,0,14131.653536513557,0.33381787432130383,0.0,98921.57475559489,1.0007268114819556,0.9592674050145578,BASELINE,0.9997819565554134,14128.57222209875,178961.42793662802,179052.44942990708
2022-07-17 00:25:00,14771.810416654998,6616,0.33869069162583504,0.9113355127287446,1.917285200149797,0,6,1,0,1,0,0,14277.621955609651,0.33589779632821876,0.0,99943.35368926756,1.003846694492328,0.9622580334707665,BASELINE,0.9988459916523016,14261.145460687596,183681.23494863004,184175.01548241006
2022-07-17 00:30:00,15169.108333488994,6647,0.3405522732083463,0.9113355127287446,1.9311740890323892,0,6,1,0,1,0,0,14831.925923178957,0.3395811938246158,0.0,103823.48146225269,1.0093717907369237,0.967554228872147,BASELINE,0.9971884627789229,14790.225411385682,192194.59312034587,193450.37421364014
2022-07-17 00:35:00,15322.852639053992,6690,0.34374326950580647,0.9113355127287446,1.9403058929230772,0,6,1,0,1,0,0,15224.116012619215,0.3405379360147625,0.0,106568.81208833451,1.010806904022144,0.9689298864254572,BASELINE,0.9967579287933568,15174.758344448106,198209.50625830927,199701.9834182095
2022-07-17 00:40:00,15396.316666610996,6694,0.3443270226316349,0.9113355127287446,1.9446693656680165,0,6,1,0,1,0,0,15313.380102351888,0.34421407926614106,0.0,107193.66071646322,1.0163211188992116,0.9742156512666971,BASELINE,0.9951036643302364,15238.400653132096,199820.03357936663,202086.96579436294
2022-07-17 00:45:00,15396.316666610996,6700,0.34478219586409137,0.9113355127287446,1.9446693656680165,0,6,1,0,1,0,0,15426.597222004995,0.3442872085967664,0.0,107986.18055403497,1.0164308128951496,0.9743208007176978,BASELINE,0.9950707561314551,15350.555762235916,201297.37225310388,203596.30450209967
2022-07-17 00:50:00,15450.900000414,6714,0.3455516835847376,0.9113355127287446,1.9516419253157888,0,6,1,0,1,0,0,15425.220907566103,0.34485285110722796,0.0,107976.54635296272,1.017279276660842,0.9751341132275919,BASELINE,0.9948162170017474,15345.259909681172,202001.09502515334,204426.30434362614
2022-07-17 00:55:00,15478.191666545996,6716,0.34546803499407824,0.9113355127287446,1.9551282050850203,0,6,1,0,1,0,0,15382.759678512848,0.34490294091618057,0.0,107679.31774958994,1.0173544113742707,0.9752061351627996,BASELINE,0.9947936765877188,15302.672056653111,201804.891344761,204238.20130356113
2022-07-17 01:00:00,15343.791667128,6722,0.3460277666666287,0.9113355127287446,1.954655870433198,1,6,1,0,1,0,0,15369.564045789823,0.3445946680627875,0.0,107586.94832052875,1.0168920020941812,0.9747628831732689,BASELINE,0.9949323993717457,15291.677233375383,201583.0674245313,203949.41064479525
2022-07-17 01:05:00,15190.191666680004,6711,0.34514311023742394,0.9113355127287446,1.9541160593441291,1,6,1,0,1,0,0,15206.39260432838,0.3464765537015726,0.0,106444.74823029866,1.019714830552359,0.9774687638380104,BASELINE,0.9940855508342923,15116.455168276285,199387.87516756062,202116.25479132644
2022-07-17 01:10:00,15190.191666680004,6709,0.344594557251984,0.9113355127287446,1.9541160593441291,1,6,1,0,1,0,0,15068.27896716016,0.3444903696318147,0.0,105477.95277012112,1.0167355544477221,0.9746129170425352,BASELINE,0.9949793336656834,14992.626166233647,197576.91412221733,199874.90443447357
2022-07-17 01:15:00,14831.022638719005,6697,0.34379518945432697,0.9113355127287446,1.9463540260688255,1,6,1,0,1,0,0,14904.03574619441,0.34426310440371166,0.0,104328.25022336087,1.0163946566055675,0.9742861423577094,BASELINE,0.9950816030183298,14830.731781765622,194647.08919621396,196865.2142752148
2022-07-17 01:20:00,14659.40000011201,6687,0.34309182831556373,0.9113355127287446,1.9426450742064783,1,6,1,0,1,0,0,14747.792177973604,0.3434192710013116,0.0,103234.54524581523,1.0151289065019675,0.9730728313887755,BASELINE,0.9954613280494098,14680.856787282302,192239.5151720857,194262.17657388942
2022-07-17 01:25:00,14639.099999712007,6673,0.34187505751634195,0.9113355127287446,1.9419601889149802,1,6,1,0,1,0,0,14475.667252657782,0.34249848174225567,0.0,101329.67076860447,1.0137477226133835,0.9717488689752095,BASELINE,0.995875683215985,14415.96501524783,188625.8050113377,190430.3326066662
2022-07-17 01:30:00,14370.322500085009,6681,0.34194970998300983,0.9113355127287446,1.937402159226721,1,6,1,0,1,0,0,14428.936017531545,0.34172721106890314,0.0,101002.55212272081,1.0125908166033546,0.9706398927657656,BASELINE,0.9962227550189936,14374.434391378061,187575.5719236842,189219.86183006264
2022-07-17 01:35:00,14260.308333458008,6671,0.3412936196117284,0.9113355127287446,1.9359008097044537,1,6,1,0,1,0,0,14302.495539135887,0.3416863328166367,0.0,100117.46877395122,1.012529499224955,0.9705811157231353,BASELINE,0.9962411502325135,14248.734607104128,185787.76690782135,187408.49633031644
2022-07-17 01:40:00,14271.463611238007,6659,0.34030364057158785,0.9113355127287446,1.9360065227044538,1,6,1,0,1,0,0,14157.199910523277,0.34130166486841396,0.0,99100.39937366293,1.0119524973026208,0.970028018583761,BASELINE,0.9964142508092138,14106.43574240032,183910.43563449258,185441.28577020695
2022-07-17 01:45:00,13939.09416650501,6642,0.33801469600850403,0.9113355127287446,1.9275202429271252,1,6,1,0,1,0,0,14123.79726682988,0.3395259953537762,0.0,98866.58086780917,1.0092889930306643,0.9674748614165005,BASELINE,0.9972133020908007,14084.438510516451,182672.26555806166,183855.32595484052
2022-07-17 01:50:00,13699.524999995007,6638,0.3378140915336525,0.9113355127287446,1.9216149347570848,1,6,1,0,1,0,0,13830.00156914663,0.33767330758931374,0.0,96810.01098402642,1.0065099613839705,0.964810963092212,BASELINE,0.9980470115848088,13802.991736300011,178324.40640703245,179134.75871174745
2022-07-17 01:55:00,13674.917777775006,6629,0.3372174326374307,0.9113355127287446,1.9212798020526314,1,6,1,0,1,0,0,13685.169967208445,0.33721254018394115,0.0,95796.18977045911,1.0058188102759118,0.9641484458874231,BASELINE,0.9982543569172264,13661.280544918607,176426.16952496918,177142.99075024447
2022-07-17 02:00:00,13701.831944186,6649,0.3390400404960514,0.9113355127287446,1.923945119186234,2,6,1,0,1,0,0,13643.80617885335,0.3367255050438233,0.0,95506.64325197345,1.005088257565735,0.9634481594611206,BASELINE,0.9984735227302796,13622.97921884886,176136.92619707916,176762.91915541273
2022-07-17 02:05:00,13731.566666596007,6642,0.33875001548462885,0.9113355127287446,1.926788124182186,2,6,1,0,1,0,0,13676.1030875313,0.3382847034269995,0.0,95732.7216127191,1.0074270551404991,0.9656900623007937,BASELINE,0.9977718834578503,13645.631136009828,176814.76122414993,177731.08431946917
2022-07-17 02:10:00,13731.566666596007,6639,0.33861952443533655,0.9113355127287446,1.926788124182186,2,6,1,0,1,0,0,13690.989804278837,0.33805711250443315,0.0,95836.92862995186,1.0070856687566496,0.9653628193142112,BASELINE,0.9978742993730051,13661.8868586677,177007.22769287135,177882.51181622114
2022-07-17 02:15:00,13468.927777815003,6615,0.33731261344238705,0.9113355127287446,1.915991902813765,2,6,1,0,1,0,0,13614.290750363049,0.3380207259246649,0.0,95300.03525254133,1.0070310888869973,0.9653105006500896,BASELINE,0.9978906733339008,13585.57376384328,175029.35118533106,175888.20819716575
2022-07-17 02:20:00,13337.608333318001,6606,0.33683287592319777,0.9113355127287446,1.9105937921902834,2,6,1,0,1,0,0,13372.838579996325,0.33677781182001776,0.0,93609.87005997427,1.0051667177300265,0.9635233690761059,BASELINE,0.998449984680992,13352.11047533871,171440.7890923499,172059.46642548253
2022-07-17 02:25:00,13337.608333318001,6602,0.33645336728201924,0.9113355127287446,1.9105937921902834,2,6,1,0,1,0,0,13265.915664049571,0.3362299019579552,0.0,92861.409648347,1.0043448529369328,0.9627355535621233,BASELINE,0.9986965441189202,13248.624128259356,170070.0293264026,170586.31665118676
2022-07-17 02:30:00,13196.096110801998,6596,0.3358393982147674,0.9113355127287446,1.9078677463076923,2,6,1,0,1,0,0,13249.797929808628,0.335958140403147,0.0,92748.5855086604,1.0039372106047204,0.96234479956442,BASELINE,0.9988188368185839,13234.147756332735,169621.0367248921,170087.73152546553
2022-07-17 02:35:00,13127.441666758003,6590,0.33560679898162016,0.9113355127287446,1.906545209186235,2,6,1,0,1,0,0,13091.63412939762,0.3352357748691851,0.0,91641.43890578335,1.0028536623037776,0.9613061419058787,BASELINE,0.9991439013088668,13080.426398554648,167480.08008031335,167814.2230375149
2022-07-17 02:40:00,12993.984166787997,6579,0.334504392412829,0.9113355127287446,1.9029824561497977,2,6,1,0,1,0,0,13023.624509854551,0.3350882479969199,0.0,91165.37156898186,1.0026323719953798,0.961094019498988,BASELINE,0.999210288401386,13013.339602523127,166298.6957455969,166604.78206210842
2022-07-17 02:45:00,12925.233333358,6572,0.3337345045838491,0.9113355127287446,1.9011470985222665,2,6,1,0,1,0,0,12949.543376131203,0.3340951295890606,0.0,90646.80363291843,1.0011426943835908,0.9596660581807008,BASELINE,0.9996571916849227,12945.104164985412,165193.2768140084,165325.34790438515
2022-07-17 02:50:00,12925.233333358,6568,0.33314381455618,0.9113355127287446,1.9011470985222665,2,6,1,0,1,0,0,12871.082998625436,0.33323189998877495,0.0,90097.58099037805,0.9998478499831625,0.9584248582711499,BASELINE,1.0000456450050512,12871.670499273923,164192.38230493004,164174.8938530197
2022-07-17 02:55:00,12824.147083571,6558,0.33166786274029214,0.9113355127287446,1.8959480431821858,2,6,1,0,1,0,0,12756.279469942088,0.332827739498546,0.0,89293.95628959461,0.999241609247819,0.9578437336621811,BASELINE,1.0002275172256543,12759.18174325676,162282.85866772433,162196.67899283464
2022-07-17 03:00:00,12774.358333568,6555,0.33159827039313927,0.9113355127287446,1.8933873144372466,3,6,1,0,1,0,0,12729.220933262684,0.33106568480063736,0.0,89104.5465328388,0.9965985272009561,0.9553101526416226,BASELINE,1.0010204418397133,12742.21036288994,161719.90578334726,161334.2843503095
2022-07-17 03:05:00,12774.358333568,6547,0.33119576224584163,0.9113355127287446,1.8933873144372466,3,6,1,0,1,0,0,12702.193120592863,0.33106045940487916,0.0,88915.35184415005,0.9965906891073187,0.9553026392746802,BASELINE,1.0010227932678044,12715.184838202957,161376.52771320377,160990.8370623582
2022-07-17 03:10:00,12460.540554972005,6527,0.33014108106511325,0.9113355127287446,1.8843499774858299,3,6,1,0,1,0,0,12565.021987645423,0.33078972222384595,0.0,87955.15391351796,0.996184583335769,0.9549133581790142,BASELINE,1.0011446249992693,12579.40422592885,158871.87166251583,158446.86416326137
2022-07-17 03:15:00,12294.025000178002,6520,0.3302318392355408,0.9113355127287446,1.8795546558461536,3,6,1,0,1,0,0,12332.91890188989,0.3297004670139137,0.0,86330.43231322923,0.9945507005208706,0.9533471659775438,BASELINE,1.0016347898437388,12353.080632454354,155540.3339663933,154945.63823902953
2022-07-17 03:20:00,12294.025000178002,6511,0.3298593153221683,0.9113355127287446,1.8795546558461536,3,6,1,0,1,0,0,12263.353424756133,0.3297536567336774,0.0,85843.47397329293,0.9946304851005161,0.9534236451382884,BASELINE,1.0016108544698452,12283.107902435693,154662.98792755263,154080.32451629106
2022-07-17 03:25:00,12213.290000119998,6504,0.32963185315296134,0.9113355127287446,1.8759379217044527,3,6,1,0,1,0,0,12242.502878419511,0.3294861072188576,0.0,85697.52014893657,0.9942291608282865,0.9530389474477958,BASELINE,1.001731251751514,12263.69773297069,154102.9206230114,153478.8687957746
2022-07-17 03:30:00,12173.525000119998,6504,0.32972437681843103,0.9113355127287446,1.8741565451862354,3,6,1,0,1,0,0,12134.942143410386,0.3292857749947494,0.0,84944.5950038727,0.9939286624921242,0.9527508985459034,BASELINE,1.0018214012523627,12157.044742227743,152603.94692324026,151953.70232988076
2022-07-17 03:35:00,12303.636111149997,6512,0.33081301766770604,0.9113355127287446,1.87865497074494,3,6,1,0,1,0,0,12167.221289135266,0.32935408833714613,0.0,85170.54902394686,0.9940311325057192,0.9528491232990581,BASELINE,1.0017906602482842,12189.008648629799,153377.13636134594,152734.65557121308
2022-07-17 03:40:00,12368.691666789999,6522,0.33137917044995785,0.9113355127287446,1.8809041835101221,3,6,1,0,1,0,0,12318.970231919327,0.33193651661567813,0.0,86232.79162343529,0.9979047749235173,0.9565622834417076,BASELINE,1.000628567522945,12326.713536523237,155475.96836370145,155247.7335999438
2022-07-17 03:45:00,12368.691666789999,6522,0.3311859571937143,0.9113355127287446,1.8809041835101221,3,6,1,0,1,0,0,12317.661529347057,0.3308077158564895,0.0,86223.6307054294,0.9962115737847342,0.9549392304327022,BASELINE,1.0011365278645799,12331.660894901623,155459.4514149717,155046.51939787465
2022-07-17 03:50:00,12426.164166735001,6522,0.3313259024553957,0.9113355127287446,1.8815587044493935,3,6,1,0,1,0,0,12395.625179337349,0.330813531533344,0.0,86769.37625536144,0.9962202973000159,0.9549475925388944,BASELINE,1.0011339108099953,12409.680712724848,156497.8590406043,156083.12754866996
2022-07-17 03:55:00,12517.866666815995,6521,0.33124536075122174,0.9113355127287446,1.8832726045506079,3,6,1,0,1,0,0,12441.76443400856,0.3308367594471385,0.0,87092.35103805992,0.9962551391707077,0.9549809909354406,BASELINE,1.0011234582487878,12455.742236891423,157223.46217501973,156810.65471582752
2022-07-17 04:00:00,12547.566666815992,6519,0.3309213428198041,0.9113355127287446,1.8839406207449398,4,6,1,0,1,0,0,12521.447501159568,0.33082395194616,0.0,87650.13250811698,0.99623592791924,0.9549625755925808,BASELINE,1.001129221624228,12535.586990444514,158286.52309674546,157868.78898673184
2022-07-17 04:05:00,12626.257361105996,6517,0.33030805813626085,0.9113355127287446,1.8832557354655874,4,6,1,0,1,0,0,12568.468676145558,0.331026186147283,0.0,87979.28073301891,0.9965392792209246,0.9552533592636446,BASELINE,1.0010382162337226,12581.517464358165,158823.16931713812,158437.84881964605
2022-07-17 04:10:00,12644.341666759996,6513,0.32980985660539514,0.9113355127287446,1.8824763832388667,4,6,1,0,1,0,0,12582.089552109495,0.3301552782221895,0.0,88074.62686476647,0.9952329173332842,0.9540011190282592,BASELINE,1.0014301248000148,12600.083510413975,158929.49397291412,158398.06944224678
2022-07-17 04:15:00,12645.099166667998,6510,0.32975763023171195,0.9113355127287446,1.8822537112024293,4,6,1,0,1,0,0,12651.946015294758,0.32986558877541255,0.0,88563.6221070633,0.9947983831631189,0.9535845873024954,BASELINE,1.0015604850510644,12671.689187918499,159792.97576081118,159209.85143079294
2022-07-17 04:20:00,12687.563333376998,6510,0.329927451711892,0.9113355127287446,1.8820242914615386,4,6,1,0,1,0,0,12687.240998121284,0.3296665830222962,0.0,88810.68698684899,0.9944998745334442,0.9532984456749534,BASELINE,1.0016500376399666,12708.175423315512,160219.2175125004,159600.90539783312
2022-07-17 04:25:00,12661.921111177002,6503,0.3292776092795024,0.9113355127287446,1.8814754835627532,4,6,1,0,1,0,0,12687.60663984176,0.3299711559846976,0.0,88813.24647889232,0.9949567339770464,0.9537363777538107,BASELINE,1.001512979806886,12706.802732485554,160177.1128838265,159610.41962110368
2022-07-17 04:30:00,12597.819444137993,6510,0.32991335356938356,0.9113355127287446,1.8810132703319833,4,6,1,0,1,0,0,12634.650824941114,0.32975235364107375,0.0,88442.5557745878,0.9946285304616106,0.953421771478695,BASELINE,1.0016114408615169,12655.010817551423,159469.3763679797,158868.38660384802
2022-07-17 04:35:00,12578.150000098994,6515,0.33063420494604046,0.9113355127287446,1.8809041835263154,4,6,1,0,1,0,0,12575.3735215276,0.32995817103887937,0.0,88027.6146506932,0.994937256558319,0.9537177072708132,BASELINE,1.0015188230325043,12594.473288474439,158711.99775656624,158148.31466669907
2022-07-17 04:40:00,12630.164999842,6525,0.3313363160128687,0.9113355127287446,1.8811313539878536,4,6,1,0,1,0,0,12595.067667564515,0.33067241850484885,0.0,88165.4736729516,0.9960086277572733,0.9547446923161186,BASELINE,1.001197411672818,12610.14914860959,158979.75358903874,158534.81061166263
2022-07-17 04:45:00,12735.150000029997,6528,0.33189687390132394,0.9113355127287446,1.8834907782267207,4,6,1,0,1,0,0,12671.171320264748,0.33125520900129646,0.0,88698.19924185323,0.9968828135019447,0.955582661161532,BASELINE,1.0009351559494166,12683.02084151097,160140.96944981214,159791.07014257042
2022-07-17 04:50:00,12775.025000138998,6528,0.33176072848187405,0.9113355127287446,1.8846153846234814,4,6,1,0,1,0,0,12762.872494572646,0.3313215199731618,0.0,89340.10746200853,0.9969822799597426,0.9556780067940892,BASELINE,1.0009053160120773,12774.426927402084,161396.2184295078,161054.8434746655
2022-07-17 04:55:00,12772.556111109996,6531,0.3320733774524313,0.9113355127287446,1.8821165092226715,4,6,1,0,1,0,0,12835.395477899196,0.3312678710667269,0.0,89847.76834529437,0.9969018066000903,0.9556008673890081,BASELINE,1.000929458019973,12847.325439165654,162098.1099081657,161746.09521787183
2022-07-17 05:00:00,12749.642500161997,6527,0.3314683726113964,0.9113355127287446,1.8801282051336023,5,6,1,0,1,0,0,12811.705299223133,0.33140134964555584,0.0,89681.93709456193,0.9971020244683337,0.9557927903720878,BASELINE,1.0008693926594998,12822.843701765953,161627.99932642866,161299.71631703826
2022-07-17 05:05:00,12724.150000159,6529,0.33143411813184576,0.9113355127287446,1.8792172739595134,5,6,1,0,1,0,0,12764.842554593613,0.3308950956569786,0.0,89353.89788215529,0.9963426434854679,0.955064870008115,BASELINE,1.0010972069543596,12778.848228615818,160958.77220465304,160546.04776703208
2022-07-17 05:10:00,12683.650000099,6527,0.3314438333668334,0.9113355127287446,1.8780926675748981,5,6,1,0,1,0,0,12750.306924841932,0.3308736785705043,0.0,89252.14847389353,0.9963105178557565,0.9550340753205999,BASELINE,1.001106844643273,12764.41953376178,160679.26949214775,160263.6370218395
2022-07-17 05:15:00,12624.364583077993,6523,0.33105575368991663,0.9113355127287446,1.8761470985425093,5,6,1,0,1,0,0,12671.719453098185,0.33089488853815063,0.0,88702.0361716873,0.996342332807226,0.9550645722010538,BASELINE,1.0010973001578323,12685.624132854076,159523.48454422652,159114.40561621718
2022-07-17 05:20:00,12606.27500004799,6521,0.33086192861535957,0.9113355127287446,1.8755060728987847,5,6,1,0,1,0,0,12588.667127248029,0.33086140499713546,0.0,88120.6698907362,0.9962921074957032,0.9550164276887876,BASELINE,1.001112367751289,12602.670354592092,158423.79663538668,158011.9503244604
2022-07-17 05:25:00,12654.555000053997,6518,0.33080237709635035,0.9113355127287446,1.8741295546720642,5,6,1,0,1,0,0,12590.531659923698,0.33129807686894996,0.0,88133.72161946588,0.996947115303425,0.955644298984698,BASELINE,1.0009158654089725,12602.062892351594,158330.96953241824,157992.17049832578
2022-07-17 05:30:00,12677.27499998099,6520,0.3310572505287134,0.9113355127287446,1.8734817813603235,5,6,1,0,1,0,0,12598.116236209906,0.3322328140100796,0.0,88186.81365346935,0.9983492210151194,0.9569883164449892,BASELINE,1.0004952336954642,12604.355247869451,158371.59019848026,158188.45518128847
2022-07-17 05:35:00,12677.27499998099,6520,0.331137358637045,0.9113355127287446,1.8734817813603235,5,6,1,0,1,0,0,12675.05127387325,0.3308809949531271,0.0,88725.35891711275,0.9963214924296907,0.9550445952256711,BASELINE,1.0011035522710927,12689.03885549275,159338.74465461262,158927.80768594905
2022-07-17 05:40:00,12747.219444471995,6524,0.3316805414542991,0.9113355127287446,1.87550607288664,5,6,1,0,1,0,0,12741.421769808281,0.3308973589015316,0.0,89189.95238865797,0.9963460383522974,0.9550681242280046,BASELINE,1.0010961884943108,12755.388769753506,160346.15824606307,159935.38689182422
2022-07-17 05:45:00,12781.810555619992,6532,0.33199405235855695,0.9113355127287446,1.8762977957570852,5,6,1,0,1,0,0,12768.399953428556,0.33118528993803387,0.0,89378.79967399989,0.9967779349070508,0.955482127612904,BASELINE,1.0009666195278848,12780.742138163383,160753.5004422201,160390.42900402742
2022-07-17 05:50:00,12781.608333399992,6543,0.332579143728168,0.9113355127287446,1.8761808366882593,5,6,1,0,1,0,0,12850.262940644825,0.33223751998231854,0.0,89951.84058451377,0.9983562799734778,0.956995082955678,BASELINE,1.0004931160079567,12856.599611007308,161774.06643299488,161587.7974169521
2022-07-17 05:55:00,13099.427778097997,6555,0.33329237592312894,0.9113355127287446,1.8836752136477737,5,6,1,0,1,0,0,12951.28560784566,0.3328892600020074,0.0,90658.99925491962,0.9993338900030111,0.9579321912907269,BASELINE,1.0001998329990966,12953.873702090834,163697.1416455826,163620.7916439619
2022-07-17 06:00:00,13238.466666764994,6567,0.3337149256961548,0.9113355127287446,1.886986054850203,6,6,1,0,0,0,0,13175.807878715377,0.3336923361413186,0.0,92230.65515100764,1.0005385042119779,0.9590868991820525,BASELINE,0.9998384487364066,13173.679310303707,166827.69007816096,166890.56175446036
2022-07-17 06:05:00,13208.066666764997,6583,0.334917582770081,0.9113355127287446,1.8863022941659926,6,6,1,0,0,0,0,13230.773971127646,0.3337876330491694,0.0,92615.41779789352,1.0006814495737542,0.9592239224182411,BASELINE,0.9997955651278737,13228.069139542727,167462.94923180458,167542.8081909583
2022-07-17 06:10:00,13536.288888417997,6575,0.3342135672401318,0.9113355127287446,1.892375168680162,6,6,1,0,0,0,0,13370.087920686708,0.33523816273938506,0.0,93590.61544480696,1.0028572441090775,0.9613095753195096,BASELINE,0.9991428267672767,13358.627439201939,169771.07401526917,170110.21240069045
2022-07-17 06:15:00,13700.400000172996,6576,0.3345457039943853,0.9113355127287446,1.8954116059230768,6,6,1,0,0,0,0,13579.606416769768,0.3343575675157309,0.0,95057.24491738838,1.0015363512735964,0.9600434061432107,BASELINE,0.9995390946179211,13573.347503085766,172708.18119751322,172893.7972045794
2022-07-17 06:20:00,13728.484166813001,6578,0.3355154154152101,0.9113355127287446,1.8956376517894737,6,6,1,0,0,0,0,13799.255797587279,0.33445347013917454,0.0,96594.79058311095,1.0016802052087619,0.9601813003112334,BASELINE,0.9994959384373715,13792.300123146837,175522.6567024621,175728.9479050421
2022-07-17 06:25:00,13777.251666813003,6573,0.3354141194478581,0.9113355127287446,1.8929959514291497,6,6,1,0,0,0,0,13816.110039485868,0.3354540811586243,0.0,96712.77027640108,1.0031811217379365,0.9616200349264804,BASELINE,0.999045663478619,13802.924821091769,175492.13637549305,175882.38690072394
2022-07-17 06:30:00,13823.841666792994,6575,0.33611029332642584,0.9113355127287446,1.8923785425222668,6,6,1,0,0,0,0,13812.498169503351,0.33495449700622415,0.0,96687.48718652346,1.0024317455093361,0.9609017048268556,BASELINE,0.9992704763471991,13802.42162538443,175389.03586303472,175687.275770345
2022-07-17 06:35:00,14193.991666912994,6575,0.33597376817649593,0.9113355127287446,1.8975303643481778,6,6,1,0,0,0,0,13903.669049705577,0.3359729492103702,0.0,97325.68334793903,1.0039594238155551,0.9623660924975862,BASELINE,0.9988121728553334,13887.153894197876,177027.34180504837,177517.15761699784
2022-07-17 06:40:00,14386.177222340993,6580,0.3361916984499878,0.9113355127287446,1.8995737741619427,6,6,1,0,0,0,0,14286.888897532383,0.3347773473266177,0.0,100008.22228272668,1.0021660209899266,0.9606469890869972,BASELINE,0.999350193703022,14277.60518716254,182102.54891100933,182378.39916303233
2022-07-17 06:45:00,14554.040555638992,6580,0.3363039109494628,0.9113355127287446,1.898318713421052,6,6,1,0,0,0,0,14490.65441437087,0.3354029231074871,0.0,101434.58090059609,1.0031043846612306,0.9615464770127766,BASELINE,0.9990686846016308,14477.15904478232,184577.73842064416,184978.3049866119
2022-07-17 06:50:00,14663.155000238996,6583,0.3360494727908204,0.9113355127287446,1.8982321187246955,6,6,1,0,0,0,0,14620.124741661002,0.3351348638509771,0.0,102340.87319162702,1.0027022957764657,0.9611610463871072,BASELINE,0.9991893112670602,14608.272371258763,186218.3987441869,186570.2428263774
2022-07-17 06:55:00,14800.45958348399,6581,0.33634554814148493,0.9113355127287446,1.8991261808016189,6,6,1,0,0,0,0,14683.69557163363,0.3348997847170489,0.0,102785.8690014354,1.0023496770755733,0.9608230364304601,BASELINE,0.999295096877328,14673.34498877282,187116.19825799167,187423.65218748339
2022-07-17 07:00:00,14826.622500256995,6581,0.336781677954803,0.9336648577327932,1.8991295546234812,7,6,1,0,0,0,0,14808.030885150665,0.33505345170044487,0.0,103656.21619605465,1.0025801775506673,0.9610439874333322,BASELINE,0.9992259467347998,14796.568680492828,188700.954184208,189041.39468767555
2022-07-17 07:05:00,14791.900000256996,6576,0.3370311645562015,0.9336648577327932,1.8987854250688254,7,6,1,0,0,0,0,14810.413427482617,0.33533006637897395,0.0,103672.89399237832,1.002995099568461,0.961441719524374,BASELINE,0.9991014701294617,14797.105828623004,188697.11644005202,189092.22527734697
2022-07-17 07:10:00,14739.955555208993,6551,0.3358551284483808,0.9336648577327932,1.8900134952672065,7,6,1,0,0,0,0,14779.730584936467,0.3355664312270831,0.0,103458.11409455528,1.0033496468406247,0.9617815781529441,BASELINE,0.9989951059478126,14764.878521578732,187436.26213729492,187875.12291760472
2022-07-17 07:15:00,14746.622777948993,6541,0.3352365997055639,0.9336648577327932,1.8834233018461524,7,6,1,0,0,0,0,14760.355983348756,0.3341507318385735,0.0,103322.4918834413,1.0012260977578604,0.9597460062119588,BASELINE,0.9996321706726419,14754.926691535835,186537.8484393197,186697.86385814546
2022-07-17 07:20:00,14763.941666891998,6527,0.33499555438709333,0.9336648577327932,1.8822537112024276,7,6,1,0,0,0,0,14774.235705413505,0.3336680363635981,0.0,103419.64993789453,1.000502054545397,0.9590519595994677,BASELINE,0.9998493836363809,14772.010463756304,186597.30962380714,186662.8729329797
2022-07-17 07:25:00,14757.679999919997,6503,0.3334843047585377,0.9336648577327932,1.8739946018947353,7,6,1,0,0,0,0,14754.164645965478,0.33333130318561244,0.0,103279.15252175835,0.9999969547784187,0.9585677857598307,BASELINE,1.0000009135664745,14754.178124875658,185526.15901429992,185525.76353599946
2022-07-17 07:30:00,14756.659583330998,6476,0.332099980596804,0.9336648577327932,1.8680735492267198,7,6,1,0,0,0,0,14710.253880863122,0.33062318233025345,0.0,102971.77716604185,0.9959347734953802,0.9546738977842418,BASELINE,1.001219567951386,14728.194035052973,184389.5615293588,183863.93762621714
2022-07-17 07:35:00,14539.496110735001,6453,0.3298011959659054,0.9336648577327932,1.8563416553805663,7,6,1,0,0,0,0,14602.687518111446,0.32905708025732594,0.0,102218.81262678013,0.993585620385989,0.9524220684324425,BASELINE,1.0019243138842033,14630.78767244923,181891.70514369558,181072.7542916928
2022-07-17 07:40:00,14417.268750121995,6417,0.32794949164675585,0.9336648577327932,1.8469197030850193,7,6,1,0,0,0,0,14510.652617711077,0.3260286841444553,0.0,101574.56832397754,0.9890430262166829,0.9480676707378595,BASELINE,1.003287092134995,14558.3504698044,179827.93282905602,178442.1970796438
2022-07-17 07:45:00,14408.400000114998,6381,0.3251250654920723,0.9336648577327932,1.8448043184655856,7,6,1,0,0,0,0,14351.588362531731,0.32187118033173745,0.0,100461.11853772211,0.9828067704976062,0.9420897786977862,BASELINE,1.0051579688507182,14425.613408263998,177652.96824809455,175499.11382388952
2022-07-17 07:50:00,13918.881250029004,6303,0.3209188874487067,0.9336648577327932,1.817226720639675,7,6,1,0,0,0,0,14112.829969054697,0.3217585318918762,0.0,98789.80978338288,0.9826377978378142,0.941927806456194,BASELINE,1.0052086606486557,14186.33891115568,172085.95073505558,169978.9345991502
2022-07-17 07:55:00,13641.814583433,6248,0.3173335684466597,0.9336648577327932,1.8013382815951418,7,6,1,0,0,0,0,13763.777198865331,0.3167891663072044,0.0,96346.44039205732,0.9751837494608065,0.9347825740496832,BASELINE,1.007444875161758,13866.246801865134,166362.37232212757,163441.693008861
2022-07-17 08:00:00,12715.752500455992,6140,0.31145070929297275,0.9654242631902832,1.765118083676113,8,6,1,1,0,0,0,13244.991659993004,0.31336742935407025,0.0,92714.94161995103,0.9700511440311054,0.9298626088453714,BASELINE,1.0089846567906684,13363.993364253307,156872.799090207,153541.87512151114
2022-07-17 08:05:00,11818.400000028998,6085,0.3085734033341005,0.9654242631902832,1.7304318488218617,8,6,1,1,0,0,0,12395.76612252454,0.3062331537732441,0.0,86770.36285767177,0.9593497306598662,0.9196045474875322,BASELINE,1.0121950808020401,12546.933491991918,143929.58248952826,139762.68839391705
2022-07-17 08:10:00,11679.945833323998,6021,0.30489755915918304,0.9654242631902832,1.724525416072874,8,6,1,1,0,0,0,11517.674982306984,0.30531642477190474,0.0,80623.72487614889,0.9579746371578571,0.918286423140118,BASELINE,1.0126076088526428,11662.88532337578,133277.43031877655,129286.09203604163
2022-07-17 08:15:00,10735.008333249998,5946,0.29814289683227935,0.9654242631902832,1.6819703104048591,8,6,1,1,0,0,1,10908.992435672779,0.30176460279532386,0.0,76362.94704970944,0.9526469041929858,0.9131794143968883,BASELINE,1.0142059287421044,11063.964804862102,123119.02238981043,118955.1540713711
2022-07-17 08:20:00,10275.600000155999,5889,0.2944494536190934,0.9654242631902832,1.6608063427611337,8,6,1,1,0,0,1,10329.79631172027,0.2938929942695756,0.0,72308.57418204189,0.75,0.7189280286150213,DISCOUNT,1.075,11104.531035099291,115115.2722640123,92811.68826285993
2022-07-17 08:25:00,10252.775000156,5839,0.29175409030472005,0.9654242631902832,1.6595816464048585,8,6,1,1,0,0,1,9983.846009058194,0.290684637448383,0.0,69886.92206340736,0.75,0.7189280286150213,DISCOUNT,1.075,10732.634459737557,111177.95703408252,89637.22785872902
2022-07-17 08:30:00,9664.757639251,5784,0.2872084493377389,0.9654242631902832,1.6302642825141715,8,6,1,1,0,0,1,9606.527081699182,0.2873302098323862,0.0,67245.68957189427,0.75,0.7189280286150213,DISCOUNT,1.075,10327.01661282662,105086.42490421167,84725.93007902066
2022-07-17 08:35:00,9366.713333296999,5747,0.28550066551955294,0.9654242631902832,1.6156140350769235,8,6,1,1,0,0,1,9239.024087855481,0.2842033831659376,0.0,64673.16861498837,0.75,0.7189280286150213,DISCOUNT,1.075,9931.950894444642,100158.06115858829,80752.43680911181
2022-07-17 08:40:00,9366.899999956999,5705,0.2837512780462957,0.9654242631902832,1.6157219972874497,8,6,1,1,0,0,1,9120.086593271213,0.2824443332507574,0.0,63840.606152898494,0.75,0.7189280286150213,DISCOUNT,1.075,9804.093087766554,98875.29491489178,79718.2065251315
2022-07-17 08:45:00,8876.295138711002,5633,0.2794653195472157,0.9654242631902832,1.5855206927489878,8,6,1,1,0,0,1,8926.684298854636,0.28144921357394215,0.0,62486.79009198245,0.75,0.7189280286150213,DISCOUNT,1.075,9596.185621268733,94969.52863397618,76569.1824611433
2022-07-17 08:50:00,8648.941666659002,5605,0.27851157157468387,0.9654242631902832,1.5715249662267203,8,6,1,1,0,0,1,8638.41653261349,0.27689073959649774,0.0,60468.91572829443,0.75,0.7189280286150213,DISCOUNT,1.075,9286.297772559501,91091.45066832531,73442.48210133727
2022-07-17 08:55:00,8435.904444759999,5558,0.2770937234688827,0.9654242631902832,1.5514349977246955,8,6,1,1,0,0,1,8388.880207564907,0.27615917301249004,0.0,58722.16145295435,0.75,0.7189280286150213,DISCOUNT,1.075,9018.046223132274,87329.25780351998,70409.21410408798
2022-07-17 09:00:00,8334.1083332,5530,0.27576835032061087,0.9823858828137647,1.541835357611336,9,6,1,1,0,0,1,8243.086162599344,0.2752091425141205,0.0,57701.60313819541,0.75,0.7189280286150213,DISCOUNT,1.075,8861.317624794294,85280.55782640426,68757.44974753843
2022-07-17 09:05:00,8334.1083332,5507,0.27466803908407816,0.9823858828137647,1.541835357611336,9,6,1,1,0,0,1,8182.791076715494,0.27434123211350453,0.0,57279.53753700845,0.75,0.7189280286150213,DISCOUNT,1.075,8796.500407469155,84656.76250788677,68254.51477198371
2022-07-17 09:10:00,7959.79111102,5453,0.27063233430378725,0.9823858828137647,1.5193454790607295,9,6,1,1,0,0,1,7939.989225395362,0.2732615036089664,0.0,55579.92457776754,0.75,0.7189280286150213,DISCOUNT,1.075,8535.488417300014,80946.60586381823,65263.200977703455
2022-07-17 09:15:00,7778.191666738003,5430,0.2695360909502111,0.9823858828137647,1.5084345478744943,9,6,1,1,0,0,1,7783.613800424654,0.26932936593513496,0.0,54485.29660297258,0.75,0.7189280286150213,DISCOUNT,1.075,8367.384835456503,78782.5333942685,63518.41754912899
2022-07-17 09:20:00,7778.191666738003,5404,0.2684995324032555,0.9823858828137647,1.5084345478744943,9,6,1,1,0,0,1,7673.160448805829,0.2676236317636264,0.0,53712.123141640805,0.75,0.7189280286150213,DISCOUNT,1.075,8248.647482466266,77664.57005673186,62617.05960824006
2022-07-17 09:25:00,7705.359722191002,5353,0.2663020357245641,0.9823858828137647,1.4883771929757086,9,6,1,1,0,0,1,7667.624290519552,0.2678541442433632,0.0,53673.370033636864,0.75,0.7189280286150213,DISCOUNT,1.075,8242.696112308518,76576.59004613588,61739.875724697056
2022-07-17 09:30:00,7671.608333391005,5339,0.26611411698597176,0.9823858828137647,1.4790823211417015,9,6,1,1,0,0,1,7594.307223977628,0.26481318961336486,0.0,53160.1505678434,0.75,0.7189280286150213,DISCOUNT,1.075,8163.88026577595,75370.72637550198,60767.64814024847
2022-07-17 09:35:00,7517.525694198001,5285,0.26358909943031905,0.9823858828137647,1.4619601888866407,9,6,1,1,0,0,1,7481.53970719798,0.2652653836024044,0.0,52370.777950385855,0.75,0.7189280286150213,DISCOUNT,1.075,8042.655185237828,73392.00018217525,59172.300146878806
2022-07-17 09:40:00,7443.899999904,5270,0.26302893700563557,0.9823858828137647,1.4537786774453447,9,6,1,1,0,0,1,7405.6412613739785,0.26245646700915526,0.0,51839.48882961785,0.75,0.7189280286150213,DISCOUNT,1.075,7961.064355977027,72240.90159199138,58244.22690854305
2022-07-17 09:45:00,7443.899999904,5250,0.2625921569409196,0.9823858828137647,1.4537786774453447,9,6,1,1,0,0,1,7375.438681513396,0.26213073158446787,0.0,51628.07077059377,0.75,0.7189280286150213,DISCOUNT,1.075,7928.5965826269,71946.28002951945,58006.68827380006
2022-07-17 09:50:00,7367.575833551002,5216,0.2610834887538384,0.9823858828137647,1.4417982456072875,9,6,1,1,0,0,1,7335.5726443240355,0.26212323558773143,0.0,51349.00851026825,0.75,0.7189280286150213,DISCOUNT,1.075,7885.740592648338,70967.69622786612,57217.70508371707
2022-07-17 09:55:00,7329.983333521,5185,0.26016104214564834,0.9823858828137647,1.4358974358906893,9,6,1,1,0,0,1,7266.333909574233,0.2603947922084861,0.0,50864.33736701963,0.75,0.7189280286150213,DISCOUNT,1.075,7811.3089527923,70010.14277726162,56445.67761416719
2022-07-17 10:00:00,7053.386110935003,5131,0.25763875265913244,1.0079062113360318,1.4168466036882599,10,6,1,1,0,0,1,7162.441394899368,0.25917304795850077,0.0,50137.089764295575,0.75,0.7189280286150213,DISCOUNT,1.075,7699.62449951682,68093.57051684294,54900.441229204625
2022-07-17 10:05:00,6737.274999995002,5103,0.2568323660989044,1.0079062113360318,1.395074224012146,10,6,1,1,0,0,1,6848.6367025335685,0.25688961595821225,0.0,47940.45691773498,0.75,0.7189280286150213,DISCOUNT,1.075,7362.284455223586,64109.683933779255,51688.432671609524
2022-07-17 10:10:00,6737.274999995002,5071,0.2551367157379347,1.0079062113360318,1.395074224012146,10,6,1,1,0,0,1,6679.421911026273,0.2563653623074417,0.0,46755.95337718391,0.75,0.7189280286150213,DISCOUNT,1.075,7180.378554353243,62525.67425832955,50411.32487077821
2022-07-17 10:15:00,6499.90966657,5058,0.2557541404477623,1.0079062113360318,1.3810796221214574,10,6,1,1,0,0,1,6556.476727997564,0.2554202164986522,0.0,45895.33709598295,0.75,0.7189280286150213,DISCOUNT,1.075,7048.212482597381,60759.11418202564,48987.035809258174
2022-07-17 10:20:00,6388.2083332910015,5036,0.25460408654015754,1.0079062113360318,1.3744939271255057,10,6,1,1,0,0,1,6417.85466033607,0.2559278082508919,0.0,44924.98262235249,0.75,0.7189280286150213,DISCOUNT,1.075,6899.193759861275,59190.89344544959,47722.65784039374
2022-07-17 10:25:00,6245.293333384002,5020,0.25412292716350016,1.0079062113360318,1.365634278012146,10,6,1,1,0,0,1,6249.722623001897,0.2546735375711684,0.0,43748.058361013274,0.75,0.7189280286150213,DISCOUNT,1.075,6718.451819727039,57268.70257639045,46172.891452214804
2022-07-17 10:30:00,6175.958333286001,4999,0.25341622509918793,1.0079062113360318,1.3613360323724701,10,6,1,1,0,0,1,6162.152985496883,0.25437959802991794,0.0,43135.07089847818,0.75,0.7189280286150213,DISCOUNT,1.075,6624.314459409149,56288.54311351431,45382.63788527092
2022-07-17 10:35:00,6175.958333286001,4983,0.2529556087150215,1.0079062113360318,1.3613360323724701,10,6,1,1,0,0,1,6138.835747846333,0.25230106444003786,0.0,42971.850234924335,0.75,0.7189280286150213,DISCOUNT,1.075,6599.248428934808,56075.55045658577,45210.912555622286
2022-07-17 10:40:00,5941.470000151003,4957,0.25129787392249703,1.0079062113360318,1.3433895636437252,10,6,1,1,0,0,1,6030.045787351943,0.25219786796072685,0.0,42210.3205114636,0.75,0.7189280286150213,DISCOUNT,1.075,6482.299221403338,54355.65984498666,43824.250750020496
2022-07-17 10:45:00,5827.708333467002,4932,0.2504048918633522,1.0079062113360318,1.3346828609838057,10,6,1,1,0,0,1,5873.819318908881,0.25056934384996643,0.0,41116.73523236217,0.75,0.7189280286150213,DISCOUNT,1.075,6314.355767827046,52604.25316405253,42412.179113517355
2022-07-17 10:50:00,5827.708333467002,4906,0.24950464733586944,1.0079062113360318,1.3346828609838057,10,6,1,1,0,0,1,5791.66188935433,0.24919636558441435,0.0,40541.63322548031,0.75,0.7189280286150213,DISCOUNT,1.075,6226.036531055905,51868.47462049354,41818.95766277292
2022-07-17 10:55:00,5630.208333344998,4878,0.24872138457643658,1.0079062113360318,1.3216374268987852,10,6,1,1,0,0,1,5681.779808041378,0.24820989315051112,0.0,39772.458656289644,0.75,0.7189280286150213,DISCOUNT,1.075,6107.913293644481,50387.04855085658,40624.55789412813
2022-07-17 11:00:00,5531.458333354001,4861,0.2479394828045972,1.0214328246558702,1.3151147098299598,11,6,1,1,0,0,1,5552.452991104624,0.24753522795526625,0.0,38867.170937732364,0.75,0.7189280286150213,DISCOUNT,1.075,5968.88696543747,48997.13858005789,39503.94298017167
2022-07-17 11:05:00,5531.458333354001,4848,0.24759705497995513,1.0214328246558702,1.3151147098299598,11,6,1,1,0,0,1,5506.738908114046,0.24730450664171194,0.0,38547.17235679833,0.75,0.7189280286150213,DISCOUNT,1.075,5919.7443262226,48593.73862999294,39178.701770431806
2022-07-17 11:10:00,5577.034861044001,4835,0.24546481165646217,1.0214328246558702,1.3092959963724702,11,6,1,1,0,0,1,5535.901380698013,0.24692605230364975,0.0,38751.30966488609,0.75,0.7189280286150213,DISCOUNT,1.075,5951.093984250364,48634.939158420086,39211.9196964762
2022-07-17 11:15:00,5600.166666698998,4831,0.24543923463174547,1.0214328246558702,1.306342780016194,11,6,1,1,0,0,1,5568.264582692124,0.2447466222971166,0.0,38977.85207884487,0.75,0.7189280286150213,DISCOUNT,1.075,5985.884426394034,48808.92074335137,39352.19234932704
2022-07-17 11:20:00,5599.773888898998,4833,0.24528648593596702,1.0214328246558702,1.3061156095263156,11,6,1,1,0,0,1,5600.781459934123,0.24486829888423067,0.0,39205.47021953886,0.75,0.7189280286150213,DISCOUNT,1.075,6020.840069429181,49085.41182530414,39575.113284151455
2022-07-17 11:25:00,5605.165833318001,4824,0.24607759946333457,1.0214328246558702,1.3034941520161942,11,6,1,1,0,0,1,5635.638406239189,0.24483553019209472,0.0,39449.46884367432,0.75,0.7189280286150213,DISCOUNT,1.075,6058.311286707128,49291.76842645097,39741.4882938261
2022-07-17 11:30:00,5607.83333327,4823,0.2461286548513867,1.0048733642712546,1.3022941970283406,11,6,1,1,0,0,1,5641.37683573734,0.24558814337956086,0.0,39489.63785016138,0.75,0.7189280286150213,DISCOUNT,1.075,6064.48009841764,49296.536622796324,39745.33265212954
2022-07-17 11:35:00,5607.83333327,4823,0.24636935363256787,1.0048733642712546,1.3022941970283406,11,6,1,1,0,0,1,5644.817244767436,0.24568820629849467,0.0,39513.72071337205,0.75,0.7189280286150213,DISCOUNT,1.075,6068.178538124994,49326.60024993697,39769.57145151169
2022-07-17 11:40:00,5701.910833330003,4807,0.24617134727566786,1.0048733642712546,1.2967273954089078,11,6,1,1,0,0,1,5658.57570080545,0.24621590925629375,0.0,39610.02990563815,0.75,0.7189280286150213,DISCOUNT,1.075,6082.9688783658585,49235.460999499956,39696.09043084684
2022-07-17 11:45:00,5750.3750000750015,4814,0.2466899784344868,1.0048733642712546,1.2938596491052634,11,6,1,1,0,0,1,5735.429396541861,0.24612376570248107,0.0,40148.005775793026,0.75,0.7189280286150213,DISCOUNT,1.075,6165.5866012825,49793.80327615837,40146.25389140268
2022-07-17 11:50:00,5750.3750000750015,4818,0.247325237026355,1.0048733642712546,1.2938596491052634,11,6,1,1,0,0,1,5755.751308105644,0.24636997560446772,0.0,40290.25915673951,0.75,0.7189280286150213,DISCOUNT,1.075,6187.4326562135675,49970.233879107225,40288.50106503021
2022-07-17 11:55:00,6097.478333216999,4838,0.24874788301276402,1.0048733642712546,1.3061268555910928,11,6,1,1,0,0,1,5988.387977571697,0.24789549368465166,0.0,41918.715843001875,0.75,0.7189280286150213,DISCOUNT,1.075,6437.517075889574,52482.85852403796,42314.30468500561
2022-07-17 12:00:00,6265.875000035,4876,0.2501769972621629,0.9655430216234816,1.3120782726194333,12,6,1,0,0,0,1,6240.341048821356,0.25011656541342964,0.0,43682.38734174949,0.75,0.7189280286150213,DISCOUNT,1.075,6708.3666274829575,54940.20323352393,44295.538857028674
2022-07-17 12:05:00,6265.875000035,4917,0.251813235073948,0.9655430216234816,1.3120782726194333,12,6,1,0,0,0,1,6366.602474530234,0.25179536082320747,0.0,44566.217321711636,0.75,0.7189280286150213,DISCOUNT,1.075,6844.097660120001,56051.81369435129,45191.774791070726
2022-07-17 12:10:00,7390.750138791998,4986,0.2537247936782785,0.9655430216234816,1.3496761133765183,12,6,1,0,0,0,1,6951.076626129885,0.2534369672512466,0.0,48657.536382909195,0.75,0.7189280286150213,DISCOUNT,1.075,7472.407373089626,62951.17345710543,50754.38359979126
2022-07-17 12:15:00,7961.666666639001,5038,0.2556211427060473,0.9655430216234816,1.3687584345384616,12,6,1,0,0,0,1,7801.867461256316,0.2549852737994791,0.0,54613.07222879421,0.75,0.7189280286150213,DISCOUNT,1.075,8387.00752085054,71655.17629838464,57771.98589057262
2022-07-17 12:20:00,7961.666666639001,5074,0.25711616614794963,0.9655430216234816,1.3687584345384616,12,6,1,0,0,0,1,8085.875485129667,0.2567802962873645,0.0,56601.12839590767,0.75,0.7189280286150213,DISCOUNT,1.075,8692.316146514391,74263.60884634331,59875.03463236429
2022-07-17 12:25:00,8579.237777637003,5109,0.2583406123080342,0.9655430216234816,1.3911313540323886,12,6,1,0,0,0,1,8744.343029451456,0.2578391845951845,0.0,61210.4012061602,0.75,0.7189280286150213,DISCOUNT,1.075,9400.168756660316,81623.93305210477,65809.29602325948
2022-07-17 12:30:00,8874.333333414,5127,0.2588964213106282,0.9655430216234816,1.4018218623360321,12,6,1,0,0,0,1,8928.571248680153,0.259653536016212,0.0,62499.998740761075,0.75,0.7189280286150213,DISCOUNT,1.075,9598.214092331164,83984.08397112695,67712.1677017211
2022-07-17 12:35:00,9154.002500162002,5145,0.25941141767751696,0.9655430216234816,1.411767881267206,12,6,1,0,0,0,1,9151.852680227139,0.25994503270237657,0.0,64062.968761589975,0.75,0.7189280286150213,DISCOUNT,1.075,9838.241631244175,86695.09163495296,69897.91763068082
2022-07-17 12:40:00,9291.750000131999,5163,0.2597780284303668,0.9655430216234816,1.4166666666923076,12,6,1,0,0,0,1,9338.068512790573,0.2601369808887133,0.0,65366.47958953401,0.75,0.7189280286150213,DISCOUNT,1.075,10038.423651249865,88766.0559182434,71567.63258408374
2022-07-17 12:45:00,9291.750000131999,5174,0.26042525852573156,0.9655430216234816,1.4166666666923076,12,6,1,0,0,0,1,9400.065873777965,0.2603128839572864,0.0,65800.46111644576,0.75,0.7189280286150213,DISCOUNT,1.075,10105.070814311312,89355.39205393917,72042.78484348845
2022-07-17 12:50:00,9398.5833334,5197,0.2611796243716266,0.9655430216234816,1.4198155645708506,12,6,1,0,0,0,1,9445.93059337478,0.26153068149863345,0.0,66121.51415362346,0.75,0.7189280286150213,DISCOUNT,1.075,10154.375387877888,89990.95801155247,72555.2098968142
2022-07-17 12:55:00,9451.999999933996,5194,0.26130969799786774,0.9655430216234816,1.4213900134898794,12,6,1,0,0,0,1,9481.549293241327,0.26164489911660693,0.0,66370.84505268928,0.75,0.7189280286150213,DISCOUNT,1.075,10192.665490234427,90430.46401832801,72909.56161477698
2022-07-17 13:00:00,9487.805000110004,5199,0.2620482089408752,0.9655430216234816,1.4219838056599194,13,6,1,0,0,0,1,9508.09042215044,0.26170442434052477,0.0,66556.63295505308,0.75,0.7189280286150213,DISCOUNT,1.075,10221.197203811724,90721.48404884407,73144.19651438053
2022-07-17 13:05:00,9533.375000065,5193,0.26216258105268203,0.9655430216234816,1.4227395411619441,13,6,1,0,0,0,1,9486.111638850742,0.2626951951225861,0.0,66402.7814719552,0.75,0.7189280286150213,DISCOUNT,1.075,10197.570011764547,90559.87729275969,73013.90106728752
2022-07-17 13:10:00,9533.375000065,5195,0.2629989035547908,0.9655430216234816,1.4227395411619441,13,6,1,0,0,0,1,9528.348543244687,0.26228196585785196,0.0,66698.4398027128,0.75,0.7189280286150213,DISCOUNT,1.075,10242.974683988037,90963.09507310676,73338.99540269231
2022-07-17 13:15:00,9606.195000064998,5205,0.26432838839883405,0.9655430216234816,1.4276383265870454,13,6,1,0,0,0,1,9531.575342908785,0.2632256441235721,0.0,66721.02740036149,0.75,0.7189280286150213,DISCOUNT,1.075,10246.443493626944,91307.21070720574,73616.43863268463
2022-07-17 13:20:00,9643.708333456998,5208,0.26503358647716674,0.9655430216234816,1.4301619433400818,13,6,1,0,0,0,1,9567.921700205214,0.2641992207779793,0.0,66975.45190143649,0.75,0.7189280286150213,DISCOUNT,1.075,10285.515827720605,91817.4066495509,74027.78411120044
2022-07-17 13:25:00,9643.708333456998,5202,0.2645932693477138,0.9655430216234816,1.4301619433400818,13,6,1,0,0,0,1,9630.032839821713,0.2644280082878343,0.0,67410.229878752,0.75,0.7189280286150213,DISCOUNT,1.075,10352.285302808341,92413.44870991945,74508.34302237256
2022-07-17 13:30:00,9478.930555747002,5206,0.26319004595058426,0.9655430216234816,1.4263382816153856,13,6,1,0,0,0,1,9503.80884994297,0.2635967063236259,0.0,66526.66194960079,0.75,0.7189280286150213,DISCOUNT,1.075,10216.594513688693,90958.31855906456,73335.14433824581
2022-07-17 13:35:00,9389.741666834,5205,0.26303834163874534,0.9655430216234816,1.4241970310323888,13,6,1,0,0,0,1,9391.89350008832,0.2632953750948607,0.0,65743.25450061823,0.75,0.7189280286150213,DISCOUNT,1.075,10096.285512594943,89752.26712117462,72362.76536644704
2022-07-17 13:40:00,9386.541666833999,5197,0.26265685266130273,0.9655430216234816,1.424089068817814,13,6,1,0,0,0,1,9367.549942104177,0.2632217825687763,0.0,65572.84959472924,0.75,0.7189280286150213,DISCOUNT,1.075,10070.116187761989,89512.84534653535,72169.73156064414
2022-07-17 13:45:00,9307.174583463,5197,0.26424681417361234,0.9655430216234816,1.4209244264089083,13,6,1,0,0,0,1,9220.06278182622,0.26256274531507695,0.0,64540.43947278354,0.75,0.7189280286150213,DISCOUNT,1.075,9911.567490463187,87907.72696319227,70875.60486407377
2022-07-17 13:50:00,9268.08333349,5166,0.2629553626128399,0.9655430216234816,1.4193657219554665,13,6,1,0,0,0,1,9203.681339028995,0.2634773443405633,0.0,64425.769373202966,0.75,0.7189280286150213,DISCOUNT,1.075,9893.95743945617,87655.27943196445,70672.06904202134
2022-07-17 13:55:00,9268.08333349,5140,0.26197084395118764,0.9655430216234816,1.4193657219554665,13,6,1,0,0,0,1,9166.67737638517,0.2626607837813147,0.0,64166.7416346962,0.75,0.7189280286150213,DISCOUNT,1.075,9854.178179614059,87302.8560302676,70387.92767440325
2022-07-17 14:00:00,8533.593750038997,5084,0.2599079499545794,1.0079062113360318,1.395394736821861,14,6,1,0,0,0,1,8823.169465552644,0.2602144143105811,0.0,61762.18625886851,0.75,0.7189280286150213,DISCOUNT,1.075,9484.907175469092,82612.14403748505,66606.04113022232
2022-07-17 14:05:00,7776.158333362998,5043,0.2581471765968878,1.0079062113360318,1.3706826360566802,14,6,1,0,0,0,1,8328.578047390354,0.25917542704090113,0.0,58300.046331732476,0.75,0.7189280286150213,DISCOUNT,1.075,8953.22140094463,76600.21053195374,61758.91974138771
2022-07-17 14:10:00,7779.125000032997,4997,0.2559838721528904,1.0079062113360318,1.3707827260242917,14,6,1,0,0,0,1,7754.546710224664,0.25647096149702103,0.0,54281.82697157265,0.75,0.7189280286150213,DISCOUNT,1.075,8336.137713491513,71325.89527957742,57506.5030691593
2022-07-17 14:15:00,7275.9354167289985,4963,0.2554548059564374,1.0079062113360318,1.348189383708502,14,6,1,0,0,0,1,7400.526271050251,0.25395026178859725,0.0,51803.68389735176,0.75,0.7189280286150213,DISCOUNT,1.075,7955.5657413790195,66947.70594353041,53976.587916971395
2022-07-17 14:20:00,7036.0499999999965,4934,0.2539712230669267,1.0079062113360318,1.3374932523805672,14,6,1,0,0,0,1,7105.4276050879125,0.2542638042534276,0.0,49737.99323561539,0.75,0.7189280286150213,DISCOUNT,1.075,7638.334675469506,63768.17836422674,51413.093806157805
2022-07-17 14:25:00,6725.790972259999,4898,0.25223772144818607,1.0079062113360318,1.326546333757085,14,6,1,0,0,0,1,6747.1968698029405,0.2547128482468709,0.0,47230.378088620586,0.75,0.7189280286150213,DISCOUNT,1.075,7253.236635038161,60057.60346149335,48421.44279082902
2022-07-17 14:30:00,6582.374999900999,4885,0.25167394714879104,1.0079062113360318,1.3213000449554653,14,6,1,0,0,0,1,6541.613353084015,0.2515137229987448,0.0,45791.293471588106,0.75,0.7189280286150213,DISCOUNT,1.075,7032.234354565316,57997.39846761771,46760.402514516776
2022-07-17 14:35:00,6581.791666601999,4878,0.25144840905640764,1.0079062113360318,1.3211875843481777,14,6,1,0,0,0,1,6541.369006492908,0.25130856083320885,0.0,45789.58304545035,0.75,0.7189280286150213,DISCOUNT,1.075,7031.971681979876,57990.295927963816,46754.67609192083
2022-07-17 14:40:00,6450.736111050999,4874,0.2531685442836859,1.0079062113360318,1.3180386864170044,14,6,1,0,0,0,1,6475.325769579866,0.2513623482376561,0.0,45327.28038705906,0.75,0.7189280286150213,DISCOUNT,1.075,6960.975202298356,57267.99419833252,46172.3203224056
2022-07-17 14:45:00,6391.841666623999,4873,0.2531896753096217,1.0079062113360318,1.3166880341740892,14,6,1,0,0,0,1,6421.8573860200895,0.2530597652631405,0.0,44953.001702140624,0.75,0.7189280286150213,DISCOUNT,1.075,6903.4966899715955,56736.91759780681,45744.13981323173
2022-07-17 14:50:00,6395.208333287999,4865,0.2528995942471121,1.0079062113360318,1.316801619417004,14,6,1,0,0,0,1,6309.0976455443115,0.25308723332878097,0.0,44163.68351881018,0.75,0.7189280286150213,DISCOUNT,1.075,6782.279968960134,55745.497188317444,44944.80710808094
2022-07-17 14:55:00,6536.506666839001,4858,0.25228178084516284,1.0079062113360318,1.3161133602834016,14,6,1,0,0,0,1,6362.806941974146,0.2529048483306356,0.0,44539.64859381902,0.75,0.7189280286150213,DISCOUNT,1.075,6840.017462622207,56190.67333558723,45303.73037681721
2022-07-17 15:00:00,6597.955277809002,4851,0.2517700255310449,1.0214328246558702,1.315307017538462,15,6,1,0,0,0,1,6517.613279064102,0.2522035395664421,0.0,45623.29295344872,0.75,0.7189280286150213,DISCOUNT,1.075,7006.43427499391,57522.521833317915,46377.53322811256
2022-07-17 15:05:00,6623.441666619004,4847,0.25191052900352634,1.0214328246558702,1.3134008097044534,15,6,1,0,0,0,1,6595.213820609731,0.25206231641001076,0.0,46166.496744268115,0.75,0.7189280286150213,DISCOUNT,1.075,7089.85485715546,58123.044160463716,46861.70435437387
2022-07-17 15:10:00,6618.756666770002,4853,0.25188876562867324,1.0214328246558702,1.3129813315384617,15,6,1,0,0,0,1,6612.273478360955,0.2522671710561469,0.0,46285.91434852668,0.75,0.7189280286150213,DISCOUNT,1.075,7108.193989238026,58254.77789411847,46967.91467713303
2022-07-17 15:15:00,6785.590277889002,4862,0.2519870047977491,1.0214328246558702,1.3171794871336038,15,6,1,0,0,0,1,6685.793874815138,0.25265880323669715,0.0,46800.55712370597,0.75,0.7189280286150213,DISCOUNT,1.075,7187.228415426273,59090.83595564563,47641.98648923928
2022-07-17 15:20:00,6871.000000002001,4862,0.2519154991969454,1.0214328246558702,1.3191632928380574,15,6,1,0,0,0,1,6831.719048144902,0.2524842755722622,0.0,47822.03333701432,0.75,0.7189280286150213,DISCOUNT,1.075,7344.09797675577,60471.500940523074,48755.14763329673
2022-07-17 15:25:00,6832.891666650998,4857,0.2530984288371858,1.0214328246558702,1.3138866396801623,15,6,1,0,0,0,1,6861.605190649562,0.2527028236528271,0.0,48031.236334546935,0.75,0.7189280286150213,DISCOUNT,1.075,7376.225579948279,60493.09633090912,48772.55891679548
2022-07-17 15:30:00,6838.531666642998,4853,0.2523090185332241,1.0214328246558702,1.3141565452145745,15,6,1,0,0,0,1,6811.294462419466,0.2540426092072371,0.0,47679.061236936264,0.75,0.7189280286150213,DISCOUNT,1.075,7322.141547100926,60061.883957811726,48424.89394098571
2022-07-17 15:35:00,6804.736111071998,4848,0.2514755523886668,1.0214328246558702,1.3124988754008096,15,6,1,0,0,0,1,6836.3635379022,0.2529035843029803,0.0,47854.5447653154,0.75,0.7189280286150213,DISCOUNT,1.075,7349.090803244864,60206.90208712122,48541.81480774148
2022-07-17 15:40:00,6789.361666744996,4846,0.25158445679176095,1.0214328246558702,1.311066126870445,15,6,1,0,0,0,1,6796.762602885089,0.25241240878021143,0.0,47577.33822019563,0.75,0.7189280286150213,DISCOUNT,1.075,7306.519798101471,59792.79988759301,48207.94490937187
2022-07-17 15:45:00,6802.166389066994,4822,0.2505025336222767,1.0214328246558702,1.3044781826558698,15,6,1,0,0,0,1,6784.874521197212,0.25248602057145947,0.0,47494.12164838048,0.75,0.7189280286150213,DISCOUNT,1.075,7293.740110287003,59388.291627027,47881.81012429052
2022-07-17 15:50:00,6863.251944453995,4815,0.2495790071152665,1.0214328246558702,1.3024403958542505,15,6,1,0,0,0,1,6842.760978157428,0.25003842666521997,0.0,47899.326847102,0.75,0.7189280286150213,DISCOUNT,1.075,7355.968051519235,59801.409455956666,48214.88637386506
2022-07-17 15:55:00,6855.852777935996,4801,0.2488602012961501,1.0214328246558702,1.3000157444655867,15,6,1,0,0,0,1,6865.202736518524,0.24831663919691915,0.0,48056.41915562967,0.75,0.7189280286150213,DISCOUNT,1.075,7380.092941757413,59885.84353177526,48282.9613474938
2022-07-17 16:00:00,6767.8958334309955,4788,0.24744224103093374,1.0214328246558702,1.2954847053927123,16,6,1,0,0,0,1,6797.866745712164,0.24888869320337334,0.0,47585.06721998515,0.75,0.7189280286150213,DISCOUNT,1.075,7307.706751640576,59091.78777686712,47642.753895099115
2022-07-17 16:05:00,6691.041666678996,4790,0.24769950204465402,1.0214328246558702,1.2921727395546554,16,6,1,0,0,0,1,6709.816830542247,0.2469240114948602,0.0,46968.71781379573,0.75,0.7189280286150213,DISCOUNT,1.075,7213.053092832915,58177.28255033025,46905.43405620377
2022-07-17 16:10:00,6725.185277743995,4792,0.24757465104760093,1.0214328246558702,1.2926270805465585,16,6,1,0,0,0,1,6736.406469843873,0.24760050910966608,0.0,47154.84528890711,0.75,0.7189280286150213,DISCOUNT,1.075,7241.636955082164,58428.3640698877,47107.868531346954
2022-07-17 16:15:00,6856.868333358002,4804,0.24747877799775767,1.0214328246558702,1.2972064777611332,16,6,1,0,0,0,1,6788.923897556793,0.24710778743528894,0.0,47522.46728289755,0.75,0.7189280286150213,DISCOUNT,1.075,7298.093189873553,59092.483325347945,47643.31468106178
2022-07-17 16:20:00,6867.352083544997,4809,0.24788004946870615,1.0214328246558702,1.2999358974534407,16,6,1,0,0,0,1,6890.519897878963,0.24700052991544635,0.0,48233.63928515274,0.75,0.7189280286150213,DISCOUNT,1.075,7407.308890219885,60102.995883377844,48458.04043097339
2022-07-17 16:25:00,6827.760694655998,4827,0.248689277020644,1.0214328246558702,1.30506410257085,16,6,1,0,0,0,1,6847.061166079759,0.24781488119835007,0.0,47929.42816255831,0.75,0.7189280286150213,DISCOUNT,1.075,7360.59075353574,59959.533296918904,48342.37372064087
2022-07-17 16:30:00,6841.5972222109995,4836,0.24900393964292453,1.0048733642712546,1.3082546108866395,16,6,1,0,0,0,1,6807.966049565513,0.24880299495783553,0.0,47655.76234695859,0.75,0.7189280286150213,DISCOUNT,1.075,7318.563503282926,59762.92534003507,48183.85855540327
2022-07-17 16:35:00,6867.579027789002,4851,0.24925004494692235,1.0048733642712546,1.3107591093238877,16,6,1,0,0,0,1,6865.536483050793,0.24896390615169345,0.0,48058.75538135556,0.75,0.7189280286150213,DISCOUNT,1.075,7380.451719279603,60383.67710647079,48684.33966709208
2022-07-17 16:40:00,7015.130000042999,4861,0.2504550310069935,1.0048733642712546,1.3154116059028338,16,6,1,0,0,0,1,6987.1726163594685,0.2492554742613127,0.0,48910.208314516276,0.75,0.7189280286150213,DISCOUNT,1.075,7511.210562586429,61671.61679392421,49722.741040101406
2022-07-17 16:45:00,7175.694444662,4875,0.25182444793780273,1.0048733642712546,1.3209626630364368,16,6,1,0,0,0,1,7133.77961549947,0.25020603135177355,0.0,49936.45730849629,0.75,0.7189280286150213,DISCOUNT,1.075,7668.81308666193,63231.34549682012,50980.27230681123
2022-07-17 16:50:00,7232.938888887999,4876,0.25210181266683995,1.0048733642712546,1.324949392732793,16,6,1,0,0,0,1,7237.374421910957,0.2526401064458948,0.0,50661.620953376696,0.75,0.7189280286150213,DISCOUNT,1.075,7780.177503554278,64343.180430751345,51876.68922229328
2022-07-17 16:55:00,7166.153888933999,4882,0.25240233270122003,1.0048733642712546,1.3229577148178133,16,6,1,0,0,0,1,7221.636412097038,0.25290169973513055,0.0,50551.45488467927,0.75,0.7189280286150213,DISCOUNT,1.075,7763.259143004316,64106.752146864244,51686.0689184093
2022-07-17 17:00:00,7215.806250028,4894,0.25395932296170387,0.9910633501376516,1.3262820512995943,17,6,1,0,0,0,1,7165.739743085387,0.253110470283447,0.0,50160.17820159771,0.75,0.7189280286150213,DISCOUNT,1.075,7703.170223816791,63770.396208482685,51414.881943089174
2022-07-17 17:05:00,7310.875000074999,4921,0.25500478959367434,0.9910633501376516,1.331646423753036,17,6,1,0,0,0,1,7289.429995463765,0.25727292068998436,0.0,51026.009968246355,0.75,0.7189280286150213,DISCOUNT,1.075,7836.1372451235475,65133.540933154305,52513.91737735567
2022-07-17 17:10:00,7389.736111304999,4944,0.2558396002579851,0.9910633501376516,1.3386189833481774,17,6,1,0,0,0,1,7387.709279874003,0.2557645763532042,0.0,51713.96495911802,0.75,0.7189280286150213,DISCOUNT,1.075,7941.787475864553,66357.34000977942,53500.60538288466
2022-07-17 17:15:00,7780.877777835998,4978,0.25651253577095673,0.9910633501376516,1.3535672514129555,17,6,1,0,0,0,1,7690.81855307955,0.25706597166155654,0.0,53835.72987155685,0.75,0.7189280286150213,DISCOUNT,1.075,8267.629944560516,69851.31653238348,56317.62395423418
2022-07-17 17:20:00,7967.499999911,4990,0.2570731542407935,0.9910633501376516,1.3596491227611336,17,6,1,0,0,0,1,7925.719747465207,0.25710328476220295,0.0,55480.03823225645,0.75,0.7189280286150213,DISCOUNT,1.075,8520.148728525097,72308.23332667479,58298.51311963156
2022-07-17 17:25:00,7961.663749876002,4995,0.2554005098443028,0.9910633501376516,1.3564529914251005,17,6,1,0,0,0,1,7984.483540542211,0.2575391435080514,0.0,55891.384783795475,0.75,0.7189280286150213,DISCOUNT,1.075,8583.319806082876,72673.11400512558,58592.6981666325
2022-07-17 17:30:00,8147.461666632,4993,0.2547041352668081,0.9910633501376516,1.361120107910931,17,6,1,0,0,0,1,8134.38057554296,0.25656617147113536,0.0,56940.66402880072,0.75,0.7189280286150213,DISCOUNT,1.075,8744.459118708683,74292.18467407287,59898.07389347124
2022-07-17 17:35:00,8235.811666551,5000,0.2548932920269177,0.9910633501376516,1.363805667987854,17,6,1,0,0,0,1,8263.699544301184,0.2556625228559254,0.0,57845.89681010829,0.75,0.7189280286150213,DISCOUNT,1.075,8883.477010123772,75622.18156196222,60970.38388433203
2022-07-17 17:40:00,8290.377638879003,5017,0.255408497280535,0.9910633501376516,1.3695164192550602,17,6,1,0,0,0,1,8275.176600990091,0.25570013981057715,0.0,57926.23620693064,0.75,0.7189280286150213,DISCOUNT,1.075,8895.814846064348,76044.30700925118,61310.722526208774
2022-07-17 17:45:00,8318.166666605,5021,0.25574561982289984,0.9910633501376516,1.3724696356153834,17,6,1,0,0,0,1,8316.250931427323,0.25659058692104664,0.0,58213.756519991264,0.75,0.7189280286150213,DISCOUNT,1.075,8939.969751284372,76586.55282670214,61747.90821652861
2022-07-17 17:50:00,8318.166666605,5029,0.25588618919131806,0.9910633501376516,1.3724696356153834,17,6,1,0,0,0,1,8344.198626263393,0.25674340864066747,0.0,58409.39038384375,0.75,0.7189280286150213,DISCOUNT,1.075,8970.013523233147,76843.93053507054,61955.41899390062
2022-07-17 17:55:00,8341.315000087998,5050,0.2570430714559867,0.9910633501376516,1.3809581646356273,17,6,1,0,0,0,1,8343.982765473454,0.2570222511245859,0.0,58407.87935831418,0.75,0.7189280286150213,DISCOUNT,1.075,8969.781472883964,77317.19907555757,62336.99175466829
2022-07-17 18:00:00,8352.067361064,5066,0.2579984004849417,0.9910633501376516,1.3847896985789472,18,6,1,0,0,0,1,8364.880451053805,0.2574114185591221,0.0,58554.163157376635,0.75,0.7189280286150213,DISCOUNT,1.075,8992.24648488284,77725.89918296314,62666.506216264046
2022-07-17 18:05:00,8284.370000063998,5097,0.26135110804412637,0.9910633501376516,1.3931039136315777,18,6,1,0,0,0,1,8325.682354916913,0.2586197829528431,0.0,58279.77648441839,0.75,0.7189280286150213,DISCOUNT,1.075,8950.108531535681,77826.14914983293,62747.332752052804
2022-07-17 18:10:00,8236.972222187,5106,0.2616563498195825,0.9910633501376516,1.39867296448583,18,6,1,0,0,0,1,8259.311463020862,0.26189045842495173,0.0,57815.18024114604,0.75,0.7189280286150213,DISCOUNT,1.075,8878.759822747426,77514.36907625721,62495.96006773239
2022-07-17 18:15:00,8228.565833414998,5108,0.2622065011463931,0.9910633501376516,1.3989968511255055,18,6,1,0,0,0,1,8224.519843838669,0.2620412821113874,0.0,57571.63890687068,0.75,0.7189280286150213,DISCOUNT,1.075,8841.358832126569,77205.72081664014,62247.112408416106
2022-07-17 18:20:00,8201.407916643999,5116,0.2625954974192791,0.9910633501376516,1.4005937921943308,18,6,1,0,0,0,1,8181.1091112501435,0.2625722065204911,0.0,57267.763778751,0.75,0.7189280286150213,DISCOUNT,1.075,8794.692294593904,76885.8773060852,61989.2385780312
2022-07-17 18:25:00,8186.249722200998,5125,0.26301639434843804,0.9910633501376516,1.4035695006923072,18,6,1,0,0,0,1,8178.343488389112,0.26285693961582446,0.0,57248.40441872379,0.75,0.7189280286150213,DISCOUNT,1.075,8791.719250018295,77023.18293938243,62099.9412448771
2022-07-17 18:30:00,8167.081667009998,5129,0.2630998881144972,0.9910633501376516,1.4095906432834013,18,6,1,0,0,0,1,8155.5330815867055,0.26367765203681304,0.0,57088.73157110694,0.75,0.7189280286150213,DISCOUNT,1.075,8767.198062705707,77137.85431240426,62192.39503937593
2022-07-17 18:35:00,8138.674999963999,5143,0.2627324241257993,0.9910633501376516,1.4120512820404867,18,6,1,0,0,0,1,8159.2338630567865,0.2637274649303349,0.0,57114.63704139751,0.75,0.7189280286150213,DISCOUNT,1.075,8771.176402786044,77307.57366323177,62329.23126598062
2022-07-17 18:40:00,8129.874999931,5152,0.2631071315088917,0.9910633501376516,1.4119433198259113,18,6,1,0,0,0,1,8100.347959607299,0.2632693565998945,0.0,56702.43571725109,0.75,0.7189280286150213,DISCOUNT,1.075,8707.874056577846,76743.77004978959,61874.66460264285
2022-07-17 18:45:00,8189.212499959,5575,0.28688147170650263,0.9910633501376516,1.4235290148421058,18,6,1,0,0,0,1,8176.964778169976,0.26431703662217787,0.0,57238.75344718983,0.75,0.7189280286150213,DISCOUNT,1.075,8790.237136532724,78105.32481509204,62972.41813216796
2022-07-17 18:50:00,8218.000000062,5593,0.28798695702822646,0.9910633501376516,1.4291497975141707,18,6,1,0,0,0,1,8205.067051509097,0.28683527015669286,0.0,57435.46936056368,0.75,0.7189280286150213,DISCOUNT,1.075,8820.447080372278,78683.21172302724,63438.33945169072
2022-07-17 18:55:00,8306.886777848002,6009,0.3111062252312937,0.9910633501376516,1.4357849752550618,18,6,1,0,0,0,0,8233.66254308311,0.2880940302699867,0.0,57635.63780158177,0.75,0.7189280286150213,DISCOUNT,1.075,8851.187233814342,79324.00990110391,63954.982982765025
2022-07-17 19:00:00,8593.869166748997,5655,0.2912292757529567,0.9823858828137647,1.4520591542874501,19,6,1,0,0,0,1,8417.619708452601,0.31144971750352146,0.0,58923.33795916821,0.9671745762552821,0.927105215245038,BASELINE,1.0098476271234154,8500.513288608154,82015.47465154786,80104.4280452618
2022-07-17 19:05:00,8787.233333574999,5675,0.29155192714348394,0.9823858828137647,1.459851551959515,19,6,1,0,0,0,1,8674.725394943509,0.29255916256716924,0.0,60723.07776460456,0.75,0.7189280286150213,DISCOUNT,1.075,9325.329799564272,84974.10987037505,68510.37608298987
2022-07-17 19:10:00,8912.076666736,5317,0.27174034749358533,0.9823858828137647,1.4693454790728757,19,6,1,0,0,0,1,8878.973751252935,0.29254094387746504,0.0,62152.816258770545,0.75,0.7189280286150213,DISCOUNT,1.075,9544.896782596905,87540.47230296703,70579.50579426717
2022-07-17 19:15:00,8986.269999968998,5338,0.2729418783464326,0.9823858828137647,1.4763382816315782,19,6,1,0,0,0,1,9014.808882478897,0.27320788122334333,0.0,63103.66217735228,0.75,0.7189280286150213,DISCOUNT,1.075,9690.919548664815,89302.70159529819,72000.30316120917
2022-07-17 19:20:00,8981.761111212996,5356,0.27432302886509663,0.9823858828137647,1.4789698605668007,19,6,1,0,0,0,1,9039.83908506712,0.2743944073069395,0.0,63278.87359546984,0.75,0.7189280286150213,DISCOUNT,1.075,9717.827016447154,89710.28075435362,72328.91385819761
2022-07-17 19:25:00,9152.785694402,5371,0.27523129395855217,0.9823858828137647,1.4859210526639668,19,6,1,0,0,0,1,9104.892980519897,0.2753771222950453,0.0,63734.250863639274,0.75,0.7189280286150213,DISCOUNT,1.075,9787.759954058889,90780.54246486646,73191.81236229859
2022-07-17 19:30:00,9279.386111174997,5389,0.2758185612340912,0.9823858828137647,1.4904408457368408,19,6,1,0,0,0,1,9273.208785668681,0.27692927406605516,0.0,64912.461499680765,0.75,0.7189280286150213,DISCOUNT,1.075,9968.699444593833,92739.97494270082,74771.60479755256
2022-07-17 19:35:00,9388.218055783,5412,0.277440149355736,0.9823858828137647,1.4984098066113345,19,6,1,0,0,0,1,9341.300896077855,0.2769920841557965,0.0,65389.10627254499,0.75,0.7189280286150213,DISCOUNT,1.075,10041.898463283695,93920.44907933773,75723.36207021606
2022-07-17 19:40:00,9543.668750051995,5430,0.27790977064289496,0.9823858828137647,1.5098245613927122,19,6,1,0,0,0,1,9502.261221844787,0.2793241831338163,0.0,66515.8285529135,0.75,0.7189280286150213,DISCOUNT,1.075,10214.930813483144,96266.6022455878,77614.94806050515
2022-07-17 19:45:00,9555.953749868,5449,0.2794206569050586,0.9823858828137647,1.5149403958421055,19,6,1,0,0,0,1,9487.636096514318,0.2790635399869803,0.0,66413.45267560022,0.75,0.7189280286150213,DISCOUNT,1.075,10199.20880375289,96444.12054397204,77758.07218857745
2022-07-17 19:50:00,9532.649999991001,5464,0.27997850802082885,0.9823858828137647,1.5155195681093112,19,6,1,0,0,0,1,9549.53179002636,0.2786707460195933,0.0,66846.72253018452,0.75,0.7189280286150213,DISCOUNT,1.075,10265.746674278336,97110.4170717322,78295.27376408408
2022-07-17 19:55:00,9513.562361219,5478,0.2815490542839566,0.9823858828137647,1.5221401259271248,19,6,1,0,0,0,1,9527.938706013592,0.27880029411958845,0.0,66695.57094209515,0.75,0.7189280286150213,DISCOUNT,1.075,10242.534108964612,97314.10250901533,78459.49514789363
2022-07-17 20:00:00,9489.729722336002,5480,0.2807587129330898,0.9823858828137647,1.5269028340040476,20,6,1,0,0,0,1,9517.762911745998,0.28189352772360055,0.0,66624.34038222198,0.75,0.7189280286150213,DISCOUNT,1.075,10231.595130126947,97514.33775947163,78620.93481857401
2022-07-17 20:05:00,9475.983333375005,5483,0.28215377975269884,0.9823858828137647,1.5283400809716596,20,6,1,0,0,0,1,9456.538074820244,0.2817013458078939,0.0,66195.76652374171,0.75,0.7189280286150213,DISCOUNT,1.075,10165.778430431763,96978.25615878068,78188.71902801693
2022-07-17 20:10:00,9377.156250250002,5490,0.28240057802787133,0.9823858828137647,1.526366396732793,20,6,1,0,0,0,1,9428.983124445536,0.2835425716473596,0.0,66002.88187111875,0.75,0.7189280286150213,DISCOUNT,1.075,10136.156858778952,96570.80399257904,77860.21071901685
2022-07-17 20:15:00,9394.809027866004,5494,0.28320650837152156,0.9823858828137647,1.530375618538461,20,6,1,0,0,0,1,9397.061581978718,0.2839161206574559,0.0,65779.43107385102,0.75,0.7189280286150213,DISCOUNT,1.075,10101.841200627121,96496.66481871894,77800.43601009215
2022-07-17 20:20:00,9427.650000089005,5494,0.283588769205393,0.9823858828137647,1.5327260458785423,20,6,1,0,0,0,1,9428.173909287616,0.2843577618225958,0.0,65997.21736501332,0.75,0.7189280286150213,DISCOUNT,1.075,10135.286952484186,96964.84656172436,78177.90754039027
2022-07-17 20:25:00,9064.246389001011,5488,0.28234756446410403,0.9823858828137647,1.5345434098259103,20,6,1,0,0,0,1,9208.631342401057,0.2844285652590077,0.0,64460.419396807396,0.75,0.7189280286150213,DISCOUNT,1.075,9899.278693081136,94819.23727184278,76448.01005042324
2022-07-17 20:30:00,8887.941666705005,5497,0.2833898651001284,0.9823858828137647,1.5354251012024296,20,6,1,0,0,0,1,9034.12816742852,0.28386511825888605,0.0,63238.89717199964,0.75,0.7189280286150213,DISCOUNT,1.075,9711.68777998566,93075.86393983963,75042.41530149571
2022-07-17 20:35:00,8689.913888891007,5493,0.28283675802571123,0.9823858828137647,1.5320512820445342,20,6,1,0,0,0,1,8781.14582289473,0.2838934355856394,0.0,61468.02076026311,0.75,0.7189280286150213,DISCOUNT,1.075,9439.731759611836,90270.67379569057,72780.73074777552
2022-07-17 20:40:00,8604.038611242007,5512,0.28454700211814166,0.9823858828137647,1.5358434547854258,20,6,1,0,0,0,1,8561.369020934822,0.28353901026373757,0.0,59929.58314654376,0.75,0.7189280286150213,DISCOUNT,1.075,9203.471697504934,88229.20386108672,71134.79561300119
2022-07-17 20:45:00,8610.31666676301,5511,0.284740197405615,0.9823858828137647,1.5384615384412956,20,6,1,0,0,0,1,8488.620371961915,0.284573262848606,0.0,59420.34260373341,0.75,0.7189280286150213,DISCOUNT,1.075,9125.266899859058,87628.61490701359,70650.57076877971
2022-07-17 20:50:00,8601.830138871008,5534,0.28647244386706167,0.9823858828137647,1.5432557354736838,20,6,1,0,0,0,1,8502.513834809322,0.28476322200487636,0.0,59517.596843665255,0.75,0.7189280286150213,DISCOUNT,1.075,9140.20237242002,88045.55577336009,70986.72934227156
2022-07-17 20:55:00,8598.358333378004,5535,0.2867239763593018,0.9823858828137647,1.5450899684696355,20,6,1,0,0,0,1,8534.023343971245,0.2864354042833561,0.0,59738.16340779871,0.75,0.7189280286150213,DISCOUNT,1.075,9174.075094769089,88476.87839408746,71334.48320523303
2022-07-17 21:00:00,8570.056944255002,5545,0.28737393428700836,0.9654242631902832,1.5475865946518224,21,6,1,0,0,0,1,8547.332349390732,0.2866499141035871,0.0,59831.326445735125,0.75,0.7189280286150213,DISCOUNT,1.075,9188.382275595037,88758.0480129589,71561.17621044813
2022-07-17 21:05:00,8537.968750086,5550,0.28740648714842404,0.9654242631902832,1.5501461988259113,21,6,1,0,0,0,1,8530.384190424278,0.2873094701320528,0.0,59712.689332969945,0.75,0.7189280286150213,DISCOUNT,1.075,9170.163004706099,88728.56203636655,71537.40314182054
2022-07-17 21:10:00,8542.577083336,5570,0.28871557326098707,0.9654242631902832,1.5526450742226725,21,6,1,0,0,0,1,8545.792330460949,0.2872638540483264,0.0,59820.54631322664,0.75,0.7189280286150213,DISCOUNT,1.075,9186.72675524552,89032.12046196128,71782.1471224563
2022-07-17 21:15:00,8548.029861159002,5569,0.28831503150406107,0.9654242631902832,1.559514170052632,21,6,1,0,0,0,1,8538.05106705179,0.2901226500920244,0.0,59766.357469362534,0.75,0.7189280286150213,DISCOUNT,1.075,9178.404897080674,89345.00253670735,72034.40829522032
2022-07-17 21:20:00,8553.698055639004,5589,0.2894685587800201,0.9654242631902832,1.5638686459676114,21,6,1,0,0,0,1,8587.064621250249,0.28850104057376547,0.0,60109.45234875174,0.75,0.7189280286150213,DISCOUNT,1.075,9231.094467844017,90108.79789408523,72650.21830210622
2022-07-17 21:25:00,8555.858333384002,5608,0.2900911539962459,0.9654242631902832,1.564777327931174,21,6,1,0,0,0,1,8591.32204728489,0.29058599731170504,0.0,60139.25433099423,0.75,0.7189280286150213,DISCOUNT,1.075,9235.671200831257,90205.85686013408,72728.47209348311
2022-07-17 21:30:00,8762.273333390007,5647,0.29164714938619873,0.9654242631902832,1.5808097165951418,21,6,1,0,0,0,1,8651.915584958515,0.2906658755313217,0.0,60563.409094709605,0.75,0.7189280286150213,DISCOUNT,1.075,9300.809253830403,91772.81693072458,73991.83365039669
2022-07-17 21:35:00,8868.608333497004,5664,0.29224339427648105,0.9654242631902832,1.5890688259230776,21,6,1,0,0,0,1,8740.110361504172,0.2921998594894527,0.0,61180.772530529204,0.75,0.7189280286150213,DISCOUNT,1.075,9395.618638616985,93192.68330663991,75136.60091597843
2022-07-17 21:40:00,8868.608333497004,5669,0.29261972808952125,0.9654242631902832,1.5890688259230776,21,6,1,0,0,0,1,8904.077647714153,0.29271942354537317,0.0,62328.54353399907,0.75,0.7189280286150213,DISCOUNT,1.075,9571.883471292715,94941.0080696451,76546.18775615137
2022-07-17 21:45:00,8664.847083328003,5683,0.29270925601045084,0.9654242631902832,1.5918083670890697,21,6,1,0,0,0,1,8853.438156340773,0.2929498040451907,0.0,61974.06709438541,0.75,0.7189280286150213,DISCOUNT,1.075,9517.44601806633,94563.80383361659,76242.06684085337
2022-07-17 21:50:00,8567.483333146007,5685,0.292674882677329,0.9654242631902832,1.5931174088785431,21,6,1,0,0,0,1,8640.58146846408,0.29296813173530895,0.0,60484.07027924857,0.75,0.7189280286150213,DISCOUNT,1.075,9288.625078598887,92366.17196183307,74470.22614422793
2022-07-17 21:55:00,8567.483333146007,5698,0.2928269739952372,0.9654242631902832,1.5931174088785431,21,6,1,0,0,0,1,8552.49675159107,0.2929515343178482,0.0,59867.477261137494,0.75,0.7189280286150213,DISCOUNT,1.075,9193.9340079604,91424.56309724491,73711.05399715372
2022-07-17 22:00:00,8590.004166585,5721,0.2940905910587091,0.9654242631902832,1.6027395411255068,22,6,1,0,0,0,1,8601.741236508828,0.2929880185686962,0.0,60212.1886555618,0.75,0.7189280286150213,DISCOUNT,1.075,9246.87182924699,92506.34403808074,74583.23988070259
2022-07-17 22:05:00,8616.441666555002,5746,0.29481683694765737,0.9654242631902832,1.6140350876842102,22,6,1,0,0,0,1,8622.878546494001,0.2949524726344638,0.0,60360.14982545801,0.75,0.7189280286150213,DISCOUNT,1.075,9269.594437481052,93387.2169318878,75293.44365133456
2022-07-17 22:10:00,8616.441666555002,5767,0.2958489672691408,0.9654242631902832,1.6140350876842102,22,6,1,0,0,0,1,8624.71400513457,0.2965132430809637,0.0,60372.99803594199,0.75,0.7189280286150213,DISCOUNT,1.075,9271.567555519663,93407.09525596625,75309.47055012279
2022-07-17 22:15:00,8909.381944438002,5803,0.29889235625760774,0.9654242631902832,1.6338967611336026,22,6,1,0,0,0,1,8672.756066940276,0.2970333376369709,0.0,60709.29246858193,0.75,0.7189280286150213,DISCOUNT,1.075,9323.212771960796,95083.23201037738,76660.85580836676
2022-07-17 22:20:00,9049.358333252001,5827,0.30039131411977893,0.9654242631902832,1.643387314425101,22,6,1,0,0,0,0,8959.537725503646,0.3001421495019912,0.0,62716.76407852552,0.9502132242529868,0.9108465601014971,BASELINE,1.014936032724104,9093.357674164612,98797.90260692908,95281.2545007452
2022-07-17 22:25:00,9001.537083499003,5844,0.30242882193346593,0.9654242631902832,1.6479082321416998,22,6,1,0,0,0,0,9031.59281384428,0.3016177156402071,0.0,63221.14969690995,0.9524265734603107,0.9129682118111744,BASELINE,1.0142720279619069,9160.491959024022,99866.43914594674,96472.94080773798
2022-07-17 22:30:00,8977.983333495999,5860,0.30234592827339357,0.9654242631902832,1.6501349527894735,22,6,1,0,0,0,0,9002.364198928055,0.30347378457228946,0.0,63016.54939249638,0.9552106768584342,0.9156369717678056,BASELINE,1.0134367969424698,9123.327138671211,99677.75190837278,96492.61401314486
2022-07-17 22:35:00,8977.983333495999,5869,0.30250161392543584,0.9654242631902832,1.6501349527894735,22,6,1,0,0,0,0,8968.979544237127,0.30346744340897186,0.0,62782.85680965989,0.9552011651134578,0.9156278540877194,BASELINE,1.0134396504659626,9089.519494348042,99308.10375214453,96134.0911212721
2022-07-17 22:40:00,9058.522916871,5892,0.30336281309398794,0.9654242631902832,1.6614372469635632,22,6,1,0,0,0,0,8976.176523861754,0.30367758602338574,0.0,62833.23566703228,0.9555163790350786,0.9159300089187365,BASELINE,1.0133450862894764,9095.96437412226,100068.52986602242,96893.13802092776
2022-07-17 22:45:00,9098.775000137995,5907,0.30305541839910516,0.9654242631902832,1.6670040485829956,22,6,1,0,0,0,0,9044.89492881525,0.3039396302018425,0.0,63314.264501706755,0.9559094453027638,0.9163067907279925,BASELINE,1.013227166409171,9164.533259192156,101172.47469401095,97990.94623390368
2022-07-17 22:50:00,9295.398055564996,5936,0.30419096411410806,0.9654242631902832,1.67841767879757,22,6,1,0,0,0,0,9172.816776122387,0.303695114345085,0.0,64209.717432856705,0.9555426715176275,0.9159552121222649,BASELINE,1.0133371985447117,9295.156454679793,103305.8597166799,100029.7141533479
2022-07-17 22:55:00,9402.025000048001,5949,0.30437683719656994,0.9654242631902832,1.6855937921740898,22,6,1,0,0,0,0,9252.184221769541,0.3055694799417977,0.0,64765.28955238679,0.9583542199126965,0.9186502800489619,BASELINE,1.012493734026191,9367.778550597652,104645.21796379235,101540.14766026809
2022-07-17 23:00:00,9427.908333366002,5966,0.30560868905329214,0.9436887103562747,1.6880285650080977,23,6,1,0,0,0,0,9421.943632364811,0.3056180725309905,0.0,65953.60542655368,0.9584271087964857,0.9187201491976692,BASELINE,1.0124718673610542,9539.452863630995,106719.18145201096,103558.21101059725
2022-07-17 23:05:00,9442.966666745002,5970,0.3056374450190329,0.9436887103562747,1.689484930295548,23,6,1,0,0,0,0,9477.263863501259,0.3068087877903985,0.0,66340.84704450882,0.9602131816855978,0.9204322263458453,BASELINE,1.0119360454943207,9590.384916137691,107438.3888267677,104395.12446947744
2022-07-17 23:10:00,9438.691666708002,5979,0.30598105300046863,0.9436887103562747,1.6892712550809728,23,6,1,0,0,0,0,9455.48587342637,0.3068459069079283,0.0,66188.4011139846,0.9602688603618924,0.9204855982938245,BASELINE,1.0119193418914323,9568.189042301348,107177.94715710828,104146.37961063924
2022-07-17 23:15:00,9481.179166711001,6011,0.30744143597245494,0.9436887103562747,1.7041902834210538,23,6,1,0,0,0,0,9453.172837905982,0.30705491444758465,0.0,66172.20986534188,0.9605823716713769,0.9207861210507261,BASELINE,1.011825288498587,9564.959333941228,108098.053931163,105064.98850545016
2022-07-17 23:20:00,9503.066666824001,6020,0.30801909476710354,0.9436887103562747,1.7118758434089072,23,6,1,0,0,0,0,9491.412741832464,0.30806631915495086,0.0,66439.88919282725,0.9620994787324263,0.9222403754355236,BASELINE,1.0113701563802722,9599.331588976807,109024.804174923,106085.35375035825
2022-07-17 23:25:00,9503.066666824001,6035,0.3088960628227341,0.9436887103562747,1.7118758434089072,23,6,1,0,0,0,0,9492.83633402478,0.3089022986779477,0.0,66449.85433817346,0.9633534480169216,0.9234423936563849,BASELINE,1.0109939655949236,9597.20025007929,109041.15652037608,106200.03713973147
2022-07-17 23:30:00,9579.626389044,6039,0.30836636506346204,0.9436887103562747,1.7194849302388666,23,6,1,0,0,0,0,9552.359895449512,0.30978901595407354,0.0,66866.51926814659,0.9646835239311103,0.924717365462913,BASELINE,1.0105949428206669,9653.56660234423,110212.59872743532,107446.73538936759
2022-07-17 23:35:00,9618.483333522001,6056,0.3095572415282442,0.9436887103562747,1.7233468285506075,23,6,1,0,0,0,0,9594.149336265054,0.3092025416453682,0.0,67159.04535385538,0.9638038124680524,0.9238740998257313,BASELINE,1.0108588562595844,9698.330824840543,110943.3704722012,108088.75533933644
2022-07-17 23:40:00,9618.092500189001,6067,0.309989171832959,0.9436887103562747,1.7231207826680164,23,6,1,0,0,0,0,9610.12987100201,0.3103462753453735,0.0,67270.90909701407,0.9655194130180602,0.925518624254142,BASELINE,1.010344176094582,9709.538746679456,111113.58743332975,108392.07298601198
2022-07-17 23:45:00,9821.533333336001,6101,0.31155546991414657,0.9436887103562747,1.7379948267327938,23,6,1,0,0,0,0,9802.575406769996,0.3111846695772657,0.0,68618.02784738998,0.9667770043658985,0.9267241144788149,BASELINE,1.0099668986902304,9900.276682752617,114317.01175615609,111620.59042983453
2022-07-17 23:50:00,9915.900000194,6143,0.31400765513672413,0.9436887103562747,1.744939271194332,23,6,1,0,0,0,0,9810.30604180402,0.3128451414698499,0.0,68672.14229262814,0.9692677122047748,0.9291116340474272,BASELINE,1.0092196863385676,9900.753986394808,114864.29859756376,112360.72283394699
2022-07-17 23:55:00,9916.300555744001,6183,0.3164872044466661,0.9436887103562747,1.7451709401093116,23,6,1,0,0,0,0,9882.169136606208,0.3155333032729747,0.0,69175.18395624345,0.9732999549094621,0.9329768237788648,BASELINE,1.0080100135271615,9961.325445068122,115721.07186734788,113533.49237953112
2022-07-18 00:00:00,10962.421944198999,6258,0.3209708302681388,0.9113355127287446,1.7818061178097166,0,0,0,0,1,0,0,10810.062613775857,0.31896638754753853,0.0,75670.438296431,0.9784495813213078,0.9379131047980276,BASELINE,1.0064651256036077,10879.95102635678,129244.13595773776,127276.44319895255
2022-07-18 00:05:00,12022.796666627994,6322,0.32483065628039565,0.9113355127287446,1.8190553306032382,0,0,0,0,1,0,0,11803.050424118046,0.32461651989278223,0.0,82621.35296882632,0.9869247798391734,0.9460371818147877,BASELINE,1.003922566048248,11849.34866897745,144066.28724546416,142740.3094175419
2022-07-18 00:10:00,12022.983333297994,6393,0.3285373418991572,0.9113355127287446,1.8191632928137644,0,0,0,0,1,0,0,12481.805285629029,0.3276083868121393,0.0,87372.6369994032,0.9914125802182089,0.9503390557872113,BASELINE,1.0025762259345372,12513.96123611571,152360.11080785881,151440.8739641242
2022-07-18 00:15:00,13639.126111042993,6473,0.3323215934050357,0.9113355127287446,1.8711302293927117,0,0,0,0,1,0,0,12689.991558661344,0.33062323301662966,0.0,88829.9409106294,0.9959348495249445,0.9546739706639549,BASELINE,1.0012195451425165,12705.467576225286,159326.3256399153,158872.15591636932
2022-07-18 00:20:00,14320.423889059,6512,0.33503181330729437,0.9113355127287446,1.8928227620161944,0,0,0,0,1,0,0,13693.433433038346,0.3349569052621697,0.0,95854.03403126843,1.0024353578932546,0.9609051675522543,BASELINE,0.9992693926320236,13683.428909679275,173917.98580910297,174214.16313616026
2022-07-18 00:25:00,14649.948888695006,6573,0.33755933694527657,0.9113355127287446,1.9030724245910926,0,0,0,0,1,0,0,14335.100553843808,0.3356970344835559,0.0,100345.70387690666,1.0035455517253338,0.9619693668363574,BASELINE,0.9989363344823998,14319.852801693352,183053.59073838504,183507.21857396569
2022-07-18 00:30:00,14824.900000156997,6583,0.3387208775612832,0.9113355127287446,1.908569500619433,0,0,0,0,1,0,0,14779.979316463461,0.3385653535960366,0.0,103459.85521524423,1.007848030394055,0.9660935968463065,BASELINE,0.9976455908817835,14745.181198393728,189279.68214460678,190316.01562305423
2022-07-18 00:35:00,14814.800000156998,6599,0.3397054053342774,0.9113355127287446,1.9083423301295546,0,0,0,0,1,0,0,14887.362175971934,0.3391890066065232,0.0,104211.53523180353,1.0087835099097848,0.9669903201050444,BASELINE,0.9973649470270646,14848.133188010972,190632.1868441986,191799.86845117313
2022-07-18 00:40:00,15146.936389388,6614,0.34001334448371867,0.9113355127287446,1.9203317588906883,0,0,0,0,1,0,0,15003.745470144799,0.3391951679239779,0.0,105026.21829101359,1.008792751885967,0.9669991791926672,BASELINE,0.9973621744342099,14964.168206761044,193329.50754118318,194514.95238017745
2022-07-18 00:45:00,15307.98333356,6848,0.35027541516037747,0.9113355127287446,1.9261133602834009,0,0,0,0,1,0,0,15244.840600199755,0.3389070853040117,0.0,106713.8842013983,1.0083606279560176,0.966584957852566,BASELINE,0.9974918116131948,15206.603668047637,197027.53489091102,198176.49495902416
2022-07-18 00:50:00,15250.91777803,6849,0.35028916833319057,0.9113355127287446,1.9240587044210522,0,0,0,0,1,0,0,15320.884060072374,0.35021414795669914,0.0,107246.18842050662,1.0253212219350487,0.9828428863772123,BASELINE,0.9924036334194853,15204.501008414501,197799.111704619,201267.02583130964
2022-07-18 00:55:00,15303.261667275003,7083,0.3615460194598878,0.9113355127287446,1.9242420152834008,0,0,0,0,1,0,0,15246.849680282123,0.3499866518338752,0.0,106727.94776197486,1.0249799777508128,0.9825157796990136,BASELINE,0.9925060066747561,15132.589890547091,196862.05031235085,200267.524524304
2022-07-18 01:00:00,15367.139861026006,6861,0.3513235190855425,0.9113355127287446,1.9264698605222668,1,0,0,0,1,0,0,15286.998724025138,0.36200271882083307,0.0,107008.99106817596,1.0430040782312497,0.9997931544002929,BASELINE,0.987098776530625,15089.77773731044,197608.96362977233,203447.9230763602
2022-07-18 01:05:00,15344.066666761004,6865,0.3516569387757257,0.9113355127287446,1.9278002698866392,1,0,0,0,1,0,0,15236.942876766352,0.35141080824678433,0.0,106658.60013736447,1.0271162123701765,0.9845635116237579,BASELINE,0.991865136288947,15112.992423090758,197097.9323642059,200795.6397575047
2022-07-18 01:10:00,15329.134166764,6645,0.342311321705359,0.9113355127287446,1.9291363022753036,1,0,0,0,1,0,0,15285.129952990108,0.3516331569336923,0.0,106995.90967093076,1.0274497354005385,0.9848832170300458,BASELINE,0.9917650793798385,15159.258121158382,197858.28541943748,201615.37057497512
2022-07-18 01:15:00,15107.216666686005,6627,0.33983738739099245,0.9113355127287446,1.9226776877773275,1,0,0,0,1,0,0,15182.466775976867,0.34199064003175217,0.0,106277.26743183807,1.0129859600476283,0.9710186656956481,BASELINE,0.9961042119857115,15123.319103883683,195871.3957864778,197641.9912294334
2022-07-18 01:20:00,15007.941666617999,6623,0.3391922605433081,0.9113355127287446,1.9193657219554652,1,0,0,0,1,0,0,15048.780769359606,0.3381697336206031,0.0,105341.46538551724,1.0072546004309046,0.9655247522682682,BASELINE,0.9978236198707287,15016.028901923411,193812.25837697435,194793.41966534327
2022-07-18 01:25:00,14777.903333501003,6598,0.3374992133715431,0.9113355127287446,1.9117948717611333,1,0,0,0,1,0,0,14776.36897253886,0.3380061616793245,0.0,103434.58280777202,1.0070092425189867,0.9652895593617079,BASELINE,0.997897227244304,14745.297626435293,189553.2397926844,190480.48323659078
2022-07-18 01:30:00,14662.983333537,6589,0.3370760697513222,0.9113355127287446,1.9080071974453434,1,0,0,0,1,0,0,14613.840335529469,0.3368101760218639,0.0,102296.88234870628,1.0052152640327958,0.9635699041397678,BASELINE,0.9984354207901612,14590.975824764597,187096.88589611847,187778.39100460467
2022-07-18 01:35:00,14659.650000207,6567,0.3354689547539981,0.9113355127287446,1.9078947368056676,1,0,0,0,1,0,0,14494.554406031255,0.33664653180051374,0.0,101461.88084221879,1.0049697977007706,0.9633346073048689,BASELINE,0.9985090606897689,14472.943905083019,185558.76396405153,186202.92169840136
2022-07-18 01:40:00,14283.788750353999,6561,0.3363043428312708,0.9113355127287446,1.8998380566599185,1,0,0,0,1,0,0,14445.596019142482,0.33468596442703785,0.0,101119.17213399737,1.0020289466405568,0.960515593631309,BASELINE,0.9993913160078329,14436.803216088318,184151.067448387,184412.3829069079
2022-07-18 01:45:00,14093.025000178997,6542,0.33526064919835313,0.9113355127287446,1.8957489878421048,1,0,0,0,1,0,0,14183.32085177312,0.33585292843161496,0.0,99283.24596241183,1.0037793926474223,0.9621935198938595,BASELINE,0.9988661822057733,14167.239550210154,180418.45213803888,180894.98953926636
2022-07-18 01:50:00,14092.632222399,6531,0.3346135681066999,0.9113355127287446,1.8955218173522261,1,0,0,0,1,0,0,14018.314926119969,0.33471227771133655,0.0,98128.20448283978,1.0020684165670048,0.9605534283465236,BASELINE,0.9993794750298985,14009.616211669565,178298.13155641482,178556.059076451
2022-07-18 01:55:00,13641.727916851994,6506,0.3332950437766921,0.9113355127287446,1.8851686909473677,1,0,0,0,1,0,0,13813.362585931927,0.3343302867922136,0.0,96693.53810152349,1.0014954301883203,0.9600041803896556,BASELINE,0.9995513709435039,13807.165510107961,174731.74830541175,174914.5404709208
2022-07-18 02:00:00,13439.233333434995,6502,0.3332133298442812,0.9113355127287446,1.8805668015587045,2,0,0,0,1,0,0,13566.075189553429,0.3328650654518821,0.0,94962.526326874,0.9992975981778232,0.9578974030102774,BASELINE,1.000210720546653,13568.933840333308,171184.79107010862,171100.5973765392
2022-07-18 02:05:00,13228.405000071,6485,0.3325387096315303,0.9113355127287446,1.8743724696113357,2,0,0,0,1,0,0,13312.406398050138,0.33282874910991594,0.0,93186.84478635096,0.9992431236648739,0.9578451853380048,BASELINE,1.0002270629005379,13315.429151660019,167430.5316456319,167341.79592623975
2022-07-18 02:10:00,13129.191666585999,6478,0.33186228384648697,0.9113355127287446,1.8714574898340075,2,0,0,0,1,0,0,13192.350202597909,0.3321713526385129,0.0,92346.45141818536,0.9982570289577694,0.9568999438395963,BASELINE,1.0005228913126691,13199.248367912536,165662.54553306135,165460.27303704654
2022-07-18 02:15:00,13129.191666585999,6467,0.33115123519733874,0.9113355127287446,1.8714574898340075,2,0,0,0,1,0,0,13083.763562023027,0.3311978030867215,0.0,91586.34493416118,0.9967967046300822,0.9555001197195394,BASELINE,1.0009609886109754,13096.336909794825,164298.97202172625,163930.05755975962
2022-07-18 02:20:00,12946.413889059004,6464,0.3309658070115132,0.9113355127287446,1.8656095366396759,2,0,0,0,1,0,0,12986.942129054929,0.3308081818354973,0.0,90908.59490338451,0.996212272753246,0.9549399004434412,BASELINE,1.0011363181740263,13001.699427421201,162573.53557062373,162141.7868966369
2022-07-18 02:25:00,12855.025000015003,6451,0.33036820727128713,0.9113355127287446,1.8626855600364365,2,0,0,0,1,0,0,12915.25992088664,0.33112462444850044,0.0,90406.81944620647,0.9966869366727507,0.9553948993713135,BASELINE,1.0009939189981747,12928.096643088373,161422.80546587444,161047.9111301619
2022-07-18 02:30:00,12855.025000015003,6439,0.32996003316421446,0.9113355127287446,1.8626855600364365,2,0,0,0,1,0,0,12734.627412683521,0.3297069006833502,0.0,89142.39188878465,0.9945603510250253,0.9533564166681132,BASELINE,1.0016318946924925,12755.408983569148,159165.15007131823,158557.67539093358
2022-07-18 02:35:00,12440.961666598005,6425,0.32947810226878577,0.9113355127287446,1.850985155157894,2,0,0,0,1,0,0,12555.163772651846,0.3291656459901964,0.0,87886.14640856293,0.9937484689852946,0.9525781703290578,BASELINE,1.0018754593044117,12578.710471367678,155936.40229784604,155252.1851440429
2022-07-18 02:40:00,12246.108333250997,6410,0.3290129611931397,0.9113355127287446,1.8454790822995941,2,0,0,0,1,0,0,12305.388626947592,0.32861422262444395,0.0,86137.72038863314,0.9929213339366659,0.9517853029025125,BASELINE,1.0021235998190001,12331.520348008504,152379.53830271724,151622.1969882265
2022-07-18 02:45:00,12246.108333250997,6398,0.32871743114772906,0.9113355127287446,1.8454790822995941,2,0,0,0,1,0,0,12195.647850423928,0.3284360835313024,0.0,85369.53495296749,0.9926541252969536,0.9515291645284095,BASELINE,1.002203762410914,12222.524160733436,151020.60122509924,150241.5915287258
2022-07-18 02:50:00,12115.01166658,6380,0.3274470967137269,0.9113355127287446,1.8377935221902828,2,0,0,0,1,0,0,12137.078399695094,0.328160969214832,0.0,84959.54879786566,0.992241453822248,0.9511335897420419,BASELINE,1.0023275638533256,12165.328224663202,149669.4166459823,148853.86188276845
2022-07-18 02:55:00,12050.441666576999,6374,0.3274348404547743,0.9113355127287446,1.834008097089068,2,0,0,0,1,0,0,12048.94307755847,0.32703469589242146,0.0,84342.60154290928,0.9905520438386322,0.9495141708233171,BASELINE,1.0028343868484104,12083.094443354747,148276.52304773076,147291.9152639367
2022-07-18 03:00:00,12031.670833122003,6368,0.3271284791590316,0.9113355127287446,1.833587494287449,3,0,0,0,1,0,0,12018.357788491885,0.3272087741442295,0.0,84128.5045194432,0.9908131612163442,0.9497644702921114,BASELINE,1.0027560516350966,12051.481003126035,147866.21609882862,146911.57605245904
2022-07-18 03:05:00,11884.816666668998,6366,0.32699005506812284,0.9113355127287446,1.8302968960040484,3,0,0,0,1,0,0,11941.396632370957,0.3269384687882503,0.0,83589.7764265967,0.9904077031823755,0.949375810098715,BASELINE,1.0028776890452873,11975.760258645361,146655.67025641946,145666.88672163695
2022-07-18 03:10:00,11884.816666668998,6363,0.3267048814639152,0.9113355127287446,1.8302968960040484,3,0,0,0,1,0,0,11815.770387032564,0.32681106880198707,0.0,82710.39270922795,0.9902166032029807,0.9491926272567754,BASELINE,1.0029350190391058,11850.449898080207,145112.81879782575,144114.8645615516
2022-07-18 03:15:00,11761.959028168,6353,0.3261620978767774,0.9113355127287446,1.8268387313805672,3,0,0,0,1,0,0,11793.273336684919,0.3266419464021631,0.0,82552.91335679444,0.9899629196032447,0.9489494535897752,BASELINE,1.0030111241190265,11828.784346471282,144562.87189357347,143542.81036778737
2022-07-18 03:20:00,11705.024999957997,6351,0.325873014981078,0.9113355127287446,1.8252361672712543,3,0,0,0,1,0,0,11700.75671516659,0.325512401040268,0.0,81905.29700616613,0.9882686015604021,0.9473253299492583,BASELINE,1.0035194195318793,11741.936586887716,143302.97532956008,142120.25766665098
2022-07-18 03:25:00,11697.431666706998,6344,0.3249592379929841,0.9113355127287446,1.8234008096639676,3,0,0,0,1,0,0,11677.401861114182,0.3252042934484173,0.0,81741.81302779928,0.9878064401726259,0.9468823155820371,BASELINE,1.0036580679482123,11720.118590580718,142873.13082211252,141647.26553674898
2022-07-18 03:30:00,11723.580555584998,6342,0.3245861357280204,0.9113355127287446,1.8223121906680158,3,0,0,0,1,0,0,11701.574800507027,0.3241849136000067,0.0,81911.0236035492,0.9862773704000101,0.9454165940923818,BASELINE,1.004116788879997,11749.747713524206,143083.41133170883,141700.8916374541
2022-07-18 03:35:00,11816.726666687995,6341,0.3245645834504775,0.9113355127287446,1.8228879891457483,3,0,0,0,1,0,0,11740.744356905665,0.3241824954673352,0.0,82185.21049833966,0.9862737432010028,0.9454131171656728,BASELINE,1.0041178770396992,11789.091298521946,143607.7267316008,142219.77201184008
2022-07-18 03:40:00,11828.553333444997,6341,0.32450736652602935,0.9113355127287446,1.8216295546032386,3,0,0,0,1,0,0,11754.47439896991,0.32436407331096573,0.0,82281.32079278938,0.9865461099664485,0.9456741999679957,BASELINE,1.0040361670100655,11801.917420759693,143676.41085811335,142315.50427804436
2022-07-18 03:45:00,11936.686111252999,6347,0.32467096378333726,0.9113355127287446,1.822935222619433,3,0,0,0,1,0,0,11879.2144712746,0.32431436238560307,0.0,83154.5012989222,0.9864715435784046,0.9456027228128525,BASELINE,1.0040585369264787,11927.426701863827,145305.198468854,143921.19184769216
2022-07-18 03:50:00,11912.224722231995,6354,0.32559535436828274,0.9113355127287446,1.8227507871457491,3,0,0,0,1,0,0,11915.156331448054,0.3243734608956452,0.0,83406.09432013637,0.9865601913434678,0.94568769796349,BASELINE,1.0040319425969597,11963.197557810254,145730.0894751116,144351.18341213223
2022-07-18 03:55:00,11951.705555648994,6357,0.32583980544241076,0.9113355127287446,1.8242746288056684,3,0,0,0,1,0,0,11933.758499102398,0.3256086655069226,0.0,83536.30949371678,0.9884129982603839,0.9474637443957336,BASELINE,1.0034761005218849,11975.241443249175,146079.62837037555,144888.9072004143
2022-07-18 04:00:00,12044.441110767993,6354,0.3257283994965952,0.9113355127287446,1.825457714748988,4,0,0,0,1,0,0,12048.465131770772,0.3257028154046442,0.0,84339.2559223954,0.9885542231069663,0.9475991183964602,BASELINE,1.0034337330679102,12089.836344911297,147579.38450114639,146391.1718778549
2022-07-18 04:05:00,12092.908333308991,6355,0.32589501028499396,0.9113355127287446,1.826036887036437,4,0,0,0,1,0,0,12135.441488980414,0.3257058778125758,0.0,84948.0904228629,0.9885588167188637,0.9476035216982543,BASELINE,1.003432354984341,12177.094632062293,148691.90282652207,147495.21574653225
2022-07-18 04:10:00,12088.563333215996,6352,0.3254845144878374,0.9113355127287446,1.8255668015668016,4,0,0,0,1,0,0,12159.78864178975,0.3257211770828298,0.0,85118.52049252825,0.9885817656242447,0.9476255198466602,BASELINE,1.0034254703127266,12201.44163679123,148951.86587327122,147755.502824651
2022-07-18 04:15:00,12110.106110710993,6355,0.325409995323019,0.9113355127287446,1.8256905082429147,4,0,0,0,1,0,0,12159.705734358908,0.3255397842225921,0.0,85117.94014051235,0.9883096763338881,0.9473647030238291,BASELINE,1.0035070970998337,12202.35100307471,148960.94371621567,147735.85529959813
2022-07-18 04:20:00,12123.608333245993,6355,0.32508238521198796,0.9113355127287446,1.8259109311052628,4,0,0,0,1,0,0,12210.94879761091,0.3255235961737987,0.0,85476.64158327637,0.9882853942606981,0.9473414269398168,BASELINE,1.0035143817217906,12253.862732870955,149606.75084548094,148373.78272448172
2022-07-18 04:25:00,12083.753055564994,6351,0.3248118435421976,0.9113355127287446,1.8241205577489878,4,0,0,0,1,0,0,12184.866652790293,0.32508838745089635,0.0,85294.06656953205,0.9876325811763446,0.9467156594414324,BASELINE,1.0037102256470967,12230.07525755193,149140.81460854324,147842.83030329898
2022-07-18 04:30:00,12063.524999985992,6351,0.32456295560733506,0.9113355127287446,1.8232118757773275,4,0,0,0,1,0,0,12094.103211728141,0.32453365567323245,0.0,84658.72248209699,0.9868004835098487,0.9459180349947803,BASELINE,1.0039598549470454,12141.99410616118,147956.14385117232,146581.34576178557
2022-07-18 04:35:00,12063.524999985992,6352,0.3246933211229472,0.9113355127287446,1.8232118757773275,4,0,0,0,1,0,0,12065.575494494264,0.32440269725496435,0.0,84459.02846145985,0.9866040458824465,0.9457297356398283,BASELINE,1.004018786235266,12114.0644632121,147607.14310585798,146215.0596435171
2022-07-18 04:40:00,12153.222222489992,6355,0.3248961822844762,0.9113355127287446,1.8251956814736836,4,0,0,0,1,0,0,12096.47009423618,0.32440907447542655,0.0,84675.29065965326,0.9866136117131399,0.9457389051648982,BASELINE,1.004015916486058,12145.048507910731,148146.11974113923,146749.95657313472
2022-07-18 04:45:00,12200.816666765997,6359,0.3251895554312735,0.9113355127287446,1.8262483130121459,4,0,0,0,1,0,0,12180.80317205859,0.32456488846249526,0.0,85265.62220441013,0.9868473326937429,0.9459629432500061,BASELINE,1.003945800191877,12228.866187552116,149264.98634812763,147882.976930003
2022-07-18 04:50:00,12200.816666765997,6360,0.32512310524882215,0.9113355127287446,1.8262483130121459,4,0,0,0,1,0,0,12200.74886335092,0.32535322012492884,0.0,85405.24204345644,0.9880298301873933,0.9470964507059425,BASELINE,1.003591050943782,12244.562374071504,149509.4031814349,148250.21938527466
2022-07-18 04:55:00,12305.512778072993,6368,0.3256663017882304,0.9113355127287446,1.8287100764210522,4,0,0,0,1,0,0,12234.959690981412,0.3253515712677671,0.0,85644.71783686988,0.9880273569016507,0.9470940798866849,BASELINE,1.0035917929295048,12278.905132692256,150130.72886630584,148866.04961194698
2022-07-18 05:00:00,12358.650000015992,6374,0.3259230440707787,0.9113355127287446,1.8299595140809715,5,0,0,0,1,0,0,12359.64761930341,0.32571675922353355,0.0,86517.53333512388,0.9885751388353003,0.9476191676009111,BASELINE,1.0034274583494098,12402.009796731956,151764.348796539,150544.6853420583
2022-07-18 05:05:00,12358.650000015992,6382,0.32643968238198173,0.9113355127287446,1.8299595140809715,5,0,0,0,1,0,0,12365.622907111008,0.32577051026036813,0.0,86559.36034977705,0.9886557653905522,0.9476964538548062,BASELINE,1.0034032703828344,12407.706465316078,151837.71946946788,150626.11949651083
2022-07-18 05:10:00,12521.677777389994,6392,0.3269572850239896,0.9113355127287446,1.8367071524493923,5,0,0,0,1,0,0,12436.901799535046,0.3256923820358752,0.0,87058.31259674532,0.9885385730538128,0.9475841167139784,BASELINE,1.0034384280838562,12479.66519195873,153276.05521635574,152040.28109887082
2022-07-18 05:15:00,12603.191666663994,6402,0.32770002355596944,0.9113355127287446,1.8400809715910933,5,0,0,0,1,0,0,12575.653327874517,0.32695917608399,0.0,88029.57329512162,0.990438764125985,0.9494055842093231,BASELINE,1.0028683707622046,12611.724964195813,155270.7616090234,154227.29701882126
2022-07-18 05:20:00,12571.247222156993,6401,0.3279468415926371,0.9113355127287446,1.8378317588502022,5,0,0,0,1,0,0,12609.222790712967,0.32771083109169763,0.0,88264.55953499077,0.9915662466375464,0.9504863559151029,BASELINE,1.002530126008736,12641.125713245698,155494.9405619347,154573.63835509613
2022-07-18 05:25:00,12581.681666656998,6403,0.3285296366355416,0.9113355127287446,1.8369365721417004,5,0,0,0,1,0,0,12588.154552457721,0.32812607187921294,0.0,88117.08186720405,0.9921891078188194,0.9510834123966407,BASELINE,1.0023432676543542,12617.651967848507,155159.51713467343,154308.3232668685
2022-07-18 05:30:00,12594.108333329996,6411,0.3291253278304438,0.9113355127287446,1.8370445343441295,5,0,0,0,1,0,0,12590.78974612191,0.3287777674078386,0.0,88135.52822285338,0.9931666511117578,0.9520204567599448,BASELINE,1.0020500046664726,12616.600923856036,155201.11919054447,154456.5646949429
2022-07-18 05:35:00,13015.643471771991,6419,0.32961313934866243,0.9113355127287446,1.846632928441295,5,0,0,0,1,0,0,12793.439360864186,0.32919927316297504,0.0,89554.0755260493,0.9937989097444626,0.9526265213631252,BASELINE,1.0018603270766613,12817.239342510826,158522.19699959696,157832.26096286776
2022-07-18 05:40:00,13217.650000123991,6429,0.3303466174267033,0.9113355127287446,1.851214574854251,5,0,0,0,1,0,0,13112.808791260995,0.32947072064002314,0.0,91789.66153882697,0.9942060809600347,0.9530168237622185,BASELINE,1.0017381757119896,13135.601157017929,162882.59568208852,162220.34531532423
2022-07-18 05:45:00,13394.852083651995,6441,0.3313383590730884,0.9113355127287446,1.8550955914979756,5,0,0,0,1,0,0,13306.028529915848,0.3304526973501046,0.0,93142.19970941094,0.9956790460251569,0.954428764922868,BASELINE,1.001296286192453,13323.276950975564,165629.21209682795,165127.3110339966
2022-07-18 05:50:00,13507.178333376993,6457,0.3325197469348493,0.9113355127287446,1.856950067404859,5,0,0,0,1,0,0,13463.826572494649,0.3313072974807501,0.0,94246.78600746254,0.9969609462211252,0.9556575568972263,BASELINE,1.0009117161336625,13476.101760401625,167760.96940259277,167403.6203525477
2022-07-18 05:55:00,13520.191666673993,6472,0.33376750678025907,0.9113355127287446,1.8569500674089072,5,0,0,0,1,0,0,13513.417190049919,0.3323043196795343,0.0,94593.92033034943,0.9984564795193014,0.9570911313049408,BASELINE,1.0004630561442096,13519.674660909039,168378.87472352758,168196.82700781908
2022-07-18 06:00:00,13786.581667060995,6480,0.3346800317221223,0.9113355127287446,1.862762033218623,6,0,0,0,0,0,0,13721.403571367135,0.3339412600588571,0.0,96049.82499956994,1.0009118900882856,0.9594448159446746,BASELINE,0.9997264329735144,13717.649847792907,171505.52202595066,171614.95517159352
2022-07-18 06:05:00,14107.816666661993,6487,0.33564541398372494,0.9113355127287446,1.8697705802388667,6,0,0,0,0,0,0,13918.296239998046,0.335077548545816,0.0,97428.07367998632,1.002616322818724,0.9610786352284092,BASELINE,0.9992151031543828,13907.371813182906,174621.04796911913,174940.49489989807
2022-07-18 06:10:00,14107.816666661993,6491,0.33632611879957636,0.9113355127287446,1.8697705802388667,6,0,0,0,0,0,0,14081.699995746818,0.3353353973008684,0.0,98571.89997022772,1.0030030959513025,0.9614493846227106,BASELINE,0.9990990712146092,14069.013386873412,176671.1361824265,177042.0504469604
2022-07-18 06:15:00,14108.910833654994,6471,0.3354045366658652,0.9113355127287446,1.8634098065101206,6,0,0,0,0,0,0,14128.930051116606,0.33594775272956817,0.0,98902.51035781624,1.0039216290943522,0.9623298635850442,BASELINE,0.9988235112716943,14112.307524168447,176660.6581291059,177144.8013642884
2022-07-18 06:20:00,14109.441666581994,6466,0.33527728496719905,0.9113355127287446,1.860323886619433,6,0,0,0,0,0,0,14129.039057200327,0.33509689618026556,0.0,98903.2734004023,1.0026453442703982,0.9611064543417955,BASELINE,0.9992063967188806,14117.826205445468,176369.45803966912,176695.67833246978
2022-07-18 06:25:00,14109.441666581994,6464,0.33526189954402935,0.9113355127287446,1.860323886619433,6,0,0,0,0,0,0,14132.716197748607,0.33513653367572344,0.0,98929.01338424024,1.0027048005135852,0.9611634473547332,BASELINE,0.9991885598459245,14121.2483443396,176415.3589167925,176748.989570612
2022-07-18 06:30:00,14198.411250035995,6448,0.3346740841264204,0.9113355127287446,1.8565193432469635,6,0,0,0,0,0,0,14163.730649019592,0.3348235733133784,0.0,99146.11454313714,1.0022353599700677,0.9607134554020625,BASELINE,0.9993293920089796,14154.232338063699,176440.9266610872,176716.74845644835
2022-07-18 06:35:00,14243.168055611997,6440,0.33434812860343904,0.9113355127287446,1.8543578497287452,6,0,0,0,0,0,0,14231.476023196637,0.334284467788555,0.0,99620.33216237646,1.0014267016828324,0.9599382992577089,BASELINE,0.9995719894951502,14225.384801959191,177078.43894774475,177255.17749076916
2022-07-18 06:40:00,14242.983333388996,6426,0.333904306225383,0.9113355127287446,1.8542510121214575,6,0,0,0,0,0,0,14199.774352089475,0.3329109414152973,0.0,99398.42046462632,0.999366412122946,0.9579633660421552,BASELINE,1.0001900763631162,14202.47339355539,176673.80402582584,176595.42588268896
2022-07-18 06:45:00,14329.653055749994,6386,0.3315866208906299,0.9113355127287446,1.8314215024412954,6,0,0,0,0,0,0,14196.653172527753,0.33248684183444505,0.0,99376.57220769426,0.9987302627516675,0.9573535718909579,BASELINE,1.0003809211744998,14202.0609783282,174460.24325101142,174305.09580141352
2022-07-18 06:50:00,14371.066666708992,6344,0.33005674361366244,0.9113355127287446,1.8205128205101213,6,0,0,0,0,0,0,14234.832750240917,0.33018711305457965,0.0,99643.82925168642,0.9952806695818694,0.9540468929348422,BASELINE,1.001415799125439,14254.98641399948,173887.4756461434,173311.87107822977
2022-07-18 06:55:00,14371.066666708992,6307,0.32812031469465536,0.9113355127287446,1.8205128205101213,6,0,0,0,0,0,0,14359.463060634875,0.3269929031871259,0.0,100516.24142444412,0.9904893547806889,0.94945407892886,BASELINE,1.0028531935657934,14400.433388247726,175409.9136293388,174237.37073695008
2022-07-18 07:00:00,14286.95625015899,6239,0.32253034798824903,0.9336648577327932,1.7946659918704448,7,0,0,0,0,0,0,14309.195163976743,0.322494933580127,0.0,100164.3661478372,0.9837424003701905,0.9429866460841999,BASELINE,1.004877279888943,14378.985113776966,172314.18589985673,170339.53208317017
2022-07-18 07:05:00,14192.108333385995,6185,0.320471184829497,0.9336648577327932,1.765519568182186,7,0,0,0,0,0,0,14189.181052479094,0.3193897900344892,0.0,99324.26736735366,0.9790846850517338,0.9385218966285359,BASELINE,1.0062745944844798,14278.212409650265,168093.94044280236,165610.86422070867
2022-07-18 07:10:00,14172.308333385996,6130,0.31829086772185766,0.9336648577327932,1.7650742240526316,7,0,0,0,0,0,0,14151.919101271133,0.3164287882087573,0.0,99063.43370889792,0.974643182313136,0.934264402217938,BASELINE,1.0076070453060593,14259.573391042188,167610.22242297395,164602.84871320508
2022-07-18 07:15:00,14028.100972499993,6044,0.3143156013684751,0.9336648577327932,1.7233468286194327,7,0,0,0,0,0,0,14129.886353627202,0.3137304218664403,0.0,98909.20447539042,0.9705956327996604,0.9303845398280118,BASELINE,1.0088213101601018,14254.530463679537,163393.0389844685,159987.52903260832
2022-07-18 07:20:00,13965.99999997,5993,0.31226206370565424,0.9336648577327932,1.7041160593603246,7,0,0,0,0,0,0,14081.669816562142,0.31137584783954186,0.0,98571.68871593499,0.9670637717593128,0.9269990013012394,BASELINE,1.0098808684722063,14220.808943888629,161018.40425873635,157253.66542493546
2022-07-18 07:25:00,13782.820694275002,5897,0.30743506229613937,0.9336648577327932,1.6716981556396775,7,0,0,0,0,0,0,13847.66004306302,0.31039571112103487,0.0,96933.62030144114,0.9655935666815523,0.9255897057836205,BASELINE,1.0103219299955344,13990.594620629476,155330.3957493669,151534.17615638548
2022-07-18 07:30:00,13695.291666978,5837,0.30431225812636203,0.9336648577327932,1.6562078272226723,7,0,0,0,0,0,0,13631.094516509076,0.3034566559360271,0.0,95417.66161556353,0.9551849839040407,0.9156123432544037,BASELINE,1.013444504828788,13814.357832557947,151484.34527223936,146640.93221569966
2022-07-18 07:35:00,13231.954166152997,5751,0.2979960835940917,0.9336648577327932,1.609410706242916,7,0,0,0,0,0,1,13474.257610360508,0.30125667368955905,0.0,94319.80327252355,0.9518850105343386,0.912449085455521,BASELINE,1.0144344968396983,13668.751739254538,145510.36314009936,140508.44320097248
2022-07-18 07:40:00,13009.929722406005,5657,0.294394463205294,0.9336648577327932,1.5880769230769236,7,0,0,0,0,0,1,13105.456684303757,0.2948532857638284,0.0,91738.1967901263,0.75,0.7189280286150213,DISCOUNT,1.075,14088.365935626538,139651.59058094127,112594.09490588389
2022-07-18 07:45:00,13011.250000186004,5574,0.2897886116948754,0.9336648577327932,1.5887314439959517,7,0,0,0,0,0,1,12831.19245683307,0.290420488874334,0.0,89818.34719783149,0.75,0.7189280286150213,DISCOUNT,1.075,13793.53189109555,136785.3866767798,110283.21800815372
2022-07-18 07:50:00,11858.416666259001,5401,0.28077549687092973,0.9336648577327932,1.5100089968421062,7,0,0,0,0,0,1,12359.257266634348,0.2865183897297177,0.0,86514.80086644043,0.75,0.7189280286150213,DISCOUNT,1.075,13286.201561631922,125225.88211539829,100963.36745553989
2022-07-18 07:55:00,11281.999999923002,5303,0.2761029481377904,0.9336648577327932,1.4706477732793526,7,0,0,0,0,0,1,11554.193093096681,0.275500172153806,0.0,80879.35165167677,0.75,0.7189280286150213,DISCOUNT,1.075,12420.757575078931,114017.22930430139,91926.391126593
2022-07-18 08:00:00,10559.226389079995,5167,0.2677812866667465,0.9654242631902832,1.4319500675060732,8,0,0,1,0,0,1,10681.724248033535,0.26972587109347995,0.0,74772.06973623474,0.75,0.7189280286150213,DISCOUNT,1.075,11482.85356663605,102634.04104456626,82748.69559218154
2022-07-18 08:05:00,9883.083333593999,5097,0.2650147722738019,0.9654242631902832,1.3957489878623486,8,0,0,1,0,0,1,10098.225893495166,0.26388429209091874,0.0,70687.58125446616,0.75,0.7189280286150213,DISCOUNT,1.075,10855.592835507303,94574.6178981963,76250.78568042078
2022-07-18 08:10:00,9883.083333593999,5022,0.26149040538180063,0.9654242631902832,1.3957489878623486,8,0,0,1,0,0,1,9621.70530497911,0.2592813709295378,0.0,67351.93713485377,0.75,0.7189280286150213,DISCOUNT,1.075,10343.333202852544,90111.77927140746,72652.62203757226
2022-07-18 08:15:00,8945.025971792998,4958,0.25735747889772226,0.9654242631902832,1.348491902817814,8,0,0,1,0,0,1,9069.871780008098,0.25612141122088716,0.0,63489.10246005668,0.75,0.7189280286150213,DISCOUNT,1.075,9750.112163508704,82067.59051098171,66166.994849479
2022-07-18 08:20:00,8496.791666704,4913,0.2558587140576024,0.9654242631902832,1.3259109311457498,8,0,0,1,0,0,1,8615.534526485439,0.2548465246504586,0.0,60308.74168539807,0.75,0.7189280286150213,DISCOUNT,1.075,9261.699615971846,76651.16686240742,61800.00328281598
2022-07-18 08:25:00,8496.791666704,4871,0.2550437599168157,0.9654242631902832,1.3259109311457498,8,0,0,1,0,0,1,8272.439285979814,0.25265295733466975,0.0,57907.0750018587,0.75,0.7189280286150213,DISCOUNT,1.075,8892.872232428299,73598.69804009018,59338.95029482272
2022-07-18 08:30:00,8007.859166538002,4844,0.25411906912146853,0.9654242631902832,1.3080533063198378,8,0,0,1,0,0,1,8029.5564642480795,0.2526369660793096,0.0,56206.89524973655,0.75,0.7189280286150213,DISCOUNT,1.075,8631.773199066685,70475.66647242972,56821.006093396456
2022-07-18 08:35:00,7770.611666538001,4830,0.25454838230350085,0.9654242631902832,1.3013225370890698,8,0,0,1,0,0,1,7849.216238058312,0.25242178356270173,0.0,54944.51366640819,0.75,0.7189280286150213,DISCOUNT,1.075,8437.907455912686,68538.3171980533,55259.01824093047
2022-07-18 08:40:00,7772.291666538001,4822,0.25464208260194826,0.9654242631902832,1.3022941970080981,8,0,0,1,0,0,1,7649.451730374671,0.25285115014796417,0.0,53546.1621126227,0.75,0.7189280286150213,DISCOUNT,1.075,8223.16061015277,66843.87310843056,53892.872693672136
2022-07-18 08:45:00,7650.698888690001,4793,0.2522154056425261,0.9654242631902832,1.295933423299595,8,0,0,1,0,0,1,7532.57655336956,0.2542324985499846,0.0,52728.03587358692,0.75,0.7189280286150213,DISCOUNT,1.075,8097.519794872277,65501.07643959167,52810.24287942078
2022-07-18 08:50:00,7597.687500104999,4787,0.25162331281509925,0.9654242631902832,1.2963056679959517,8,0,0,1,0,0,1,7514.589727927983,0.250514881480545,0.0,52602.128095495886,0.75,0.7189280286150213,DISCOUNT,1.075,8078.183957522582,65363.43792284041,52699.27182529008
2022-07-18 08:55:00,7600.458333444999,4795,0.2517361608869312,0.9654242631902832,1.2979082321012148,8,0,0,1,0,0,1,7468.680898784469,0.2504287544453456,0.0,52280.76629149128,0.75,0.7189280286150213,DISCOUNT,1.075,8028.831966193304,65044.42573744783,52442.068250817305
2022-07-18 09:00:00,7612.938333415001,4803,0.25281963100378874,0.9654242631902832,1.299851551939272,9,0,0,1,0,0,1,7500.373842075423,0.25103141225057823,0.0,52502.616894527964,0.75,0.7189280286150213,DISCOUNT,1.075,8062.90188023108,65418.24061053435,52743.45649224332
2022-07-18 09:05:00,7547.191111016999,4813,0.2532547777906181,0.9823858828137647,1.306293297331984,9,0,0,1,0,0,1,7481.980655177756,0.2525239583964728,0.0,52373.864586244286,0.75,0.7189280286150213,DISCOUNT,1.075,8043.1292043160865,65581.2170060955,52874.8562111645
2022-07-18 09:10:00,7336.8250000749995,4810,0.2531941149481525,0.9823858828137647,1.3043319838056686,9,0,0,1,0,0,1,7381.42258658764,0.2530079513608461,0.0,51669.95810611348,0.75,0.7189280286150213,DISCOUNT,1.075,7935.029280581713,64602.660768592315,52085.895244677544
2022-07-18 09:15:00,7366.078333339001,4814,0.2539313763454218,0.9823858828137647,1.3026383265870451,9,0,0,1,0,0,1,7338.307680142317,0.2527359039187353,0.0,51368.15376099622,0.75,0.7189280286150213,DISCOUNT,1.075,7888.68075615299,64141.92078332985,51714.423631559686
2022-07-18 09:20:00,7420.958333302001,4809,0.25479383965629204,0.9823858828137647,1.3029689608744948,9,0,0,1,0,0,1,7312.795133104113,0.25530325499278284,0.0,51189.565931728794,0.75,0.7189280286150213,DISCOUNT,1.075,7861.254768086921,63935.14718466554,51547.71241763659
2022-07-18 09:25:00,7391.466944407998,4818,0.2551013529910118,0.9823858828137647,1.30365384617409,9,0,0,1,0,0,1,7334.661101188799,0.2566169771417091,0.0,51342.62770832159,0.75,0.7189280286150213,DISCOUNT,1.075,7884.760683777959,64160.02648684018,51729.0213550149
2022-07-18 09:30:00,7394.825555441003,4813,0.2556404337105574,0.9823858828137647,1.3012550607570854,9,0,0,1,0,0,1,7374.190693066212,0.25694599275100943,0.0,51619.334851463485,0.75,0.7189280286150213,DISCOUNT,1.075,7927.254995046177,64387.11823613862,51912.11407788676
2022-07-18 09:35:00,7363.2273609799995,4802,0.255319963587185,0.9823858828137647,1.2983344579676117,9,0,0,1,0,0,1,7377.277548355169,0.25742344518934696,0.0,51640.94283848618,0.75,0.7189280286150213,DISCOUNT,1.075,7930.573364481806,64269.49664599036,51817.281670829725
2022-07-18 09:40:00,7196.398888995998,4768,0.2538538553004932,0.9823858828137647,1.2878025191538471,9,0,0,1,0,0,1,7267.805839963985,0.25740703479361954,0.0,50874.640879747894,0.75,0.7189280286150213,DISCOUNT,1.075,7812.891277961284,62802.18865420102,50634.264602449584
2022-07-18 09:45:00,7037.873333319001,4759,0.2530732754208531,0.9823858828137647,1.2808029689554654,9,0,0,1,0,0,1,7155.013763459727,0.25386371021262716,0.0,50085.09634421809,0.75,0.7189280286150213,DISCOUNT,1.075,7691.639795719206,61491.48643742971,49577.51094017771
2022-07-18 09:50:00,6995.083333319002,4745,0.25280166644367297,0.9823858828137647,1.279689608631579,9,0,0,1,0,0,1,6983.111629396579,0.2534049972978843,0.0,48881.781405776055,0.75,0.7189280286150213,DISCOUNT,1.075,7506.845001601322,59961.959980647734,48344.33023439724
2022-07-18 09:55:00,6986.694722228003,4730,0.25146815139824374,0.9823858828137647,1.2778722447125508,9,0,0,1,0,0,1,6978.918955560143,0.25271217298102433,0.0,48852.432688921006,0.75,0.7189280286150213,DISCOUNT,1.075,7502.3378772271535,59840.85425700165,48246.688744707586
2022-07-18 10:00:00,6882.836805604002,4711,0.25091369426640187,1.0079062113360318,1.272750787238867,10,0,0,1,0,0,1,6937.975958655896,0.25108587176018415,0.0,48565.83171059127,0.75,0.7189280286150213,DISCOUNT,1.075,7458.324155555088,59251.36464056382,47771.41274145458
2022-07-18 10:05:00,6776.1666668510015,4697,0.2500367606542458,1.0079062113360318,1.268218623497976,10,0,0,1,0,0,1,6816.574506520763,0.25045846135049177,0.0,47716.021545645344,0.75,0.7189280286150213,DISCOUNT,1.075,7327.81759450982,58007.28041216157,46768.36983230527
2022-07-18 10:10:00,6580.944444523999,4674,0.24927530309526588,1.0079062113360318,1.259221772388665,10,0,0,1,0,0,1,6677.142516040552,0.24976364913051746,0.0,46739.99761228387,0.75,0.7189280286150213,DISCOUNT,1.075,7177.928204743594,56417.659099926575,45486.7376493158
2022-07-18 10:15:00,6348.636666778999,4660,0.24893333245397445,1.0079062113360318,1.2499055330890696,10,0,0,1,0,0,1,6486.474532191015,0.24880543787815598,0.0,45405.321725337104,0.75,0.7189280286150213,DISCOUNT,1.075,6972.960122105341,54401.15246325831,43860.92917350201
2022-07-18 10:20:00,6298.370833460999,4649,0.24849698520299268,1.0079062113360318,1.2462820512995962,10,0,0,1,0,0,1,6263.238988391654,0.248517864684194,0.0,43842.67291874158,0.75,0.7189280286150213,DISCOUNT,1.075,6732.981912521028,52376.62571667919,42228.65448407259
2022-07-18 10:25:00,6141.766666551998,4632,0.24813201905292878,1.0079062113360318,1.2393522267368429,10,0,0,1,0,0,1,6189.974481895368,0.24752650374089427,0.0,43329.82137326757,0.75,0.7189280286150213,DISCOUNT,1.075,6654.22256803752,51476.119726261,41502.62152929794
2022-07-18 10:30:00,6070.641666575999,4626,0.2475653640289353,1.0079062113360318,1.2362932973643725,10,0,0,1,0,0,1,6085.164169629147,0.24733088559904154,0.0,42596.14918740403,0.75,0.7189280286150213,DISCOUNT,1.075,6541.551482351333,50479.61179408687,40699.18700898254
2022-07-18 10:35:00,6118.6741665949985,4621,0.24895613147157222,1.0079062113360318,1.2365047233765187,10,0,0,1,0,0,1,6055.710040094046,0.2470639444402234,0.0,42389.97028065832,0.75,0.7189280286150213,DISCOUNT,1.075,6509.888293101099,50243.86546039351,40509.11652744227
2022-07-18 10:40:00,6057.9983334069975,4602,0.24794702800442378,1.0079062113360318,1.2314574898866402,10,0,0,1,0,0,1,6063.8136276281175,0.24752116911490152,0.0,42446.695393396825,0.75,0.7189280286150213,DISCOUNT,1.075,6518.599649700226,50105.73780609239,40397.751106161995
2022-07-18 10:45:00,6016.762361021996,4695,0.25361500276706284,1.0079062113360318,1.2274842555060732,10,0,0,1,0,0,1,6005.199514386047,0.24683962981587004,0.0,42036.39660070233,0.75,0.7189280286150213,DISCOUNT,1.075,6455.589477965,49461.30416273811,39878.1764812076
2022-07-18 10:50:00,6001.1183332909995,4697,0.2533602743766895,1.0079062113360318,1.2264912280809714,10,0,0,1,0,0,1,5988.294224129319,0.25318526271658676,0.0,41918.059568905235,0.75,0.7189280286150213,DISCOUNT,1.075,6437.416290939018,49282.16395208697,39733.74468637012
2022-07-18 10:55:00,5990.2979165649995,4794,0.25984830935710784,1.0079062113360318,1.2261740890566803,10,0,0,1,0,0,1,5983.054933750164,0.25294720091229683,0.0,41881.38453625115,0.75,0.7189280286150213,DISCOUNT,1.075,6431.784053781426,49226.31395411755,39688.71562550727
2022-07-18 11:00:00,6031.801805393002,4696,0.2543232895894852,1.0214328246558702,1.2288506522591092,11,0,0,1,0,0,1,6001.329647031424,0.26221613169272645,0.0,42009.30752921997,0.75,0.7189280286150213,DISCOUNT,1.075,6451.429370558781,49484.45361905635,39896.84073036419
2022-07-18 11:05:00,6101.458333295002,4702,0.2546985237072564,1.0214328246558702,1.2331309041781375,11,0,0,1,0,0,1,6044.61750186069,0.25797916032819684,0.0,42312.32251302483,0.75,0.7189280286150213,DISCOUNT,1.075,6497.963814500242,50014.991408263086,40324.58682291212
2022-07-18 11:10:00,6046.402777901001,4597,0.2490458735525474,1.0214328246558702,1.229757085020243,11,0,0,1,0,0,1,6061.71001993027,0.2583152089403102,0.0,42431.97013951189,0.75,0.7189280286150213,DISCOUNT,1.075,6516.33827142504,50019.19319948804,40327.974517087234
2022-07-18 11:15:00,6034.826666605999,4606,0.2502201230198704,1.0214328246558702,1.2299055330445343,11,0,0,1,0,0,1,6020.951261418026,0.2486301795940804,0.0,42146.65882992618,0.75,0.7189280286150213,DISCOUNT,1.075,6472.522606024378,49688.86300911621,40061.64580109995
2022-07-18 11:20:00,6042.333333240999,4618,0.2509563802100718,1.0214328246558702,1.2307692307651816,11,0,0,1,0,0,1,6019.585064517495,0.2505258107242372,0.0,42137.09545162247,0.75,0.7189280286150213,DISCOUNT,1.075,6471.053944356307,49712.47419815098,40080.68232225923
2022-07-18 11:25:00,6291.213333257999,4625,0.2521803290696585,1.0214328246558702,1.2371929824493921,11,0,0,1,0,0,1,6299.451282778798,0.25062228764810435,0.0,44096.15897945158,0.75,0.7189280286150213,DISCOUNT,1.075,6771.910128987207,52295.264250863445,42163.056802258645
2022-07-18 11:30:00,6432.369583493001,4632,0.2527888196556111,1.0048733642712546,1.2411201079797558,11,0,0,1,0,0,1,6401.856684120485,0.25259588645276465,0.0,44812.99678884339,0.75,0.7189280286150213,DISCOUNT,1.075,6881.995935429521,53314.0839725057,42984.480202832725
2022-07-18 11:35:00,6535.2433334180005,4643,0.25413636897880654,1.0048733642712546,1.2463832658825902,11,0,0,1,0,0,1,6464.877011373271,0.25326277015875864,0.0,45254.1390796129,0.75,0.7189280286150213,DISCOUNT,1.075,6949.742787226266,54067.223626617924,43591.699048960705
2022-07-18 11:40:00,6560.643194614006,4644,0.2544843735038003,1.0048733642712546,1.2441745389230763,11,0,0,1,0,0,1,6577.068491864647,0.2580157862261213,0.0,46039.47944305253,0.75,0.7189280286150213,DISCOUNT,1.075,7070.348628754495,54908.03051509112,44269.59960279222
2022-07-18 11:45:00,6575.563333523002,4661,0.2551236227277934,1.0048733642712546,1.2428205128380552,11,0,0,1,0,0,1,6589.3004523772115,0.25811804552665674,0.0,46125.10316664048,0.75,0.7189280286150213,DISCOUNT,1.075,7083.497986305502,54950.280730495346,44303.663838961875
2022-07-18 11:50:00,6880.053888934006,4690,0.255570803774906,1.0048733642712546,1.2497424651700397,11,0,0,1,0,0,1,6745.763226280567,0.2594578579802671,0.0,47220.34258396397,0.75,0.7189280286150213,DISCOUNT,1.075,7251.69546825161,56568.38927460113,45608.263852647164
2022-07-18 11:55:00,7317.038333330002,4740,0.2582632935025584,1.0048733642712546,1.2608367071457487,11,0,0,1,0,0,1,7142.602743154196,0.2595019210899854,0.0,49998.219202079374,0.75,0.7189280286150213,DISCOUNT,1.075,7678.29794889076,60427.90427720218,48719.99782349426
2022-07-18 12:00:00,8087.245277889998,4792,0.26033721236584306,0.9655430216234816,1.2831938821700397,12,0,0,0,0,0,1,7723.7938251686455,0.26189209958785187,0.0,54066.55677618052,0.75,0.7189280286150213,DISCOUNT,1.075,8303.078362056294,66503.5984276161,53618.52623226549
2022-07-18 12:05:00,9427.822499853,4872,0.2643707512761495,0.9655430216234816,1.3240620782793517,12,0,0,0,0,0,1,8908.09636001644,0.26084589501516864,0.0,62356.67452011508,0.75,0.7189280286150213,DISCOUNT,1.075,9576.203587017671,79143.53525561659,63809.475299840866
2022-07-18 12:10:00,9696.791666591,4932,0.2676158222537684,0.9655430216234816,1.3326585695060724,12,0,0,0,0,0,1,9717.678310248011,0.26577325502735655,0.0,68023.74817173608,0.75,0.7189280286150213,DISCOUNT,1.075,10446.504183516612,86896.76461116526,70060.516467752
2022-07-18 12:15:00,10555.369444523005,5001,0.271073361070505,0.9655430216234816,1.3581556455222668,12,0,0,0,0,0,1,10144.746350229994,0.2684424163476639,0.0,71013.22445160996,0.75,0.7189280286150213,DISCOUNT,1.075,10905.602326497243,92451.27997892686,74538.84448300977
2022-07-18 12:20:00,11317.410000123,5060,0.27440966380507437,0.9655430216234816,1.3798830409311742,12,0,0,0,0,0,1,10874.24828198749,0.2719470182076272,0.0,76119.73797391243,0.75,0.7189280286150213,DISCOUNT,1.075,11689.81690313655,100684.75416184659,81177.08304298882
2022-07-18 12:25:00,11988.597083335999,5109,0.2780139275368661,0.9655430216234816,1.4003238866315786,12,0,0,0,0,0,1,11733.680031303558,0.27331192934999715,0.0,82135.7602191249,0.75,0.7189280286150213,DISCOUNT,1.075,12613.706033651324,110251.60753449197,88890.35857468416
2022-07-18 12:30:00,12224.158333108997,5143,0.2795591515573137,0.9655430216234816,1.4116419253117407,12,0,0,0,0,0,1,12201.955479369279,0.2774106960191742,0.0,85413.68835558495,0.75,0.7189280286150213,DISCOUNT,1.075,13117.102140321975,115578.26655459918,93184.9774096456
2022-07-18 12:35:00,12222.208333368,5162,0.28048674105236343,0.9655430216234816,1.4136302294089076,12,0,0,0,0,0,1,12328.921465699605,0.277196346058983,0.0,86302.45025989723,0.75,0.7189280286150213,DISCOUNT,1.075,13253.590575627075,116945.38879878042,94287.21971901672
2022-07-18 12:40:00,12368.68638892,5166,0.2802461015657533,0.9655430216234816,1.4197638326599193,12,0,0,0,0,0,1,12359.292590408128,0.2772859344700697,0.0,86515.0481328569,0.75,0.7189280286150213,DISCOUNT,1.075,13286.239534688737,117742.1372018344,94929.598118979
2022-07-18 12:45:00,12369.522916859998,5170,0.2798646434523056,0.9655430216234816,1.4203272604412955,12,0,0,0,0,0,1,12315.437680377006,0.2766518129647123,0.0,86208.06376263904,0.75,0.7189280286150213,DISCOUNT,1.075,13239.095506405281,117370.9083732705,94630.29487594933
2022-07-18 12:50:00,12332.110833359999,5166,0.2790413821814707,0.9655430216234816,1.4192611335951413,12,0,0,0,0,0,1,12310.934414161957,0.27650703138831617,0.0,86176.5408991337,0.75,0.7189280286150213,DISCOUNT,1.075,13234.254495224102,117239.92169358398,94524.6868654521
2022-07-18 12:55:00,12388.487916565999,5170,0.27863726898539454,0.9655430216234816,1.4232085020161933,12,0,0,0,0,0,1,12313.7067130936,0.27710884314390544,0.0,86195.94699165519,0.75,0.7189280286150213,DISCOUNT,1.075,13237.234716575618,117592.47390703065,94808.93208754346
2022-07-18 13:00:00,12328.468888784995,5166,0.27804956194304997,0.9655430216234816,1.4219343229919026,13,0,0,0,0,0,1,12302.236531686043,0.27669640778644,0.0,86115.65572180231,0.75,0.7189280286150213,DISCOUNT,1.075,13224.904271562496,117377.75600539088,94635.81577934639
2022-07-18 13:05:00,12210.624999995001,5165,0.27777823967337906,0.9655430216234816,1.4176788124129547,13,0,0,0,0,0,1,12219.224608442726,0.2754993345771793,0.0,85534.57225909908,0.75,0.7189280286150213,DISCOUNT,1.075,13135.66645407593,116236.81166689994,93715.9294064381
2022-07-18 13:10:00,12352.680555664,5176,0.28001654310696555,0.9655430216234816,1.423076923109311,13,0,0,0,0,0,1,12200.914275578076,0.2752890549611946,0.0,85406.39992904653,0.75,0.7189280286150213,DISCOUNT,1.075,13115.98284624643,116504.56539175582,93931.80584710314
2022-07-18 13:15:00,12483.001249674999,5179,0.2802723189946747,0.9655430216234816,1.427374044097165,13,0,0,0,0,0,1,12325.972742049436,0.27544717499538734,0.0,86281.80919434606,0.75,0.7189280286150213,DISCOUNT,1.075,13250.420697703144,118054.13145465328,95181.14348531421
2022-07-18 13:20:00,12521.433333182995,5181,0.2807300366751637,0.9655430216234816,1.4285919928137647,13,0,0,0,0,0,1,12467.928422059586,0.2757407371917707,0.0,87275.4989544171,0.75,0.7189280286150213,DISCOUNT,1.075,13403.023053714054,119515.6297508893,96359.47648665452
2022-07-18 13:25:00,12356.928333114001,5156,0.27850565605961836,0.9655430216234816,1.420094466955466,13,0,0,0,0,0,1,12430.29981242027,0.2764019910359172,0.0,87012.09868694188,0.75,0.7189280286150213,DISCOUNT,1.075,13362.57229835179,118446.17247687542,95497.2265594808
2022-07-18 13:30:00,12266.795416404,5130,0.2767538397976792,0.9655430216234816,1.412149122834008,13,0,0,0,0,0,1,12273.78620481425,0.2742877687109245,0.0,85916.50343369975,0.75,0.7189280286150213,DISCOUNT,1.075,13194.320170175319,116300.42638767516,93767.21877506311
2022-07-18 13:35:00,12216.333333104001,5106,0.2758471983888382,0.9655430216234816,1.4086504723603244,13,0,0,0,0,0,1,12107.48630078189,0.27414135615055574,0.0,84752.40410547322,0.75,0.7189280286150213,DISCOUNT,1.075,13015.547773340531,114440.41494465036,92267.58454912437
2022-07-18 13:40:00,11549.287500075005,5053,0.273188294594703,0.9655430216234816,1.3877766531821865,13,0,0,0,0,0,1,11740.936439584326,0.27314652960934577,0.0,82186.55507709028,0.75,0.7189280286150213,DISCOUNT,1.075,12621.50667255315,109331.29852441479,88148.35943530942
2022-07-18 13:45:00,11184.116666709002,5025,0.2723724538816704,0.9655430216234816,1.3760503823765182,13,0,0,0,0,0,1,11316.395184205041,0.27048926037246274,0.0,79214.76628943528,0.75,0.7189280286150213,DISCOUNT,1.075,12165.124823020418,104487.5708741001,84243.1040172432
2022-07-18 13:50:00,11161.250000009002,4987,0.2703638227488016,0.9655430216234816,1.3751686909676113,13,0,0,0,0,0,1,11101.39680012106,0.2697656175646907,0.0,77709.77760084742,0.75,0.7189280286150213,DISCOUNT,1.075,11934.001560130138,102436.75073712843,82589.6302818098
2022-07-18 13:55:00,10590.055555540997,4934,0.2686512143332818,0.9655430216234816,1.3502024291740897,13,0,0,0,0,0,1,10863.842226360119,0.268979766559974,0.0,76046.89558452083,0.75,0.7189280286150213,DISCOUNT,1.075,11678.630393337127,98424.7968478965,79354.99245861657
2022-07-18 14:00:00,10304.458333143,4884,0.265719362151766,1.0079062113360318,1.3377192982550614,14,0,0,0,0,0,1,10387.268274256085,0.266611610199133,0.0,72710.87791979259,0.75,0.7189280286150213,DISCOUNT,1.075,11166.31339482529,93237.05191371056,75172.37310542914
2022-07-18 14:05:00,10304.458333143,4836,0.2628679162067877,1.0079062113360318,1.3377192982550614,14,0,0,0,0,0,1,10100.296220402595,0.26398599620883983,0.0,70702.07354281817,0.75,0.7189280286150213,DISCOUNT,1.075,10857.81843693279,90661.16501289417,73095.56429164593
2022-07-18 14:10:00,8998.797222208004,4747,0.2574725125840534,1.0079062113360318,1.2896030139392713,14,0,0,0,0,0,1,9440.602442134203,0.26124974826440805,0.0,66084.21709493942,0.75,0.7189280286150213,DISCOUNT,1.075,10148.647625294267,81691.70134440981,65863.93420893041
2022-07-18 14:15:00,8336.124999933003,4705,0.254695258680092,1.0079062113360318,1.2651821862186234,14,0,0,0,0,0,1,8732.163773310429,0.2556183031463668,0.0,61125.146413173,0.75,0.7189280286150213,DISCOUNT,1.075,9387.076056308711,74130.53476562838,59767.74365478789
2022-07-18 14:20:00,8336.124999933003,4654,0.2518885059288411,1.0079062113360318,1.2651821862186234,14,0,0,0,0,0,1,8007.094225554862,0.2521102295714238,0.0,56049.659578884035,0.75,0.7189280286150213,DISCOUNT,1.075,8607.626292471476,67975.15395592838,54804.96787696726
2022-07-18 14:25:00,7952.859999780002,4626,0.25039890829737105,1.0079062113360318,1.2449932523481786,14,0,0,0,0,0,1,7856.257790512655,0.24997794751439753,0.0,54993.80453358859,0.75,0.7189280286150213,DISCOUNT,1.075,8445.477124801104,65630.3795102566,52914.493480144374
2022-07-18 14:30:00,7772.499999827003,4598,0.24925959258748467,1.0079062113360318,1.2354925776032386,14,0,0,0,0,0,1,7720.213476999725,0.2495705350385977,0.0,54041.494338998076,0.75,0.7189280286150213,DISCOUNT,1.075,8299.229487774704,64001.719545063424,51601.3863832074
2022-07-18 14:35:00,7647.293749929,4562,0.24661240517188118,1.0079062113360318,1.2246423751740887,14,0,0,0,0,0,1,7675.474141727863,0.2485125776662748,0.0,53728.31899209504,0.75,0.7189280286150213,DISCOUNT,1.075,8251.134702357453,63072.012406994225,50851.8100031391
2022-07-18 14:40:00,7585.6249999289985,4550,0.24609718245513404,1.0079062113360318,1.2192982456194337,14,0,0,0,0,0,1,7497.590837351444,0.24472748948039943,0.0,52483.135861460105,0.75,0.7189280286150213,DISCOUNT,1.075,8059.910150152802,61341.42735299117,49456.525803349134
2022-07-18 14:45:00,7585.6249999289985,4530,0.24509859713350798,1.0079062113360318,1.2192982456194337,14,0,0,0,0,0,1,7434.968684526306,0.24425738863980875,0.0,52044.78079168414,0.75,0.7189280286150213,DISCOUNT,1.075,7992.591335865778,60829.085145801844,49043.44989880273
2022-07-18 14:50:00,7221.874999966001,4492,0.24294423635200738,1.0079062113360318,1.2040035987246966,14,0,0,0,0,0,1,7246.19270023417,0.24664301976837433,0.0,50723.34890163919,0.75,0.7189280286150213,DISCOUNT,1.075,7789.657152751733,58540.9622110927,47198.6507826935
2022-07-18 14:55:00,7039.999999989,4485,0.24290635209898795,1.0079062113360318,1.1963562752834005,14,0,0,0,0,0,1,7050.839049488363,0.24183733939688834,0.0,49355.87334641854,0.75,0.7189280286150213,DISCOUNT,1.075,7579.6519781999905,56600.92455714858,45634.49542420105
2022-07-18 15:00:00,6994.532083286998,4474,0.24389564678251552,1.0214328246558702,1.1934120557530363,15,0,0,0,0,0,1,6914.758468523689,0.24168823084653007,0.0,48403.309279665824,0.75,0.7189280286150213,DISCOUNT,1.075,7433.365353662965,55371.92575063178,44643.615136446875
2022-07-18 15:05:00,6925.374999762002,4475,0.24396111711741575,1.0214328246558702,1.188933873109312,15,0,0,0,0,0,1,6907.096523261498,0.2437902835140386,0.0,48349.67566283049,0.75,0.7189280286150213,DISCOUNT,1.075,7425.12876250611,55103.02204866318,44426.811526734695
2022-07-18 15:10:00,6925.374999762002,4469,0.2436479381621072,1.0214328246558702,1.188933873109312,15,0,0,0,0,0,1,6891.232768954977,0.24375911595825067,0.0,48238.629382684834,0.75,0.7189280286150213,DISCOUNT,1.075,7408.0752266266,54976.46513717615,44324.77501684827
2022-07-18 15:15:00,6850.716111253998,4474,0.24260644698103992,1.0214328246558702,1.1829982005870447,15,0,0,0,0,0,1,6893.018300418592,0.24406518043456402,0.0,48251.128102930146,0.75,0.7189280286150213,DISCOUNT,1.075,7409.994672949986,54716.17221826677,44114.91385097758
2022-07-18 15:20:00,6828.3750000439995,4457,0.2414307587266361,1.0214328246558702,1.1803868645627538,15,0,0,0,0,0,1,6824.528203409834,0.24200951471445242,0.0,47771.697423868834,0.75,0.7189280286150213,DISCOUNT,1.075,7336.367818665571,54052.92412536104,43580.17007607234
2022-07-18 15:25:00,6879.762222299998,4457,0.2414411328051065,1.0214328246558702,1.1814080071619433,15,0,0,0,0,0,1,6845.679230166317,0.2407865952379143,0.0,47919.75461116422,0.75,0.7189280286150213,DISCOUNT,1.075,7359.105172428791,54267.35415076036,43753.05428405054
2022-07-18 15:30:00,6880.513888976,4419,0.23856684003857948,1.0214328246558702,1.176675663510121,15,0,0,0,0,0,1,6864.338547244575,0.2407865952379143,0.0,48050.36983071203,0.75,0.7189280286150213,DISCOUNT,1.075,7379.163938287918,54197.30084852738,43696.57380912521
2022-07-18 15:35:00,6867.993611246999,4417,0.23890371683604278,1.0214328246558702,1.1729532163724696,15,0,0,0,0,0,1,6840.500959335226,0.2384075024986584,0.0,47883.50671534658,0.75,0.7189280286150213,DISCOUNT,1.075,7353.538531285368,53838.23215884233,43407.07467806664
2022-07-18 15:40:00,6870.226388856999,4415,0.23949056660929322,1.0214328246558702,1.1710391362955466,15,0,0,0,0,0,1,6840.228046071419,0.2386506636219521,0.0,47881.596322499936,0.75,0.7189280286150213,DISCOUNT,1.075,7353.245149526775,53748.23194481658,43334.51200550837
2022-07-18 15:45:00,7053.194722292999,4427,0.2396932756023609,1.0214328246558702,1.174258884392712,15,0,0,0,0,0,1,7002.013991812745,0.23884730889788983,0.0,49014.097942689215,0.75,0.7189280286150213,DISCOUNT,1.075,7527.165041198701,55170.76694383866,44481.43084846993
2022-07-18 15:50:00,7105.486111064998,4421,0.23899295860771144,1.0214328246558702,1.1749887539433197,15,0,0,0,0,0,1,7121.5040327250845,0.23957411945440202,0.0,49850.52822907559,0.75,0.7189280286150213,DISCOUNT,1.075,7655.616835179466,56147.138381032724,45268.630319707634
2022-07-18 15:55:00,7088.690277788997,4432,0.23925225531638367,1.0214328246558702,1.1746569950485828,15,0,0,0,0,0,1,7093.027228286656,0.23857677088408727,0.0,49651.19059800659,0.75,0.7189280286150213,DISCOUNT,1.075,7625.004270408155,55906.83266256497,45074.88383419302
2022-07-18 16:00:00,7013.371527787001,4426,0.23987814412965622,1.0214328246558702,1.1751855600404857,16,0,0,0,0,0,1,7032.897807870313,0.23871815736178006,0.0,49230.28465509219,0.75,0.7189280286150213,DISCOUNT,1.075,7560.365143460586,55457.83938568832,44712.8830047112
2022-07-18 16:05:00,6907.666666805999,4430,0.24020494070515422,1.0214328246558702,1.1757759783927124,16,0,0,0,0,0,1,6931.38667174088,0.23955935994684766,0.0,48519.70670218616,0.75,0.7189280286150213,DISCOUNT,1.075,7451.240672121446,54684.834526079845,44089.64783665188
2022-07-18 16:10:00,6947.666666805999,4431,0.2394905462900528,1.0214328246558702,1.176675663502024,16,0,0,0,0,0,1,6929.290885604322,0.23965358929381342,0.0,48505.03619923026,0.75,0.7189280286150213,DISCOUNT,1.075,7448.987702024646,54710.13123940712,44110.04331177199
2022-07-18 16:15:00,7123.665972221996,4435,0.23888155867053074,1.0214328246558702,1.1812753036477728,16,0,0,0,0,0,1,7093.532604476868,0.238805837275025,0.0,49654.72823133808,0.75,0.7189280286150213,DISCOUNT,1.075,7625.5475498126325,56225.831401154996,45332.07656718121
2022-07-18 16:20:00,7191.536111057997,4433,0.2384212527062746,1.0214328246558702,1.1829745839068815,16,0,0,0,0,0,1,7186.424943945357,0.23858299957879484,0.0,50304.9746076175,0.75,0.7189280286150213,DISCOUNT,1.075,7725.406814741258,57044.06949802984,45991.78103278655
2022-07-18 16:25:00,7268.771805578996,4436,0.239313807329543,1.0214328246558702,1.182632703574898,16,0,0,0,0,0,1,7278.26478162384,0.2383055922943872,0.0,50947.85347136688,0.75,0.7189280286150213,DISCOUNT,1.075,7824.134640245627,57756.37503703094,46566.0773736062
2022-07-18 16:30:00,7306.750000036995,4426,0.23873463492071,1.0048733642712546,1.182523616773278,16,0,0,0,0,0,1,7360.3659326073885,0.23870805786318947,0.0,51522.56152825172,0.75,0.7189280286150213,DISCOUNT,1.075,7912.393377552942,58402.49781048026,47087.013859699706
2022-07-18 16:35:00,7334.083333335994,4426,0.23868438340117093,1.0048733642712546,1.1832152497004034,16,0,0,0,0,0,1,7347.472867102603,0.23863150738566033,0.0,51432.31006971822,0.75,0.7189280286150213,DISCOUNT,1.075,7898.533332135298,58334.29339405794,47032.02404895922
2022-07-18 16:40:00,7204.990139012998,4420,0.23769188118195575,1.0048733642712546,1.178388439044534,16,0,0,0,0,0,1,7268.649443222186,0.23873522207717088,0.0,50880.5461025553,0.75,0.7189280286150213,DISCOUNT,1.075,7813.7981514638495,57473.0690888321,46337.66195287089
2022-07-18 16:45:00,7128.713888915995,4420,0.2372515825307978,1.0048733642712546,1.1755454340971658,16,0,0,0,0,0,1,7157.114122227742,0.242500683720369,0.0,50099.79885559419,0.75,0.7189280286150213,DISCOUNT,1.075,7693.897681394822,56454.62844880615,45516.54418684997
2022-07-18 16:50:00,7111.745000015996,4426,0.23725913720005037,1.0048733642712546,1.174082321174089,16,0,0,0,0,0,1,7102.526879973749,0.2394730876918067,0.0,49717.68815981624,0.75,0.7189280286150213,DISCOUNT,1.075,7635.216395971779,55954.32060961521,45113.170991502266
2022-07-18 16:55:00,7242.959027839,4435,0.23893369551880442,1.0048733642712546,1.1802822762186236,16,0,0,0,0,0,1,7201.852990531842,0.2390422971620474,0.0,50412.97093372289,0.75,0.7189280286150213,DISCOUNT,1.075,7741.99196482173,57036.42938248722,45985.62118963033
2022-07-18 17:00:00,7330.641111127998,4447,0.23941226401667803,0.9910633501376516,1.1841520467975712,17,0,0,0,0,0,1,7341.727558526125,0.2395525903977755,0.0,51392.09290968288,0.75,0.7189280286150213,DISCOUNT,1.075,7892.357125415584,58334.828666076006,47032.45561202378
2022-07-18 17:05:00,7352.250000019996,4468,0.24015160558562398,0.9910633501376516,1.1845479082469639,17,0,0,0,0,0,1,7376.840454792703,0.24018579362426715,0.0,51637.88318354892,0.75,0.7189280286150213,DISCOUNT,1.075,7930.103488902156,58633.41817151958,47273.19340078767
2022-07-18 17:10:00,7819.1841665059965,4490,0.2426271473056728,0.9910633501376516,1.1996929824817821,17,0,0,0,0,0,1,7683.897282756915,0.24093352638511284,0.0,53787.280979298404,0.75,0.7189280286150213,DISCOUNT,1.075,8260.189578963684,61854.86471726004,49870.484678290915
2022-07-18 17:15:00,8024.618333168992,4512,0.24300581610242283,0.9910633501376516,1.2078475034048592,17,0,0,0,0,0,1,7971.784491233176,0.24212632077958243,0.0,55802.49143863223,0.75,0.7189280286150213,DISCOUNT,1.075,8569.668328075664,64608.52818775614,52090.6258513784
2022-07-18 17:20:00,8013.416666555993,4515,0.2431566664805075,0.9910633501376516,1.2081646424008106,17,0,0,0,0,0,1,8082.946915808129,0.24275728417100997,0.0,56580.62841065691,0.75,0.7189280286150213,DISCOUNT,1.075,8689.167934493738,65526.66132153517,52830.870690487725
2022-07-18 17:25:00,8233.47222239999,4536,0.24353318051322267,0.9910633501376516,1.2144624381659925,17,0,0,0,0,0,1,8192.399602891635,0.24325699248208338,0.0,57346.797220241446,0.75,0.7189280286150213,DISCOUNT,1.075,8806.829573108507,66760.1659041687,53825.38376023601
2022-07-18 17:30:00,8343.500000033997,4536,0.24364023055976258,0.9910633501376516,1.2176113360485832,17,0,0,0,0,0,1,8363.049207623442,0.24423193402449023,0.0,58541.344453364094,0.75,0.7189280286150213,DISCOUNT,1.075,8990.2778981952,68327.49942395456,55089.04641056337
2022-07-18 17:35:00,8343.500000033997,4547,0.24415424905062122,0.9910633501376516,1.2176113360485832,17,0,0,0,0,0,1,8359.747603041455,0.2440851159656838,0.0,58518.23322129018,0.75,0.7189280286150213,DISCOUNT,1.075,8986.728673269563,68300.52476679622,55067.29809322947
2022-07-18 17:40:00,8328.983333245995,4543,0.24356575541494063,0.9910633501376516,1.219419703125507,17,0,0,0,0,0,1,8353.210269172405,0.24478235965904283,0.0,58472.47188420683,0.75,0.7189280286150213,DISCOUNT,1.075,8979.701039360334,68348.47263667325,55105.95606331779
2022-07-18 17:45:00,8321.833333245995,4559,0.24457957920091183,0.9910633501376516,1.2203103913846158,17,0,0,0,0,0,1,8317.058247946848,0.24404211474472645,0.0,58219.40773562794,0.75,0.7189280286150213,DISCOUNT,1.075,8940.837616542862,68102.37296492589,54907.53820297151
2022-07-18 17:50:00,8321.833333245995,4570,0.24494174347625972,0.9910633501376516,1.2203103913846158,17,0,0,0,0,0,1,8306.327416348251,0.2449792763405653,0.0,58144.29191443776,0.75,0.7189280286150213,DISCOUNT,1.075,8929.301972574369,68014.50594825183,54836.695420778036
2022-07-18 17:55:00,8415.875555686995,4603,0.2468196282224015,0.9910633501376516,1.2396198830445349,17,0,0,0,0,0,1,8370.450075259681,0.24526607732519423,0.0,58593.15052681777,0.75,0.7189280286150213,DISCOUNT,1.075,8998.233830904157,69624.09069529574,56134.4231230822
2022-07-18 18:00:00,8461.500000113998,4616,0.24780866023386938,0.9910633501376516,1.2489878542995951,18,0,0,0,0,0,1,8435.786479407447,0.2482106341952165,0.0,59050.505355852125,0.75,0.7189280286150213,DISCOUNT,1.075,9068.470465363005,70697.81409288109,57000.11261238539
2022-07-18 18:05:00,8461.500000113998,4627,0.24875575451342777,0.9910633501376516,1.2489878542995951,18,0,0,0,0,0,1,8548.51152766341,0.2497757294600133,0.0,59839.58069364387,0.75,0.7189280286150213,DISCOUNT,1.075,9189.649892238165,71642.52914993775,57761.789127137316
2022-07-18 18:10:00,8377.138888459998,4656,0.2520121465057754,0.9910633501376516,1.2546108862145755,18,0,0,0,0,0,1,8518.296564776725,0.2499182499555382,0.0,59628.07595343707,0.75,0.7189280286150213,DISCOUNT,1.075,9157.16880713498,71710.7062667152,57816.75692753914
2022-07-18 18:15:00,8334.95833337,4658,0.2527982351718185,0.9910633501376516,1.2574224021578957,18,0,0,0,0,0,1,8341.692209527293,0.25209202992276514,0.0,58391.845466691055,0.75,0.7189280286150213,DISCOUNT,1.075,8967.31912524184,70381.34256271688,56744.9574411905
2022-07-18 18:20:00,8366.300833176994,4682,0.25495029876778813,0.9910633501376516,1.2690598290404858,18,0,0,0,0,0,1,8333.467188424296,0.2532174715398149,0.0,58334.27031897007,0.75,0.7189280286150213,DISCOUNT,1.075,8958.477227556117,70962.68168992741,57213.662112503975
2022-07-18 18:25:00,8364.643194453998,4704,0.2559331454767164,0.9910633501376516,1.2713135402591096,18,0,0,0,0,0,1,8347.759904392758,0.25666138763717056,0.0,58434.319330749306,0.75,0.7189280286150213,DISCOUNT,1.075,8973.841897222215,71210.62775750202,57413.568629486006
2022-07-18 18:30:00,8354.305555582998,4719,0.2570940523701143,0.9910633501376516,1.268443544757085,18,0,0,0,0,0,1,8347.387343295983,0.25716429855061235,0.0,58431.71140307188,0.75,0.7189280286150213,DISCOUNT,1.075,8973.44139404318,71046.69851437086,57281.40067721149
2022-07-18 18:35:00,8220.869999704993,4749,0.25908479989078953,0.9910633501376516,1.2855150697004045,18,0,0,0,0,0,1,8276.31454604668,0.258139009980041,0.0,57934.201822326766,0.75,0.7189280286150213,DISCOUNT,1.075,8897.038137000181,71389.83074161877,57558.051035430144
2022-07-18 18:40:00,8140.483333298,4769,0.26003568878987443,0.9910633501376516,1.2946446243643717,18,0,0,0,0,0,1,8160.206219132316,0.261146577312323,0.0,57121.44353392621,0.75,0.7189280286150213,DISCOUNT,1.075,8772.22168556724,70888.1918208506,57153.604655560805
2022-07-18 18:45:00,8135.186666627999,4796,0.2606510621934798,0.9910633501376516,1.2943049932348167,18,0,0,0,0,0,1,8142.800790699461,0.26281405353678833,0.0,56999.605534896225,0.75,0.7189280286150213,DISCOUNT,1.075,8753.51085000192,70718.43302209025,57016.73662406026
2022-07-18 18:50:00,8091.149166295003,4863,0.26384128045773897,0.9910633501376516,1.3157782276315784,18,0,0,0,0,0,1,8112.571370305348,0.26299740277961375,0.0,56787.999592137436,0.75,0.7189280286150213,DISCOUNT,1.075,8721.01422307825,71624.79938912655,57747.494507483294
2022-07-18 18:55:00,8069.875000109001,4906,0.2660157309906152,0.9910633501376516,1.3262483131012148,18,0,0,0,0,0,1,8059.63765319227,0.2658481454307245,0.0,56417.463572345885,0.75,0.7189280286150213,DISCOUNT,1.075,8664.11047718169,71723.67829450392,57827.2156249438
2022-07-18 19:00:00,8414.765000079002,4977,0.2703976150323336,0.9823858828137647,1.3521794871902832,19,0,0,0,0,0,1,8243.405354000986,0.26752268519617006,0.0,57703.837478006906,0.75,0.7189280286150213,DISCOUNT,1.075,8861.66075555106,74793.38544749595,60302.1670170436
2022-07-18 19:05:00,8891.041666865996,5038,0.2740688536159924,0.9823858828137647,1.3879892037773274,19,0,0,0,0,0,1,8644.968179151327,0.2716343154412763,0.0,60514.777254059285,0.75,0.7189280286150213,DISCOUNT,1.075,9293.340792587676,80514.05118205052,64914.45376552823
2022-07-18 19:10:00,8891.041666865996,5094,0.2762579625835458,0.9823858828137647,1.3879892037773274,19,0,0,0,0,0,1,8833.309121082986,0.27506082253265,0.0,61833.1638475809,0.75,0.7189280286150213,DISCOUNT,1.075,9495.80730516421,82268.14580959719,66328.69255898774
2022-07-18 19:15:00,9321.940277597992,5185,0.28236430206538365,0.9823858828137647,1.4267206477651824,19,0,0,0,0,0,1,9082.08751442287,0.2775111237111817,0.0,63574.61260096009,0.75,0.7189280286150213,DISCOUNT,1.075,9763.244078004585,86945.44230821042,70099.76286099464
2022-07-18 19:20:00,9521.624999964994,5223,0.2836193257652941,0.9823858828137647,1.4446693657408909,19,0,0,0,0,0,1,9351.728631481576,0.2841372005035892,0.0,65462.10042037103,0.75,0.7189280286150213,DISCOUNT,1.075,10053.108278842694,90653.07744592353,73089.04369077584
2022-07-18 19:25:00,9685.749999796995,5293,0.28634029982689957,0.9823858828137647,1.4714754835829964,19,0,0,0,0,0,1,9591.584495350682,0.28482640834526607,0.0,67141.09146745477,0.75,0.7189280286150213,DISCOUNT,1.075,10310.953332501982,94703.40191552891,76354.61779439518
2022-07-18 19:30:00,9765.375000110002,5335,0.28752809710802035,0.9823858828137647,1.4844804318461542,19,0,0,0,0,0,1,9789.866213550042,0.2873408847488631,0.0,68529.0634948503,0.75,0.7189280286150213,DISCOUNT,1.075,10524.106179566294,97515.44934450103,78621.83103400395
2022-07-18 19:35:00,9765.375000110002,5386,0.28986634370992026,0.9823858828137647,1.4844804318461542,19,0,0,0,0,0,1,9811.374529237039,0.2873891612676889,0.0,68679.62170465926,0.75,0.7189280286150213,DISCOUNT,1.075,10547.227618929815,97729.69058366709,78794.56303308158
2022-07-18 19:40:00,9953.043055470005,5457,0.2923369794530172,0.9823858828137647,1.5247638326477742,19,0,0,0,0,0,1,9830.263364591474,0.29079425773351875,0.0,68811.84355214032,0.75,0.7189280286150213,DISCOUNT,1.075,10567.533116935834,100574.97365613122,81088.5725102558
2022-07-18 19:45:00,10048.291666664005,5499,0.29405609863300114,0.9823858828137647,1.5452091768178142,19,0,0,0,0,0,1,9980.396090293527,0.2928472957768205,0.0,69862.7726320547,0.75,0.7189280286150213,DISCOUNT,1.075,10728.925797065542,103480.19736631434,83430.90912659095
2022-07-18 19:50:00,10048.291666664005,5545,0.2958884224730817,0.9823858828137647,1.5452091768178142,19,0,0,0,0,0,1,9989.195396950798,0.2945172664850958,0.0,69924.36777865558,0.75,0.7189280286150213,DISCOUNT,1.075,10738.385051722107,103571.43162007975,83504.4667436893
2022-07-18 19:55:00,9995.155333147002,5580,0.29870527925162904,0.9823858828137647,1.5663157894898785,19,0,0,0,0,0,1,9946.414340540217,0.29499906939776316,0.0,69624.90038378153,0.75,0.7189280286150213,DISCOUNT,1.075,10692.395416080733,104536.52639355628,84282.57440480476
2022-07-18 20:00:00,9970.149999975001,5606,0.2995823591667286,0.9823858828137647,1.5762483131093126,20,0,0,0,0,0,1,9932.362095378943,0.29943520136580914,0.0,69526.5346676526,0.75,0.7189280286150213,DISCOUNT,1.075,10677.289252532364,105050.80166009453,84697.20883845122
2022-07-18 20:05:00,9970.149999975001,5628,0.30018147984808513,0.9823858828137647,1.5762483131093126,20,0,0,0,0,0,0,9945.812315469522,0.30065673578407814,0.0,69620.68620828666,0.9509851036761172,0.9115864611041633,BASELINE,1.014704468897165,10092.060203319385,105193.05950263506,101508.02403151043
2022-07-18 20:10:00,10189.547083466003,5660,0.30063096060099737,0.9823858828137647,1.5936538461578955,20,0,0,0,0,0,0,10110.533113943702,0.30078765323992745,0.0,70773.73179760591,0.9511814798598912,0.9117747015610534,BASELINE,1.0146455560420327,10258.607493278792,108116.06815984294,104344.1214261908
2022-07-18 20:15:00,10298.191666763,5674,0.300755604721411,0.9823858828137647,1.6022267206518226,20,0,0,0,0,0,0,10221.815203349874,0.30113638242431356,0.0,71552.70642344911,0.9517045736364703,0.9122761239311559,BASELINE,1.0144886279090588,10369.91528038637,109894.05221190941,106101.98948190287
2022-07-18 20:20:00,10257.65138869,5702,0.30191933394625436,0.9823858828137647,1.6015452091740898,20,0,0,0,0,0,0,10277.749645820586,0.30122202642445606,0.0,71944.2475207441,0.9518330396366841,0.9123992676755261,BASELINE,1.0144500881089948,10426.264033764885,110448.40014758128,106647.55160473463
2022-07-18 20:25:00,10338.927222007002,5717,0.30193778426047196,0.9823858828137647,1.6162078272348186,20,0,0,0,0,0,0,10291.379388154997,0.302887673636441,0.0,72039.65571708498,0.9543315104546615,0.914794228608487,BASELINE,1.0137005468636016,10432.376913753518,111607.39887726292,107969.70906356045
2022-07-18 20:30:00,10320.018888879995,5739,0.3037082034626768,0.9823858828137647,1.62281039137247,20,0,0,0,0,0,0,10306.071665654752,0.3031319484390184,0.0,72142.50165958327,0.9546979226585276,0.9151454606130016,BASELINE,1.0135906232024416,10446.137602360026,112223.32456455084,108595.46570914633
2022-07-18 20:35:00,10285.566666685994,5753,0.3042388006761086,0.9823858828137647,1.622469635643725,20,0,0,0,0,0,0,10303.195800960048,0.30395430043316113,0.0,72122.37060672033,0.9559314506497417,0.916327884408955,BASELINE,1.0132205648050774,10439.409868746041,112168.45119152208,108642.92995656734
2022-07-18 20:40:00,10214.692777697004,5764,0.303923638807551,0.9823858828137647,1.6296322537327943,20,0,0,0,0,0,0,10278.302466117739,0.3044127567895186,0.0,71948.11726282418,0.9566191351842779,0.9169870786579192,BASELINE,1.0130142594447167,10412.066961063067,112391.43019614153,108915.03117769267
2022-07-18 20:45:00,10175.399999882999,5778,0.3042921017736239,0.9823858828137647,1.633603238842105,20,0,0,0,0,0,0,10229.948969333758,0.30421184526604395,0.0,71609.64278533631,0.956317767899066,0.9166981968069239,BASELINE,1.0131046696302801,10364.009070911501,112135.27316759725,108642.25899452971
2022-07-18 20:50:00,10175.399999882999,5780,0.3040566003741224,0.9823858828137647,1.633603238842105,20,0,0,0,0,0,0,10215.442469011154,0.30443051411185357,0.0,71508.09728307808,0.9566457711677804,0.9170126111313988,BASELINE,1.013006268649666,10348.307258138319,111976.26060739218,108514.86869948267
2022-07-18 20:55:00,9893.370972271996,5790,0.30318830026102483,0.9823858828137647,1.6379408457287448,20,0,0,0,0,0,0,10092.039820872045,0.304402862111816,0.0,70644.27874610432,0.956604293167724,0.9169728515356501,BASELINE,1.0130187120496827,10223.425181293911,110917.31829977976,107485.32007255818
2022-07-18 21:00:00,9759.774999947998,5787,0.3028183732306324,0.9654242631902832,1.6400134953117407,21,0,0,0,0,0,0,9847.074684655745,0.3028624890275861,0.0,68929.52279259021,0.9542937335413791,0.914758016766096,BASELINE,1.0137118799375862,9982.096590468189,108361.95853058591,104827.0716644401
2022-07-18 21:05:00,9759.774999947998,5794,0.3024824040761177,0.9654242631902832,1.6400134953117407,21,0,0,0,0,0,0,9683.007350929034,0.30305361936541336,0.0,67781.05145650324,0.95458042904812,0.9150328346800614,BASELINE,1.013625871285564,9814.946762749962,106556.48246963746,103102.71186181535
2022-07-18 21:10:00,9395.660277747,5801,0.30270121636161745,0.9654242631902832,1.6420276653319836,21,0,0,0,0,0,0,9496.509188840768,0.30248866549998865,0.0,66475.56432188538,0.9537329982499829,0.9142205123426049,BASELINE,1.013880100525005,9628.321691018513,104632.512748688,101176.59587353833
2022-07-18 21:15:00,9210.858333286005,5802,0.3026381616229991,0.9654242631902832,1.6430499325344121,21,0,0,0,0,0,0,9286.05325832012,0.3023304390898701,0.0,65002.37280824084,0.9534956586348051,0.9139930055404022,BASELINE,1.0139513024095586,9415.605795518211,102377.40669687315,98978.28892325475
2022-07-18 21:20:00,9177.829861299999,5810,0.30323314097801735,0.9654242631902832,1.646630679251011,21,0,0,0,0,0,0,9039.493455488695,0.3024726729295446,0.0,63276.45418842087,0.9537090093943169,0.9141975173283213,BASELINE,1.013887297181705,9165.027587477143,99876.31022895897,96575.74273244738
2022-07-18 21:25:00,9096.642500070999,5827,0.3038285831100133,0.9654242631902832,1.65281151597166,21,0,0,0,0,0,0,8983.17650118235,0.3025880296893408,0.0,62882.23550827645,0.9538820445340112,0.9143633837441366,BASELINE,1.0138353866397967,9107.462221329744,99626.63348120479,96346.86208458082
2022-07-18 21:30:00,9061.441666652003,5842,0.3040423445178346,0.9654242631902832,1.6551956814939268,21,0,0,0,0,0,0,8940.342456172757,0.30420797596510335,0.0,62582.3971932093,0.956311963947655,0.9166926333091292,BASELINE,1.0131064108157035,9057.518257236434,99294.61389602808,96201.16779041049
2022-07-18 21:35:00,9111.300833513,5862,0.3043313573071237,0.9654242631902832,1.6631072874453439,21,0,0,0,0,0,0,8947.30819221384,0.30488555102953385,0.0,62631.15734549689,0.9573283265443008,0.9176668887197486,BASELINE,1.0128015020367098,9061.847176259536,99846.96211212443,96809.97368541306
2022-07-18 21:40:00,9099.600277960002,5884,0.3057117100591875,0.9654242631902832,1.67339631128745,21,0,0,0,0,0,0,8950.056216487368,0.3049336702782775,0.0,62650.393515411575,0.9574005054174163,0.917736077273024,BASELINE,1.0127798483747752,9064.436577879791,100495.5341251084,97444.08156762102
2022-07-18 21:45:00,9127.658055507998,5909,0.3077014885514552,0.9654242631902832,1.680702878979757,21,0,0,0,0,0,0,8974.227404806317,0.30652162779064984,0.0,62819.59183364422,0.9597824416859748,0.9200193316008125,BASELINE,1.0120652674942077,9082.503858999155,101206.91958428832,98308.60375092382
2022-07-18 21:50:00,9120.044166818996,5937,0.30856682755546205,0.9654242631902832,1.685654520951417,21,0,0,0,0,0,0,8966.16427100528,0.3082457386580036,0.0,62763.14989703696,0.9623686079870054,0.9224983548547733,BASELINE,1.0112894176038985,9067.387043765813,101413.89275406027,98699.3662632127
2022-07-18 21:55:00,8984.587500106003,5959,0.3098097489909866,0.9654242631902832,1.6900269905910938,21,0,0,0,0,0,0,8974.630180480737,0.31026715373712876,0.0,62822.41126336516,0.9654007306056931,0.9254048587704694,BASELINE,1.0103797808182922,9067.784874679357,101772.95730895821,99271.5183216073
2022-07-18 22:00:00,8936.090000012002,5987,0.3105811092713961,0.9654242631902832,1.6972739541457489,22,0,0,0,0,0,0,8944.892208246732,0.31039230141890733,0.0,62614.24545772713,0.965588452128361,0.9255848031227631,BASELINE,1.0103234643614918,9037.234484175953,101870.6906136418,99380.63171601265
2022-07-18 22:05:00,8954.150000003,5984,0.31063873458049973,0.9654242631902832,1.7044534412753032,22,0,0,0,0,0,0,8907.84777789036,0.31129526253842216,0.0,62354.93444523252,0.9669428938076332,0.9268831312379007,BASELINE,1.00991713185771,8996.188078872108,101877.93225276943,99487.08070139092
2022-07-18 22:10:00,8908.35236099,6000,0.31132178631629287,0.9654242631902832,1.7066914080121458,22,0,0,0,0,0,0,8903.548921468117,0.3113136970824315,0.0,62324.84245027682,0.9669705456236473,0.9269096374586668,BASELINE,1.0099088363129058,8991.772730334893,101962.46910161294,99571.66316734489
2022-07-18 22:15:00,9009.897916808,5997,0.31125106823429677,0.9654242631902832,1.711855600518219,22,0,0,0,0,0,0,8895.692150172068,0.31193152295707866,0.0,62269.84505120448,0.967897284435618,0.9277979821348417,BASELINE,1.0096308146693147,8981.364912625653,102180.74512054055,99852.95777987386
2022-07-18 22:20:00,9073.233333414002,6002,0.3108785145399396,0.9654242631902832,1.7139001349595144,22,0,0,0,0,0,0,8921.851166133038,0.31184193834326007,0.0,62452.95816293126,0.9677629075148901,0.9276691723552281,BASELINE,1.009671127745533,9008.135528487343,102603.61899892986,100256.28071869552
2022-07-18 22:25:00,9014.022083439999,6010,0.31135851642660783,0.9654242631902832,1.715708502068826,22,0,0,0,0,0,0,8936.183558223998,0.31145914366462246,0.0,62553.284907567984,0.9671887154969336,0.9271187687078735,BASELINE,1.0098433853509199,9024.14585655415,102876.87810193085,100480.78577171048
2022-07-18 22:30:00,9062.431944373004,6028,0.3117414955999809,0.9654242631902832,1.721596941097167,22,0,0,0,0,0,0,8977.271391003005,0.3119302862759116,0.0,62840.899737021035,0.9678954294138673,0.9277962039653347,BASELINE,1.0096313711758398,9063.734823916002,103704.60200258954,101341.96119462239
2022-07-18 22:35:00,9100.066666774002,6044,0.3124753667751886,0.9654242631902832,1.7240215924331992,22,0,0,0,0,0,0,9015.76192240085,0.31223294223348874,0.0,63110.33345680595,0.9683494133502331,0.9282313796671938,BASELINE,1.00949517599493,9101.368168582434,104295.9220527789,101953.85923662384
2022-07-18 22:40:00,9055.538888991003,6086,0.31430375733843474,0.9654242631902832,1.7359424201619442,22,0,0,0,0,0,0,9029.114132965551,0.31319590623485305,0.0,63203.79893075886,0.9697938593522796,0.9296159832894499,BASELINE,1.009061842194316,9110.934540392953,105172.60982105101,102920.02057816077
2022-07-18 22:45:00,9033.673611103,6101,0.3155988963227304,0.9654242631902832,1.7421333783360335,22,0,0,0,0,0,0,9013.266658174123,0.31519983086526404,0.0,63092.866607218864,0.9727997462978961,0.9324973384575189,BASELINE,1.008160076110631,9086.815600110238,105362.43861835927,103332.93323537224
2022-07-18 22:50:00,9033.500833337004,6118,0.31618102886245864,0.9654242631902832,1.7475843454979771,22,0,0,0,0,0,0,8938.900007912296,0.316546173691066,0.0,62572.30005538608,0.9748192605365991,0.9344331856447066,BASELINE,1.0075542218390203,9006.426441568887,104820.06319736823,102952.51154011265
2022-07-18 22:55:00,9033.559722108996,6121,0.316272895669277,0.9654242631902832,1.7504779576963572,22,0,0,0,0,0,0,8943.799367963677,0.31692279486823627,0.0,62606.595575745734,0.9753841923023544,0.9349747126855819,BASELINE,1.0073847423092936,9009.847021562111,105051.1683857896,103221.92848610952
2022-07-18 23:00:00,9048.699166674998,6128,0.31644033589359427,0.9436887103562747,1.7527058029473688,23,0,0,0,0,0,0,8944.63726889044,0.3168530708820265,0.0,62612.46088223308,0.9752796063230398,0.934874459629676,BASELINE,1.007416118103088,9010.971755265813,105194.7219822722,103355.11824321626
2022-07-18 23:05:00,9068.899999975,6129,0.3160535807201001,0.9436887103562747,1.755398110639677,23,0,0,0,0,0,0,8968.739622631645,0.3175006778312872,0.0,62781.17735842151,0.9762510167469308,0.9358056252043747,BASELINE,1.0071246949759207,9032.63915676135,105640.20486635745,103866.13687413542
2022-07-18 23:10:00,9068.322499974998,6142,0.3159401865250892,0.9436887103562747,1.755398110639677,23,0,0,0,0,0,0,9029.310230954992,0.31725405572636517,0.0,63205.171616684944,0.9758810835895477,0.9354510181169656,BASELINE,1.0072356749231357,9094.643384566325,106353.64864345318,104539.4938290797
2022-07-18 23:15:00,9290.208888969995,6170,0.3178513865434086,0.9436887103562747,1.7695793971943328,23,0,0,0,0,0,0,9203.371764383463,0.3171468001284865,0.0,64423.60235068424,0.9757202001927298,0.935296800005884,BASELINE,1.0072839399421811,9270.408571580798,109279.62875611016,107403.00111279594
2022-07-18 23:20:00,9411.608333522,6186,0.3182050615695155,0.9436887103562747,1.7773279352145752,23,0,0,0,0,0,0,9279.355444879817,0.3186928375873006,0.0,64955.48811415872,0.9780392563809509,0.9375197793307445,BASELINE,1.0065882230857146,9340.489908642325,110664.30729635594,108947.10679605253
2022-07-18 23:25:00,9412.792500165997,6210,0.31908549877521203,0.9436887103562747,1.7780128205020245,23,0,0,0,0,0,0,9439.128697384398,0.3191379809596324,0.0,66073.90088169079,0.9787069714394486,0.9381598314249875,BASELINE,1.0063879085681655,9499.424988466437,112613.11920862374,110919.2897519097
2022-07-18 23:30:00,9681.901666951002,6243,0.3201971129596931,0.9436887103562747,1.7946288799230767,23,0,0,0,0,0,0,9525.050605552287,0.31987099091691656,0.0,66675.35423886601,0.9798064863753748,0.9392137942320785,BASELINE,1.0060580540873876,9582.753877305828,114700.18973303415,113064.81817821652
2022-07-18 23:35:00,9808.275000040001,6261,0.3207434650229812,0.9436887103562747,1.8022941970485837,23,0,0,0,0,0,0,9727.71357583675,0.3208116475262635,0.0,68093.99503085724,0.9812174712893953,0.9405663230356015,BASELINE,1.0056347586131813,9782.526893694756,117640.98477407868,116081.81761679592
2022-07-18 23:40:00,9909.990277823,6290,0.3222342208418934,0.9436887103562747,1.8092757534979766,23,0,0,0,0,0,0,9845.354133518602,0.32155813621764745,0.0,68917.47893463021,0.9823372043264712,0.9416396663221617,BASELINE,1.0052988387020587,9897.523077036763,119524.87483321904,118035.88781518428
2022-07-18 23:45:00,9965.566666785002,6312,0.32321599297499587,0.9436887103562747,1.8130904183481786,23,0,0,0,0,0,0,9962.028679971852,0.322796995091331,0.0,69734.20075980297,0.9841954926369965,0.9434209670577406,BASELINE,1.004741352208901,10009.262166658773,121196.3226850645,119846.42714866098
2022-07-18 23:50:00,9965.566666785002,6301,0.3226327694744971,0.9436887103562747,1.8130904183481786,23,0,0,0,0,0,0,10030.030391565586,0.3238882456828433,0.0,70210.2127409591,0.9858323685242649,0.9449900283307024,BASELINE,1.0042502894427205,10072.660923849024,122023.61977948266,120806.12196651398
2022-07-18 23:55:00,9965.566666785002,6375,0.326051352288866,0.9436887103562747,1.8130904183481786,23,0,0,0,0,0,0,10036.291598202197,0.3232874931774137,0.0,70254.04118741538,0.9849312397661205,0.9441262327018743,BASELINE,1.004520628070164,10081.66193972138,122099.79253950031,120803.55032095713
